player_id,player,pos,team,g,pts,tgt,car,att,rec_td,rush_td,pass_td,tgt_share,early_ppg,tgt_g,car_g,att_g,touch_g,td_g,prev_ppg,prev_g,has_prev,luck,pred_gap,pred_ros,n,own,owner
00-0023459,Aaron Rodgers,QB,PIT,2,20.52,0,4,79,0,0,1,0.0,10.26,0.0,2.0,39.5,2.0,0.5,17.554666666666666,15.0,1,-11.758178246934767,8.389221113460545,18.649221113460545,aaronrodgers,free agent,
00-0026498,Matthew Stafford,QB,LA,2,41.08,0,6,56,0,0,4,0.0,20.54,0.0,3.0,28.0,3.0,2.0,26.17,16.0,1,2.7905633169135697,0.37099325565451924,20.910993255654517,matthewstafford,another team,CMC Music Factory
00-0029604,Kirk Cousins,QB,LV,2,49.019999999999996,0,9,59,0,0,6,0.0,24.509999999999998,0.0,4.5,29.5,4.5,3.0,13.037777777777778,9.0,1,4.763921859152767,-6.059359541607922,18.450640458392076,kirkcousins,free agent,
00-0030279,Keenan Allen,WR,IND,2,10.7,11,0,0,0,0,0,0.1867816091954023,5.35,5.5,0.0,0.0,5.5,0.0,10.75625,16.0,1,-4.257865888918515,3.6867310768056383,9.036731076805637,keenanallen,free agent,
00-0030506,Travis Kelce,TE,KC,2,35.2,16,0,0,1,0,0,0.22790697674418606,17.6,8.0,0.0,0.0,8.0,0.5,11.8125,16.0,1,3.9326312640450354,-4.620300868352029,12.979699131647973,traviskelce,another team,Paul's Perfect Team
00-0030565,Geno Smith,QB,NYJ,2,26.880000000000003,0,11,65,0,0,1,0.0,13.440000000000001,0.0,5.5,32.5,5.5,0.5,15.326666666666666,15.0,1,-8.533146185064655,4.997060389369504,18.437060389369506,genosmith,free agent,
00-0031381,Davante Adams,WR,LA,2,45.1,16,0,0,2,0,0,0.2777777777777778,22.55,8.0,0.0,0.0,8.0,1.0,15.921428571428573,14.0,1,8.639133773009938,-7.667786555150965,14.882213444849036,davanteadams,another team,Paul's Perfect Team
00-0031408,Mike Evans,WR,SF,2,25.299999999999997,10,0,0,1,0,0,0.17436974789915966,12.649999999999999,5.0,0.0,0.0,5.0,0.5,11.342857142857143,7.0,1,3.9027341786957948,-2.617011172812303,10.032988827187696,mikeevans,another team,CMC Music Factory
00-0031588,Stefon Diggs,WR,WAS,2,37.2,15,0,0,3,0,0,0.2434077079107505,18.6,7.5,0.0,0.0,7.5,1.5,12.6875,16.0,1,5.549733840624249,-5.559270793539174,13.040729206460828,stefondiggs,another team,Paul's Perfect Team
00-0031610,Darren Waller,TE,CAR,2,23.1,5,0,0,2,0,0,0.07628676470588236,11.55,2.5,0.0,0.0,2.5,1.0,9.855555555555556,9.0,1,7.278553931054865,-3.735597017266734,7.814402982733267,darrenwaller,free agent,
00-0032104,Ameer Abdullah,RB,JAX,2,6.5,2,7,0,0,0,0,0.041666666666666664,3.25,1.0,3.5,0.0,4.5,0.0,2.6999999999999997,12.0,1,-0.1847942667451088,0.8386224882426161,4.088622488242616,ameerabdullah,free agent,
00-0032398,Chris Moore,WR,BAL,2,7.9,5,0,0,0,0,0,0.09339080459770115,3.95,2.5,0.0,0.0,2.5,0.0,3.8600000000000003,10.0,1,-0.4942654832326543,0.8229258607889562,4.772925860788956,chrismoore,free agent,
00-0032464,Kalif Raymond,WR,CHI,2,25.4,14,0,0,0,0,0,0.2564102564102564,12.7,7.0,0.0,0.0,7.0,0.0,3.7571428571428567,14.0,1,0.5103339082385556,-3.7901472770227542,8.909852722977245,kalifraymond,free agent,
00-0032764,Derrick Henry,RB,BAL,2,53.0,4,40,0,0,4,0,0.07255747126436782,26.5,2.0,20.0,0.0,22.0,2.0,16.86875,16.0,1,11.046083891488632,-8.998974560157263,17.501025439842735,derrickhenry,another team,This is the year!
00-0032775,Demarcus Robinson,WR,SF,2,19.4,6,0,0,1,0,0,0.11554621848739496,9.7,3.0,0.0,0.0,3.0,0.5,4.061538461538461,13.0,1,4.395134449153035,-3.666766856126345,6.033233143873654,demarcusrobinson,free agent,
00-0032950,Carson Wentz,QB,MIN,2,31.54,0,8,39,0,0,3,0.0,15.77,0.0,4.0,19.5,4.0,1.5,0.0,5.0,0,0.9453442721965803,-2.47719525841494,13.292804741585059,carsonwentz,free agent,
00-0032951,Laquon Treadwell,WR,IND,2,9.100000000000001,4,0,0,0,0,0,0.06724137931034482,4.550000000000001,2.0,0.0,0.0,2.0,0.0,0.0,6.0,1,0.9663345843816562,-1.1316160255130363,3.4183839744869644,laquontreadwell,free agent,
00-0033077,Dak Prescott,QB,DAL,2,57.16,0,6,65,0,0,6,0.0,28.58,0.0,3.0,32.5,3.0,3.0,24.005,16.0,1,8.814622404065574,-6.116594465091598,22.4634055349084,dakprescott,another team,CMC Music Factory
00-0033090,Hunter Henry,TE,NE,2,12.6,8,0,0,0,0,0,0.16743471582181257,6.3,4.0,0.0,0.0,4.0,0.0,10.512500000000001,16.0,1,-0.5339704326750896,1.6183698241268876,7.918369824126888,hunterhenry,another team,Flex Luther
00-0033106,Jared Goff,QB,DET,2,58.22,0,5,77,0,0,6,0.0,29.11,0.0,2.5,38.5,2.5,3.0,22.48875,16.0,1,7.098254904760957,-5.9743185939051635,23.135681406094836,jaredgoff,another team,I Dowdle win
00-0033119,Jacoby Brissett,QB,ARI,2,27.979999999999997,0,7,65,0,0,2,0.0,13.989999999999998,0.0,3.5,32.5,3.5,1.0,20.293846153846154,13.0,1,-6.2169313137604725,5.234750108689244,19.224750108689243,jacobybrissett,free agent,
00-0033280,Christian McCaffrey,RB,SF,2,36.400000000000006,12,20,0,0,2,0,0.21288515406162464,18.200000000000003,6.0,10.0,0.0,16.0,1.0,25.306250000000002,16.0,1,3.001733843693513,-0.23592035780288256,17.96407964219712,christianmccaffrey,another team,CMC Music Factory
00-0033288,George Kittle,TE,SF,2,21.2,9,0,0,1,0,0,0.16876750700280113,10.6,4.5,0.0,0.0,4.5,0.5,15.36,10.0,1,2.9118547794149254,-0.12785430762111183,10.472145692378888,georgekittle,MY TEAM,me
00-0033293,Aaron Jones,RB,MIN,2,20.5,1,35,0,0,1,0,0.021739130434782608,10.25,0.5,17.5,0.0,18.0,0.5,9.975,12.0,1,-1.3251024952535015,1.028582402939263,11.278582402939263,aaronjones,free agent,
00-0033307,Kendrick Bourne,WR,ARI,2,18.6,11,0,0,0,0,0,0.16580041580041582,9.3,5.5,0.0,0.0,5.5,0.0,7.084615384615385,13.0,1,-0.3078658889185135,-0.6556635308785417,8.644336469121459,kendrickbourne,free agent,
00-0033526,Samaje Perine,RB,CIN,2,11.2,4,7,0,0,0,0,0.06024667931688805,5.6,2.0,3.5,0.0,5.5,0.0,5.121428571428572,14.0,1,0.6392452831722313,0.21729087390956447,5.817290873909564,samajeperine,free agent,
00-0033537,Deshaun Watson,QB,CLE,2,40.72,0,13,52,0,0,3,0.0,20.36,0.0,6.5,26.0,6.5,1.5,0.0,,0,0.4156610311747997,-3.956278179838783,16.403721820161216,deshaunwatson,free agent,
00-0033555,Mack Hollins,WR,NE,2,12.900000000000002,7,0,0,0,0,0,0.12826420890937018,6.450000000000001,3.5,0.0,0.0,3.5,0.0,8.1,14.0,1,0.2845343815387267,0.6407660449937183,7.090766044993719,mackhollins,free agent,
00-0033576,Eric Saubert,TE,SEA,2,0.0,1,0,0,0,0,0,0.019230769230769232,0.0,0.5,0.0,0.0,0.5,0.0,0.7625,8.0,1,-0.8547469173051971,1.9030644082491226,1.9030644082491226,ericsaubert,free agent,
00-0033662,Cooper Rush,QB,ATL,2,12.159999999999998,0,2,39,0,0,1,0.0,6.079999999999999,0.0,1.0,19.5,1.0,0.5,0.0,4.0,0,-6.095333420847143,4.451952836880723,10.531952836880723,cooperrush,free agent,
00-0033873,Patrick Mahomes,QB,KC,2,61.64,0,9,74,0,1,5,0.0,30.82,0.0,4.5,37.0,4.5,3.0,24.334285714285716,14.0,1,7.714020337739441,-6.344966410045883,24.475033589954116,patrickmahomes,another team,Ugh...Yeah...What...Football!
00-0033881,Evan Engram,TE,DEN,2,17.0,6,0,0,1,0,0,0.10983397190293742,8.5,3.0,0.0,0.0,3.0,0.5,6.3533333333333335,15.0,1,3.37437914314488,-2.0106964481448664,6.489303551855134,evanengram,free agent,
00-0033885,David Njoku,TE,LAC,2,12.700000000000001,8,0,0,0,0,0,0.15028490028490027,6.3500000000000005,4.0,0.0,0.0,4.0,0.0,7.845454545454545,11.0,1,-0.4839704326750889,0.8469332388584205,7.196933238858421,davidnjoku,free agent,
00-0033908,Cooper Kupp,WR,SEA,2,9.5,5,0,0,0,0,0,0.10096153846153846,4.75,2.5,0.0,0.0,2.5,0.0,7.5600000000000005,15.0,1,0.30573451676734553,1.2430202561610688,5.993020256161069,cooperkupp,free agent,
00-0033921,Chris Godwin Jr.,WR,TB,2,17.1,7,2,0,0,0,0,0.11952861952861953,8.55,3.5,1.0,0.0,4.5,0.0,10.15,8.0,1,1.5687862704657842,-0.07821564725468244,8.471784352745319,chrisgodwinjr,another team,I Dowdle win
00-0034348,Courtland Sutton,WR,DEN,2,8.6,9,0,0,0,0,0,0.1615581098339719,4.3,4.5,0.0,0.0,4.5,0.0,13.637500000000001,16.0,1,-3.5866657536898936,4.777752233823051,9.077752233823052,courtlandsutton,another team,Ugh...Yeah...What...Football!
00-0034351,Dallas Goedert,TE,PHI,2,25.099999999999998,7,0,0,2,0,0,0.14304812834224598,12.549999999999999,3.5,0.0,0.0,3.5,1.0,12.34,15.0,1,6.570204355234894,-3.35863552886018,9.191364471139819,dallasgoedert,another team,Empty Nesters
00-0034383,Dalton Schultz,TE,HOU,2,33.5,22,0,0,0,0,0,0.24810810810810813,16.75,11.0,0.0,0.0,11.0,0.0,10.4,16.0,1,-2.042417463414875,-2.0531068885269157,14.696893111473084,daltonschultz,another team,Empty Nesters
00-0034419,Braxton Berrios,WR,NYG,2,0.0,0,0,0,0,0,0,0.0,0.0,0.0,0.0,0.0,0.0,0.0,0.0,4.0,0,-0.141265145161105,3.9468129116654094,3.9468129116654094,braxtonberrios,free agent,
00-0034753,Mark Andrews,TE,BAL,2,19.8,13,0,0,0,0,0,0.2456896551724138,9.9,6.5,0.0,0.0,6.5,0.0,7.9750000000000005,16.0,1,-1.2048443722250113,-0.5944919252171275,9.305508074782873,markandrews,another team,3AM  No Limit
00-0034796,Lamar Jackson,QB,BAL,2,45.760000000000005,0,11,56,0,1,2,0.0,22.880000000000003,0.0,5.5,28.0,5.5,1.5,19.953333333333333,12.0,1,2.922794727783341,-2.477003916729651,20.402996083270352,lamarjackson,another team,Maple Maulers
00-0034798,Durham Smythe,TE,BAL,2,1.4,2,0,0,0,0,0,0.03807471264367816,0.7,1.0,0.0,0.0,1.0,0.0,1.0833333333333333,6.0,1,-1.0089217052151818,1.7145951040083292,2.4145951040083293,durhamsmythe,free agent,
00-0034827,DJ Moore,WR,BUF,2,20.9,8,1,0,1,0,0,0.14285714285714285,10.45,4.0,0.5,0.0,4.5,0.5,10.6925,16.0,1,3.0160602583879443,-1.4175162028564712,9.032483797143527,djmoore,another team,Von Kaiser
00-0034844,Saquon Barkley,RB,PHI,2,12.0,4,19,0,0,0,0,0.0748663101604278,6.0,2.0,9.5,0.0,11.5,0.0,14.58125,16.0,1,-2.776449768349078,4.462547253645562,10.462547253645562,saquonbarkley,another team,Empty Nesters
00-0034854,KhaDarel Hodge,WR,SF,2,2.8,1,0,0,0,0,0,0.023809523809523808,1.4,0.5,0.0,0.0,0.5,0.0,0.7625,8.0,1,0.39813478722458506,0.7702792686976707,2.1702792686976706,khadarelhodge,free agent,
00-0034855,Baker Mayfield,QB,TB,2,29.82,0,9,62,0,1,1,0.0,14.91,0.0,4.5,31.0,4.5,1.0,20.10625,16.0,1,-5.5080584451298975,4.497996998587766,19.407996998587766,bakermayfield,free agent,
00-0034857,Josh Allen,QB,BUF,2,86.47999999999999,0,20,60,0,4,5,0.0,43.239999999999995,0.0,10.0,30.0,10.0,4.5,26.72625,16.0,1,18.412837528305367,-15.283709027135714,27.95629097286428,joshallen,another team,Ugh...Yeah...What...Football!
00-0034960,Jakobi Meyers,WR,JAX,2,16.0,3,1,0,1,0,0,0.06547619047619047,8.0,1.5,0.5,0.0,2.0,0.5,11.16,15.0,1,4.869060596459494,-0.8252612604867178,7.174738739513282,jakobimeyers,another team,3AM  No Limit
00-0034975,Justice Hill,RB,BAL,2,7.6,3,8,0,0,0,0,0.05531609195402298,3.8,1.5,4.0,0.0,5.5,0.0,6.5200000000000005,10.0,1,-0.7157490794132144,1.977039449423549,5.777039449423549,justicehill,another team,Maple Maulers
00-0034981,Foster Moreau,TE,HOU,2,8.9,4,0,0,0,0,0,0.04702702702702703,4.45,2.0,0.0,0.0,2.0,0.0,1.842857142857143,7.0,1,1.032728718964849,-0.45977485664820605,3.990225143351794,fostermoreau,free agent,
00-0035208,Olamide Zaccheaus,WR,ATL,2,2.8,4,0,0,0,0,0,0.07470288624787776,1.4,2.0,0.0,0.0,2.0,0.0,6.057142857142858,14.0,1,-2.1836654156183446,3.335059603110282,4.735059603110281,olamidezaccheaus,free agent,
00-0035229,T.J. Hockenson,TE,MIN,2,19.5,9,0,0,1,0,0,0.21395881006864986,9.75,4.5,0.0,0.0,4.5,0.5,7.52,15.0,1,2.061854779414926,-2.037854906255758,7.712145093744242,tjhockenson,another team,I Dowdle win
00-0035249,Josh Oliver,TE,MIN,2,7.6000000000000005,5,0,0,0,0,0,0.11327231121281464,3.8000000000000003,2.5,0.0,0.0,2.5,0.0,4.554545454545455,11.0,1,-0.47144606894513563,0.9806770320154161,4.780677032015417,josholiver,free agent,
00-0035250,Devin Singletary,RB,NYG,2,14.700000000000001,5,9,0,1,0,0,0.08459051724137931,7.3500000000000005,2.5,4.5,0.0,7.0,0.5,6.1375,16.0,1,0.9903158828773515,-0.4190504460113669,6.930949553988634,devinsingletary,another team,Von Kaiser
00-0035261,Tony Pollard,RB,TEN,2,11.9,3,21,0,0,0,0,0.06512605042016806,5.95,1.5,10.5,0.0,12.0,0.0,11.20625,16.0,1,-2.6994187185613,3.4602183792603145,9.410218379260314,tonypollard,another team,Ugh...Yeah...What...Football!
00-0035500,Greg Dortch,WR,BUF,2,0.0,0,0,0,0,0,0,0.0,0.0,0.0,0.0,0.0,0.0,0.0,6.258333333333334,12.0,1,-0.141265145161105,3.349066945909355,3.349066945909355,gregdortch,free agent,
00-0035544,Tom Kennedy,WR,DET,2,0.0,0,0,0,0,0,0,0.0,0.0,0.0,0.0,0.0,0.0,0.0,0.0,5.0,0,-0.141265145161105,3.9468129116654094,3.9468129116654094,tomkennedy,free agent,
00-0035640,DK Metcalf,WR,PIT,2,14.7,19,0,0,0,0,0,0.2567567567567568,7.35,9.5,0.0,0.0,9.5,0.0,12.479999999999999,15.0,1,-9.14266642983299,5.382523125946763,12.732523125946763,dkmetcalf,another team,CMC Music Factory
00-0035644,Noah Fant,TE,NO,2,13.3,8,0,0,1,0,0,0.07692307692307693,6.65,4.0,0.0,0.0,4.0,0.5,6.441666666666666,12.0,1,-0.18397043267508906,0.5345555887660205,7.18455558876602,noahfant,free agent,
00-0035659,Terry McLaurin,WR,WAS,2,10.4,13,0,0,0,0,0,0.2013184584178499,5.2,6.5,0.0,0.0,6.5,0.0,11.61111111111111,9.0,1,-6.129066024147133,4.802398267313737,10.002398267313737,terrymclaurin,another team,I Dowdle win
00-0035685,David Montgomery,RB,HOU,2,33.3,5,26,0,1,2,0,0.06054054054054055,16.65,2.5,13.0,0.0,15.5,1.5,10.213750000000001,16.0,1,4.884747893222162,-4.383296772365036,12.266703227634963,davidmontgomery,another team,Flex Luther
00-0035689,Dawson Knox,TE,BUF,2,10.2,3,0,0,1,0,0,0.05357142857142857,5.1,1.5,0.0,0.0,1.5,0.5,6.22,15.0,1,2.5369035068748333,-0.09870766786663898,5.00129233213336,dawsonknox,free agent,
00-0035704,Drew Lock,QB,SEA,2,42.18,0,2,48,0,0,4,0.0,21.09,0.0,1.0,24.0,1.0,2.0,0.0,3.0,0,6.898725666304861,-7.240765573801724,13.849234426198276,drewlock,free agent,
00-0035710,Daniel Jones,QB,IND,2,26.44,0,4,62,0,0,2,0.0,13.22,0.0,2.0,31.0,2.0,1.0,21.18769230769231,13.0,1,-4.990289855999668,5.2281947143087875,18.448194714308787,danieljones,another team,Flex Luther
00-0035719,Deebo Samuel Sr.,WR,SF,2,24.5,11,2,0,1,0,0,0.19817927170868346,12.25,5.5,1.0,0.0,6.5,0.5,12.273333333333333,15.0,1,1.8263860000085437,-1.337267584107436,10.912732415892563,deebosamuelsr,another team,CMC Music Factory
00-0035891,Cody White,WR,LV,2,16.4,3,0,0,2,0,0,0.05172413793103448,8.2,1.5,0.0,0.0,1.5,1.0,2.25,8.0,1,5.476934651995965,-3.8384108075672483,4.361589192432751,codywhite,free agent,
00-0036040,Juwan Johnson,TE,NO,2,25.0,11,0,0,1,0,0,0.1298076923076923,12.5,5.5,0.0,0.0,5.5,0.5,10.8625,16.0,1,3.103505203594956,-2.111462427744761,10.388537572255238,juwanjohnson,another team,Ugh...Yeah...What...Football!
00-0036139,Rico Dowdle,RB,PIT,2,10.5,7,15,0,0,0,0,0.0945945945945946,5.25,3.5,7.5,0.0,11.0,0.0,13.33125,16.0,1,-4.543492092965963,5.08957611258776,10.33957611258776,ricodowdle,another team,I Dowdle win
00-0036158,J.K. Dobbins,RB,DEN,2,7.2,0,18,0,0,0,0,0.0,3.6,0.0,9.0,0.0,9.0,0.0,11.59,10.0,1,-1.8065542805569828,4.3784725663742865,7.978472566374286,jkdobbins,another team,Paul's Perfect Team
00-0036223,Jonathan Taylor,RB,IND,2,55.300000000000004,8,43,0,0,4,0,0.135632183908046,27.650000000000002,4.0,21.5,0.0,25.5,2.0,22.337500000000002,16.0,1,8.190239228442987,-6.75179531097201,20.89820468902799,jonathantaylor,another team,Empty Nesters
00-0036244,Colby Parkinson,TE,LA,2,5.1,4,0,0,0,0,0,0.07037037037037036,2.55,2.0,0.0,0.0,2.0,0.0,8.553846153846154,13.0,1,-0.8672712810351513,3.0746447046647667,5.6246447046647665,colbyparkinson,free agent,
00-0036264,Jordan Love,QB,GB,2,43.28,0,1,71,0,0,4,0.0,21.64,0.0,0.5,35.5,0.5,2.0,19.276,15.0,1,2.738430384630476,-2.115718883484832,19.52428111651517,jordanlove,another team,This is the year!
00-0036265,AJ Dillon,RB,CAR,2,2.5,0,8,0,0,0,0,0.0,1.25,0.0,4.0,0.0,4.0,0.0,0.0,5.0,0,-0.9768084042892253,3.8551528256963037,5.105152825696304,ajdillon,free agent,
00-0036275,D'Andre Swift,RB,CHI,2,46.3,6,34,0,0,3,0,0.10256410256410256,23.15,3.0,17.0,0.0,20.0,1.5,14.986666666666668,15.0,1,8.077970967166625,-7.077022975959068,16.07297702404093,dandreswift,another team,I Dowdle win
00-0036290,Cole Kmet,TE,CHI,2,11.5,4,0,0,1,0,0,0.07435897435897436,5.75,2.0,0.0,0.0,2.0,0.5,4.873333333333334,15.0,1,2.332728718964849,-0.7648899027908982,4.985110097209102,colekmet,free agent,
00-0036309,Darnell Mooney,WR,NYG,2,11.5,5,0,0,0,0,0,0.08135775862068965,5.75,2.5,0.0,0.0,2.5,0.0,5.521428571428571,14.0,1,1.3057345167673455,-0.12353875112115453,5.6264612488788455,darnellmooney,free agent,
00-0036322,Justin Jefferson,WR,MIN,2,39.7,15,0,0,2,0,0,0.35354691075514877,19.85,7.5,0.0,0.0,7.5,1.0,11.44375,16.0,1,6.799733840624249,-7.546680439821536,12.303319560178466,justinjefferson,another team,Von Kaiser
00-0036331,Devin Duvernay,WR,ARI,2,0.0,0,0,0,0,0,0,0.0,0.0,0.0,0.0,0.0,0.0,0.0,0.28750000000000003,16.0,1,-0.141265145161105,1.522858757965651,1.522858757965651,devinduvernay,free agent,
00-0036355,Justin Herbert,QB,LAC,2,28.139999999999997,0,8,54,0,0,2,0.0,14.069999999999999,0.0,4.0,27.0,4.0,1.0,22.1175,16.0,1,-4.114557249216746,4.777735574405338,18.847735574405338,justinherbert,another team,Flex Luther
00-0036358,CeeDee Lamb,WR,DAL,2,50.699999999999996,17,1,0,3,0,0,0.278494623655914,25.349999999999998,8.5,0.5,0.0,9.0,1.5,16.625,12.0,1,10.170659649859154,-9.223761116582901,16.126238883417095,ceedeelamb,another team,Ugh...Yeah...What...Football!
00-0036389,Jalen Hurts,QB,PHI,2,52.88000000000001,0,12,62,0,0,5,0.0,26.440000000000005,0.0,6.0,31.0,6.0,2.5,22.44125,16.0,1,4.697280401391971,-3.8798010383825687,22.560198961617438,jalenhurts,another team,Von Kaiser
00-0036407,Jerry Jeudy,WR,CLE,2,4.6,5,0,0,0,0,0,0.10757575757575757,2.3,2.5,0.0,0.0,2.5,0.0,7.34375,16.0,1,-2.1442654832326546,3.2059600861818502,5.50596008618185,jerryjeudy,another team,Maple Maulers
00-0036410,Tee Higgins,WR,CIN,2,23.4,16,0,0,0,0,0,0.2495256166982922,11.7,8.0,0.0,0.0,8.0,0.0,13.778571428571428,14.0,1,-2.2108662269900634,0.952581806277137,12.652581806277137,teehiggins,another team,3AM  No Limit
00-0036425,DeeJay Dallas,RB,MIN,2,4.1,2,2,0,0,0,0,0.04805491990846682,2.05,1.0,1.0,0.0,2.0,0.0,0.0,4.0,0,0.20507867138876978,2.7683948960848603,4.81839489608486,deejaydallas,free agent,
00-0036442,Joe Burrow,QB,CIN,2,37.34,0,6,66,0,0,3,0.0,18.67,0.0,3.0,33.0,3.0,1.5,20.759999999999998,7.0,1,-1.3193710306953115,1.3378232246060966,20.0078232246061,joeburrow,MY TEAM,me
00-0036463,Chris Blair,WR,ATL,2,1.6,3,0,0,0,0,0,0.04838709677419355,0.8,1.5,0.0,0.0,1.5,0.0,0.0,1.0,0,-1.9230653480040345,4.231389526745329,5.031389526745329,chrisblair,free agent,
00-0036550,Rashod Bateman,WR,BAL,2,21.8,10,0,0,1,0,0,0.1760057471264368,10.9,5.0,0.0,0.0,5.0,0.5,4.261538461538462,13.0,1,2.1527341786957965,-3.3179669684498547,7.582033031550146,rashodbateman,free agent,
00-0036555,Chuba Hubbard,RB,CAR,2,38.1,5,22,0,2,1,0,0.07536764705882354,19.05,2.5,11.0,0.0,13.5,1.5,8.764285714285714,14.0,1,8.556646243729267,-7.509037934711076,11.540962065288925,chubahubbard,another team,CMC Music Factory
00-0036590,Quintin Morris,TE,JAX,2,1.7000000000000002,2,0,0,0,0,0,0.041666666666666664,0.8500000000000001,1.0,0.0,0.0,1.0,0.0,1.0,10.0,1,-0.8589217052151816,1.5447457522309285,2.3947457522309286,quintinmorris,free agent,
00-0036613,Jaylen Waddle,WR,DEN,2,23.0,13,0,0,0,0,0,0.22796934865900384,11.5,6.5,0.0,0.0,6.5,0.0,12.1325,16.0,1,0.17093397585286674,-0.4756744070451635,11.024325592954836,jaylenwaddle,another team,This is the year!
00-0036626,Dyami Brown,WR,WAS,2,5.1,8,0,1,0,0,0,0.12271805273833672,2.55,4.0,0.0,0.5,4.0,0.0,4.890000000000001,10.0,1,-3.463383433330277,2.8969726510926392,5.446972651092639,dyamibrown,free agent,
00-0036637,Noah Gray,TE,KC,2,1.5,2,0,0,0,0,0,0.03162790697674418,0.75,1.0,0.0,0.0,1.0,0.0,2.5230769230769234,13.0,1,-0.9589217052151817,2.1453298083215833,2.8953298083215833,noahgray,free agent,
00-0036754,Brock Wright,TE,DET,2,1.5,1,0,0,0,0,0,0.01282051282051282,0.75,0.5,0.0,0.0,0.5,0.0,4.6000000000000005,8.0,1,-0.10474691730519714,2.477724364761305,3.227724364761305,brockwright,free agent,
00-0036825,Feleipe Franks,TE,CAR,2,0.0,0,0,0,0,0,0,0.0,0.0,0.0,0.0,0.0,0.0,0.0,0.044444444444444446,9.0,1,-0.0005721293952125617,1.3827337590609754,1.3827337590609754,feleipefranks,free agent,
00-0036875,Rhamondre Stevenson,RB,NE,2,19.1,8,24,0,0,0,0,0.1443932411674347,9.55,4.0,12.0,0.0,16.0,0.0,11.26923076923077,13.0,1,-3.8682436066482744,2.2649936165598645,11.814993616559866,rhamondrestevenson,another team,Maple Maulers
00-0036887,Luke Farrell,TE,SF,2,3.9000000000000004,2,0,0,0,0,0,0.029411764705882353,1.9500000000000002,1.0,0.0,0.0,1.0,0.0,2.3461538461538463,13.0,1,0.24107829478481846,1.092226331610748,3.042226331610748,lukefarrell,free agent,
00-0036894,Pat Freiermuth,TE,PIT,2,23.0,10,1,0,1,0,0,0.13513513513513514,11.5,5.0,0.5,0.0,5.5,0.5,7.535714285714286,14.0,1,2.52155753424527,-2.5094883954969225,8.990511604503077,patfreiermuth,free agent,
00-0036900,Ja'Marr Chase,WR,CIN,2,29.7,13,0,0,2,0,0,0.20398481973434535,14.85,6.5,0.0,0.0,6.5,1.0,19.4,15.0,1,3.5209339758528664,-0.9520778230761788,13.89792217692382,jamarrchase,MY TEAM,me
00-0036912,DeVonta Smith,WR,PHI,2,36.0,19,0,0,1,0,0,0.32754010695187163,18.0,9.5,0.0,0.0,9.5,0.5,12.1,16.0,1,1.5073335701670096,-4.0553396188783015,13.944660381121698,devontasmith,another team,Maple Maulers
00-0036919,Kenny Gainwell,RB,TB,2,7.3,5,7,0,0,0,0,0.07912457912457913,3.65,2.5,3.5,0.0,6.0,0.0,12.55625,16.0,1,-2.073734941869098,4.392612280110702,8.042612280110703,kennygainwell,another team,3AM  No Limit
00-0036963,Amon-Ra St. Brown,WR,DET,2,63.900000000000006,27,0,0,4,0,0,0.35053981106612686,31.950000000000003,13.5,0.0,0.0,13.5,2.0,18.69375,16.0,1,8.572533029252533,-10.692866187357474,21.25713381264253,amonrastbrown,another team,Paul's Perfect Team
00-0036970,Kyle Pitts,TE,ATL,2,2.5,4,0,0,0,0,0,0.07470288624787776,1.25,2.0,0.0,0.0,2.0,0.0,12.4375,16.0,1,-2.167271281035151,5.334989150380126,6.584989150380126,kylepitts,free agent,
00-0036971,Trevor Lawrence,QB,JAX,2,41.25999999999999,0,4,52,0,0,4,0.0,20.629999999999995,0.0,2.0,26.0,2.0,2.0,23.8675,16.0,1,4.65964449160921,-1.2372182613211127,19.392781738678885,trevorlawrence,another team,Empty Nesters
00-0036973,Travis Etienne,RB,NO,2,21.9,11,17,0,0,0,0,0.11778846153846154,10.95,5.5,8.5,0.0,14.0,0.0,15.568750000000001,16.0,1,-2.5313621683848346,2.5723168869933617,13.52231688699336,travisetienne,free agent,
00-0036988,Josh Palmer,WR,BUF,2,21.700000000000003,5,0,0,2,0,0,0.08928571428571427,10.850000000000001,2.5,0.0,0.0,2.5,1.0,4.654545454545455,11.0,1,6.405734516767347,-4.7217624462628365,6.128237553737165,joshpalmer,free agent,
00-0036997,Javonte Williams,RB,DAL,2,32.2,9,24,0,1,1,0,0.14784946236559138,16.1,4.5,12.0,0.0,16.5,1.0,15.3,16.0,1,1.9187761683103979,-1.6784050551098328,14.421594944890169,javontewilliams,another team,I Dowdle win
00-0037004,Hunter Long,TE,ARI,2,0.0,0,0,0,0,0,0,0.0,0.0,0.0,0.0,0.0,0.0,0.0,4.642857142857143,7.0,1,-0.0005721293952125617,2.7891804730404157,2.7891804730404157,hunterlong,free agent,
00-0037005,Tommy Tremble,TE,CAR,2,6.9,7,0,0,0,0,0,0.10477941176470588,3.45,3.5,0.0,0.0,3.5,0.0,3.65,14.0,1,-2.5297956447651044,1.8365698989846795,5.28656989898468,tommytremble,free agent,
00-0037091,Bo Melton,WR,GB,2,2.0,2,0,0,0,0,0,0.029741379310344828,1.0,1.0,0.0,0.0,1.0,0.0,2.016666666666667,12.0,1,-0.8624652803897246,1.8612894068017094,2.8612894068017094,bomelton,free agent,
00-0037093,Dareke Young,WR,LV,2,3.7,1,0,0,0,0,0,0.017241379310344827,1.85,0.5,0.0,0.0,0.5,0.0,0.85,8.0,1,0.8481347872245852,0.4513171901908821,2.301317190190882,darekeyoung,free agent,
00-0037132,Britain Covey,WR,PHI,2,0.0,0,0,0,0,0,0,0.0,0.0,0.0,0.0,0.0,0.0,0.0,0.0,5.0,0,-0.141265145161105,3.9468129116654094,3.9468129116654094,britaincovey,free agent,
00-0037228,Jaylen Warren,RB,PIT,2,21.0,10,21,0,0,0,0,0.13513513513513514,10.5,5.0,10.5,0.0,15.5,0.0,13.48,15.0,1,-3.4902802938506063,2.4573906921893354,12.957390692189335,jaylenwarren,another team,CMC Music Factory
00-0037238,Drake London,WR,ATL,2,14.4,9,2,0,0,0,0,0.1859083191850594,7.2,4.5,1.0,0.0,5.5,0.0,16.827272727272728,11.0,1,-1.5024138647628353,3.567290319386873,10.767290319386873,drakelondon,another team,Flex Luther
00-0037239,Chris Olave,WR,NO,2,50.8,23,0,0,1,0,0,0.28125,25.4,11.5,0.0,0.0,11.5,0.5,16.8125,16.0,1,5.46493329970977,-7.007807683941607,18.39219231605839,chrisolave,another team,Flex Luther
00-0037240,Jameson Williams,WR,DET,2,13.8,13,0,0,0,0,0,0.1680161943319838,6.9,6.5,0.0,0.0,6.5,0.0,12.90625,16.0,1,-4.429066024147133,3.9352124791769594,10.83521247917696,jamesonwilliams,another team,Von Kaiser
00-0037247,George Pickens,WR,DAL,2,15.8,14,0,0,0,0,0,0.22903225806451613,7.9,7.0,0.0,0.0,7.0,0.0,18.125,16.0,1,-4.289666091761443,4.782844039436952,12.682844039436953,georgepickens,another team,Empty Nesters
00-0037248,James Cook,RB,BUF,2,30.799999999999997,7,34,0,0,1,0,0.125,15.399999999999999,3.5,17.0,0.0,20.5,0.5,18.981250000000003,16.0,1,-0.4350092578747038,0.9105707771257627,16.31057077712576,jamescook,free agent,
00-0037252,Greg Dulcich,TE,MIA,2,7.5,5,0,0,0,0,0,0.10225442834138486,3.75,2.5,0.0,0.0,2.5,0.0,7.2125,8.0,1,-0.5214460689451359,1.891210912090476,5.641210912090476,gregdulcich,free agent,
00-0037256,Rachaad White,RB,WAS,2,19.0,8,14,0,0,0,0,0.12271805273833672,9.5,4.0,7.0,0.0,11.0,0.0,8.55625,16.0,1,-0.7384977303805158,0.1179143899537598,9.61791438995376,rachaadwhite,another team,Ugh...Yeah...What...Football!
00-0037261,Khalil Shakir,WR,BUF,2,15.8,12,0,0,0,0,0,0.21428571428571427,7.9,6.0,0.0,0.0,6.0,0.0,10.4625,16.0,1,-2.5684659565328225,1.7123530010858365,9.612353001085836,khalilshakir,another team,Flex Luther
00-0037263,Tyler Allgeier,RB,ARI,2,12.900000000000002,4,22,0,0,0,0,0.06548856548856549,6.450000000000001,2.0,11.0,0.0,13.0,0.0,7.5062500000000005,16.0,1,-3.2803735312294027,2.4076215647448045,8.857621564744806,tylerallgeier,another team,I Dowdle win
00-0037291,Jalen Nailor,WR,LV,2,7.6,8,0,0,0,0,0,0.13793103448275862,3.8,4.0,0.0,0.0,4.0,0.0,5.8,16.0,1,-3.226065686075584,2.5199417103935104,6.31994171039351,jalennailor,free agent,
00-0037292,Andrew Ogletree,TE,IND,2,0.0,2,0,0,0,0,0,0.0339080459770115,0.0,1.0,0.0,0.0,1.0,0.0,1.1545454545454545,11.0,1,-1.7089217052151817,2.3466187670927554,2.3466187670927554,andrewogletree,free agent,
00-0037524,Tay Martin,WR,DET,2,0.0,0,0,0,0,0,0,0.0,0.0,0.0,0.0,0.0,0.0,0.0,0.0,2.0,0,-0.141265145161105,3.9468129116654094,3.9468129116654094,taymartin,free agent,
00-0037545,Rashid Shaheed,WR,SEA,2,8.3,9,1,0,0,0,0,0.1778846153846154,4.15,4.5,0.5,0.0,5.0,0.0,8.494117647058824,17.0,1,-4.144539809226364,3.43755000180531,7.58755000180531,rashidshaheed,another team,CMC Music Factory
00-0037664,Alec Pierce,WR,IND,2,12.200000000000001,7,0,0,0,0,0,0.12011494252873563,6.1000000000000005,3.5,0.0,0.0,3.5,0.0,11.007142857142856,14.0,1,-0.06546561846127386,1.8656047421419029,7.965604742141903,alecpierce,MY TEAM,me
00-0037740,Garrett Wilson,WR,NYJ,2,30.6,14,0,0,1,0,0,0.24939613526570048,15.3,7.0,0.0,0.0,7.0,0.5,14.214285714285714,7.0,1,3.110333908238557,-2.7451154902807087,12.554884509719292,garrettwilson,another team,I Dowdle win
00-0037741,Jahan Dotson,WR,ATL,2,6.0,7,0,0,0,0,0,0.1434634974533107,3.0,3.5,0.0,0.0,3.5,0.0,3.085714285714286,14.0,1,-3.1654656184612744,1.9347557052982591,4.934755705298259,jahandotson,free agent,
00-0037744,Trey McBride,TE,ARI,2,42.6,23,0,0,2,0,0,0.367983367983368,21.3,11.5,0.0,0.0,11.5,1.0,18.900000000000002,16.0,1,1.6534077486751428,-3.4897310437768505,17.81026895622315,treymcbride,another team,Von Kaiser
00-0037746,Brian Robinson,RB,ATL,2,11.8,2,20,0,0,0,0,0.03225806451612903,5.9,1.0,10.0,0.0,11.0,0.0,3.8500000000000005,16.0,1,-1.6684639058931925,0.9161270413330449,6.816127041333045,brianrobinson,free agent,
00-0037801,KaVontae Turpin,WR,DAL,2,1.9000000000000001,1,1,0,0,0,0,0.016666666666666666,0.9500000000000001,0.5,0.5,0.0,1.0,0.0,6.057142857142858,14.0,1,-0.45973926831188605,2.9933484726389312,3.9433484726389314,kavontaeturpin,free agent,
00-0037805,Jeremy Ruckert,TE,NYJ,2,3.9,3,0,0,0,0,0,0.049516908212560384,1.95,1.5,0.0,0.0,1.5,0.0,3.3500000000000005,14.0,1,-0.6130964931251663,1.6955632813084556,3.6455632813084557,jeremyruckert,free agent,
00-0037816,Romeo Doubs,WR,NE,2,12.600000000000001,7,0,0,0,0,0,0.1436251920122888,6.300000000000001,3.5,0.0,0.0,3.5,0.0,10.3375,16.0,1,0.13453438153872632,1.3740136764069195,7.67401367640692,romeodoubs,another team,Gridiron of Grayskull
00-0037834,Brock Purdy,QB,SF,2,60.580000000000005,0,8,56,0,1,5,0.0,30.290000000000003,0.0,4.0,28.0,4.0,3.0,27.9,8.0,1,11.65745588126148,-6.898092872675001,23.391907127325002,brockpurdy,another team,Paul's Perfect Team
00-0037838,Isaiah Likely,TE,NYG,2,36.1,18,0,0,2,0,0,0.2941810344827586,18.05,9.0,0.0,0.0,9.0,1.0,5.2272727272727275,11.0,1,2.674281688225065,-6.551900857629679,11.498099142370322,isaiahlikely,another team,Empty Nesters
00-0037840,Kyren Williams,RB,LA,2,32.2,5,23,0,1,1,0,0.08888888888888888,16.1,2.5,11.5,0.0,14.0,1.0,15.887500000000001,16.0,1,5.288671656102492,-2.7683237013251594,13.331676298674843,kyrenwilliams,another team,Von Kaiser
00-0038041,Jake Ferguson,TE,DAL,2,22.900000000000002,6,0,0,2,0,0,0.09784946236559139,11.450000000000001,3.0,0.0,0.0,3.0,1.0,11.7875,16.0,1,6.324379143144881,-2.7715588450916053,8.678441154908395,jakeferguson,another team,3AM  No Limit
00-0038046,Charlie Kolar,TE,LAC,2,5.1,3,0,0,0,0,0,0.057692307692307696,2.55,1.5,0.0,0.0,1.5,0.0,2.784615384615385,13.0,1,-0.013096493125166475,0.9763824339249503,3.52638243392495,charliekolar,free agent,
00-0038090,Skyy Moore,WR,GB,2,2.6,4,0,0,0,0,0,0.06422413793103449,1.3,2.0,0.0,0.0,2.0,0.0,0.925,16.0,1,-2.2836654156183442,1.9023287512490756,3.202328751249076,skyymoore,free agent,
00-0038102,Kenny Pickett,QB,CAR,2,2.0000000000000004,0,2,1,0,0,0,0.0,1.0000000000000002,0.0,1.0,0.5,1.0,0.0,0.0,5.0,0,-2.6635828999333864,4.748340993164646,5.748340993164646,kennypickett,free agent,
00-0038104,Tyquan Thornton,WR,KC,2,12.6,5,0,0,0,0,0,0.06651162790697675,6.3,2.5,0.0,0.0,2.5,0.0,6.733333333333333,12.0,1,1.8557345167673454,-0.14108027569659143,6.158919724303408,tyquanthornton,free agent,
00-0038115,Daniel Bellinger,TE,TEN,2,1.7000000000000002,2,0,0,0,0,0,0.04726890756302521,0.8500000000000001,1.0,0.0,0.0,1.0,0.0,3.983333333333334,12.0,1,-0.8589217052151816,2.4289947387603372,3.2789947387603373,danielbellinger,free agent,
00-0038117,Wan'Dale Robinson,WR,TEN,2,10.700000000000001,7,0,0,0,0,0,0.13655462184873948,5.3500000000000005,3.5,0.0,0.0,3.5,0.0,13.61875,16.0,1,-0.8154656184612739,3.212918156866269,8.56291815686627,wandalerobinson,another team,I Dowdle win
00-0038120,Breece Hall,RB,NYJ,2,34.00000000000001,7,38,0,0,1,0,0.11292270531400966,17.000000000000004,3.5,19.0,0.0,22.5,0.5,13.22875,16.0,1,-0.10690760838180324,-1.5474713767538484,15.452528623246156,breecehall,another team,Maple Maulers
00-0038124,Christian Watson,WR,GB,2,46.800000000000004,19,0,0,3,0,0,0.2896551724137931,23.400000000000002,9.5,0.0,0.0,9.5,1.5,13.24,10.0,1,6.907333570167012,-8.061531917945054,15.338468082054948,christianwatson,another team,Empty Nesters
00-0038128,Malik Willis,QB,MIA,2,32.18,0,8,50,0,1,1,0.0,16.09,0.0,4.0,25.0,4.0,1.0,0.0,4.0,0,-1.19858351017319,-1.594485316126419,14.49551468387358,malikwillis,free agent,
00-0038129,Cade Otton,TE,TB,2,14.4,11,0,0,0,0,0,0.1835016835016835,7.2,5.5,0.0,0.0,5.5,0.0,7.128571428571429,14.0,1,-2.1964947964050436,0.9375562800772759,8.137556280077277,cadeotton,free agent,
00-0038134,Kenneth Walker III,RB,KC,2,57.900000000000006,16,47,0,1,1,0,0.23627906976744184,28.950000000000003,8.0,23.5,0.0,31.5,1.0,10.9125,16.0,1,2.114499077605249,-8.42058064596748,20.529419354032523,kennethwalkeriii,another team,Ugh...Yeah...What...Football!
00-0038359,Xavier Smith,WR,LA,2,0.0,1,0,0,0,0,0,0.016666666666666666,0.0,0.5,0.0,0.0,0.5,0.0,3.1133333333333337,15.0,1,-1.0018652127754148,2.7037828664019745,2.7037828664019745,xaviersmith,free agent,
00-0038393,Dontayvion Wicks,WR,PHI,2,27.700000000000003,10,0,0,1,0,0,0.17914438502673796,13.850000000000001,5.0,0.0,0.0,5.0,0.5,5.8307692307692305,13.0,1,5.102734178695798,-5.337112394997334,8.512887605002668,dontayvionwicks,another team,This is the year!
00-0038454,Keaton Mitchell,RB,LAC,2,5.800000000000001,1,9,0,0,0,0,0.019230769230769232,2.9000000000000004,0.5,4.5,0.0,5.0,0.0,4.6000000000000005,12.0,1,-0.4077632169573304,1.7661627323326141,4.666162732332614,keatonmitchell,another team,Flex Luther
00-0038519,Nikko Remigio,WR,KC,2,0.0,0,0,0,0,0,0,0.0,0.0,0.0,0.0,0.0,0.0,0.0,0.3,14.0,1,-0.141265145161105,1.52668194328584,1.52668194328584,nikkoremigio,free agent,
00-0038542,Bijan Robinson,RB,ATL,2,42.4,14,37,0,1,0,0,0.32767402376910015,21.2,7.0,18.5,0.0,25.5,0.5,22.90625,16.0,1,-0.9297945960443386,-0.8671067356674893,20.33289326433251,bijanrobinson,another team,Flex Luther
00-0038543,Jaxon Smith-Njigba,WR,SEA,2,68.7,22,0,0,4,0,0,0.4407051282051282,34.35,11.0,0.0,0.0,11.0,2.0,21.65625,16.0,1,15.27553336732408,-14.26411917916726,20.08588082083274,jaxonsmithnjigba,another team,Ugh...Yeah...What...Football!
00-0038544,Quentin Johnston,WR,LAC,2,6.1000000000000005,11,1,0,0,0,0,0.20726495726495725,3.0500000000000003,5.5,0.5,0.0,6.0,0.0,13.246153846153845,13.0,1,-6.965739944454985,6.470126457725225,9.520126457725226,quentinjohnston,free agent,
00-0038555,Tank Bigsby,RB,PHI,2,12.100000000000001,2,14,0,0,1,0,0.029411764705882353,6.050000000000001,1.0,7.0,0.0,8.0,0.5,2.585714285714286,14.0,1,0.38938361986746095,-0.46363329737183445,5.586366702628166,tankbigsby,MY TEAM,me
00-0038558,Darnell Washington,TE,PIT,2,5.5,4,0,0,0,0,0,0.05405405405405406,2.75,2.0,0.0,0.0,2.0,0.0,5.723076923076923,13.0,1,-0.6672712810351511,2.1226650152124114,4.872665015212411,darnellwashington,free agent,
00-0038559,Michael Wilson,WR,ARI,2,14.400000000000002,14,0,0,0,0,0,0.2292099792099792,7.200000000000001,7.0,0.0,0.0,7.0,0.0,12.48125,16.0,1,-4.989666091761443,3.64503672597159,10.84503672597159,michaelwilson,another team,I Dowdle win
00-0038563,Tre Tucker,WR,LV,2,27.599999999999998,11,0,0,1,0,0,0.1896551724137931,13.799999999999999,5.5,0.0,0.0,5.5,0.5,9.76875,16.0,1,4.192134111081485,-3.742936381307498,10.057063618692501,tretucker,another team,3AM  No Limit
00-0038573,Derius Davis,WR,LAC,2,0.0,2,0,0,0,0,0,0.03774928774928775,0.0,1.0,0.0,0.0,1.0,0.0,0.08,10.0,1,-1.8624652803897246,2.0704098685795636,2.0704098685795636,deriusdavis,free agent,
00-0038597,Chase Brown,RB,CIN,2,30.0,11,36,0,0,1,0,0.16888045540796964,15.0,5.5,18.0,0.0,23.5,0.5,16.475,16.0,1,-4.522879333293574,1.9731618407635345,16.973161840763535,chasebrown,another team,Ugh...Yeah...What...Football!
00-0038606,Parker Washington,WR,JAX,2,36.1,18,0,0,1,0,0,0.3571428571428571,18.05,9.0,0.0,0.0,9.0,0.5,10.2,15.0,1,2.417933637781319,-5.228237133472671,12.82176286652733,parkerwashington,another team,This is the year!
00-0038608,Kayshon Boutte,WR,HOU,2,9.8,7,0,0,0,0,0,0.07702702702702703,4.9,3.5,0.0,0.0,3.5,0.0,9.207692307692309,13.0,1,-1.265465618461274,2.5424166768486067,7.442416676848607,kayshonboutte,free agent,
00-0038611,Chris Rodriguez Jr.,RB,JAX,2,3.6000000000000005,0,12,0,0,0,0,0.0,1.8000000000000003,0.0,6.0,0.0,6.0,0.0,6.972727272727273,11.0,1,-1.6987067547963282,3.6003473683518314,5.400347368351832,chrisrodriguezjr,free agent,
00-0038618,Xavier Hutchinson,WR,HOU,2,12.9,15,0,0,0,0,0,0.17108108108108108,6.45,7.5,0.0,0.0,7.5,0.0,5.64,15.0,1,-6.600266159375752,2.8773200343980916,9.327320034398092,xavierhutchinson,free agent,
00-0038619,Andrei Iosivas,WR,CIN,2,4.9,4,0,0,0,0,0,0.06024667931688805,2.45,2.0,0.0,0.0,2.0,0.0,6.207142857142857,14.0,1,-1.1336654156183443,2.5698682185146433,5.0198682185146435,andreiiosivas,free agent,
00-0038621,DeMario Douglas,WR,NE,2,8.9,9,0,0,0,0,0,0.16052227342549924,4.45,4.5,0.0,0.0,4.5,0.0,6.0600000000000005,15.0,1,-3.4366657536898932,2.3390855464299776,6.789085546429978,demariodouglas,free agent,
00-0038685,Chris Brooks,RB,GB,2,6.5,3,11,0,0,0,0,0.04698275862068965,3.25,1.5,5.5,0.0,7.0,0.0,1.6625,16.0,1,-2.2196728422935417,1.4368805607742718,4.686880560774272,chrisbrooks,MY TEAM,me
00-0038705,Emari Demercado,RB,DAL,2,1.5,0,5,0,0,0,0,0.0,0.75,0.0,2.5,0.0,2.5,0.0,4.781818181818182,11.0,1,-0.5228846414088981,2.7861348224733495,3.5361348224733495,emaridemercado,free agent,
00-0038710,Blake Whiteheart,TE,CLE,2,11.1,3,0,0,1,0,0,0.05606060606060606,5.55,1.5,0.0,0.0,1.5,0.5,0.3,8.0,1,2.9869035068748335,-2.300713408439485,3.249286591560515,blakewhiteheart,free agent,
00-0038728,Jared Wayne,WR,HOU,2,7.500000000000001,8,0,0,0,0,0,0.08351351351351352,3.7500000000000004,4.0,0.0,0.0,4.0,0.0,0.0,1.0,0,-3.2760656860755835,3.5740562972276426,7.324056297227643,jaredwayne,free agent,
00-0038738,Hunter Luepke,RB,DAL,2,0.8,0,2,0,0,0,0,0.0,0.4,0.0,1.0,0.0,1.0,0.0,2.646153846153846,13.0,1,0.08103912147142917,1.986989678729269,2.386989678729269,hunterluepke,free agent,
00-0038783,Nate Adkins,TE,DEN,2,12.8,3,1,0,1,0,0,0.05172413793103448,6.4,1.5,0.5,0.0,2.0,0.5,2.8000000000000003,6.0,1,3.400781049615162,-2.027658915580183,4.372341084419817,nateadkins,free agent,
00-0038797,Emanuel Wilson,RB,SEA,2,9.500000000000002,1,23,0,0,0,0,0.019230769230769232,4.750000000000001,0.5,11.5,0.0,12.0,0.0,5.54375,16.0,1,-3.00940744373219,2.55348665906142,7.303486659061421,emanuelwilson,free agent,
00-0038840,Brycen Tremayne,WR,CAR,2,0.0,0,0,0,0,0,0,0.0,0.0,0.0,0.0,0.0,0.0,0.0,1.8071428571428572,14.0,1,-0.141265145161105,1.9876488590343653,1.9876488590343653,brycentremayne,free agent,
00-0038896,Jacob Saylors,RB,DET,2,0.0,0,0,0,0,0,0,0.0,0.0,0.0,0.0,0.0,0.0,0.0,0.1,11.0,1,0.3169882967249807,1.2512406903831028,1.2512406903831028,jacobsaylors,free agent,
00-0038933,Dalton Kincaid,TE,BUF,2,40.5,14,0,0,1,0,0,0.25,20.25,7.0,0.0,0.0,7.0,0.5,10.754545454545456,11.0,1,8.290980839865004,-8.081063180652421,12.168936819347579,daltonkincaid,another team,I Dowdle win
00-0038935,Brenton Strange,TE,JAX,2,14.0,5,0,0,1,0,0,0.10714285714285714,7.0,2.5,0.0,0.0,2.5,0.5,9.163636363636364,11.0,1,2.728553931054864,-0.27247865688073514,6.727521343119265,brentonstrange,free agent,
00-0038994,Jordan Addison,WR,MIN,2,4.1,7,0,0,0,0,0,0.17505720823798626,2.05,3.5,0.0,0.0,3.5,0.0,10.253846153846155,13.0,1,-4.115465618461275,4.767733764285153,6.817733764285153,jordanaddison,another team,Paul's Perfect Team
00-0038996,Tucker Kraft,TE,GB,2,13.0,9,0,0,0,0,0,0.1267241379310345,6.5,4.5,0.0,0.0,4.5,0.0,14.649999999999999,8.0,1,-1.1881452205850742,3.3181135806408877,9.818113580640887,tuckerkraft,another team,Maple Maulers
00-0038997,Josh Downs,WR,IND,2,19.9,13,0,0,0,0,0,0.2189655172413793,9.95,6.5,0.0,0.0,6.5,0.0,8.520000000000001,15.0,1,-1.379066024147134,-0.23044240300373353,9.719557596996266,joshdowns,another team,Gridiron of Grayskull
00-0039032,Tyjae Spears,RB,TEN,2,13.4,6,10,0,0,0,0,0.13025210084033612,6.7,3.0,5.0,0.0,8.0,0.0,8.5,12.0,1,-0.7406389297907543,1.1224943454258787,7.822494345425879,tyjaespears,another team,Flex Luther
00-0039040,De'Von Achane,RB,MIA,2,22.9,11,31,0,0,0,0,0.22302737520128824,11.45,5.5,15.5,0.0,21.0,0.0,20.175,16.0,1,-6.483006395159695,5.0861788804941135,16.536178880494113,devonachane,another team,This is the year!
00-0039065,Sam LaPorta,TE,DET,2,27.0,15,0,0,1,0,0,0.19466936572199728,13.5,7.5,0.0,0.0,7.5,0.5,11.877777777777778,9.0,1,0.6868060519550188,-1.3791375207975527,12.120862479202447,samlaporta,another team,Ugh...Yeah...What...Football!
00-0039066,Michael Mayer,TE,LV,2,14.5,11,0,0,0,0,0,0.1896551724137931,7.25,5.5,0.0,0.0,5.5,0.0,5.508333333333333,12.0,1,-2.146494796405044,0.3689144348491462,7.618914434849146,michaelmayer,another team,CMC Music Factory
00-0039067,Rashee Rice,WR,KC,2,22.200000000000003,8,0,0,1,0,0,0.10976744186046511,11.100000000000001,4.0,0.0,0.0,4.0,0.5,18.7625,8.0,1,4.0739343139244175,0.481343488326079,11.58134348832608,rasheerice,MY TEAM,me
00-0039074,Davis Allen,TE,LA,2,4.0,2,0,0,0,0,0,0.03518518518518518,2.0,1.0,0.0,0.0,1.0,0.0,4.485714285714286,14.0,1,0.2910782947848183,1.675451377108235,3.675451377108235,davisallen,free agent,
00-0039139,Jahmyr Gibbs,RB,DET,2,57.900000000000006,13,45,0,1,2,0,0.16936572199730093,28.950000000000003,6.5,22.5,0.0,29.0,1.5,21.725,16.0,1,5.039388927982792,-6.135000520743482,22.81499947925652,jahmyrgibbs,another team,3AM  No Limit
00-0039146,Jayden Reed,WR,GB,2,6.4,8,0,0,0,0,0,0.10474137931034483,3.2,4.0,0.0,0.0,4.0,0.0,0.0,5.0,0,-3.8260656860755837,3.930120599663827,7.130120599663828,jaydenreed,another team,Flex Luther
00-0039150,Bryce Young,QB,CAR,2,68.52,0,3,73,0,1,6,0.0,34.26,0.0,1.5,36.5,1.5,3.5,17.166666666666668,15.0,1,14.027336079456603,-12.765563487225549,21.49443651277445,bryceyoung,another team,Von Kaiser
00-0039163,C.J. Stroud,QB,HOU,2,39.480000000000004,0,5,93,0,0,2,0.0,19.740000000000002,0.0,2.5,46.5,2.5,1.0,18.09846153846154,13.0,1,-5.855640051413253,2.246261967045185,21.986261967045188,cjstroud,another team,Paul's Perfect Team
00-0039299,George Holani,RB,SEA,2,5.4,2,12,0,0,0,0,0.04006410256410256,2.7,1.0,6.0,0.0,7.0,0.0,1.58,10.0,1,-2.3246672048789874,1.7014070939756563,4.401407093975656,georgeholani,free agent,
00-0039337,Malik Nabers,WR,NYG,2,14.0,13,0,0,0,0,0,0.21767241379310345,7.0,6.5,0.0,0.0,6.5,0.0,0.0,4.0,0,-4.329066024147133,2.1653683618515793,9.165368361851579,maliknabers,another team,Maple Maulers
00-0039342,Xavier Legette,WR,CAR,2,8.4,6,0,0,0,0,0,0.09191176470588236,4.2,3.0,0.0,0.0,3.0,0.0,6.007142857142858,14.0,1,-1.1048655508469638,1.6772186861971696,5.877218686197169,xavierlegette,free agent,
00-0039344,Jonathon Brooks,RB,CAR,2,9.3,3,9,0,0,0,0,0.04503676470588235,4.65,1.5,4.5,0.0,6.0,0.0,0.0,,0,-0.18372366703999,1.9778607821997596,6.62786078219976,jonathonbrooks,another team,Maple Maulers
00-0039361,Bucky Irving,RB,TB,2,34.3,11,25,0,0,1,0,0.19023569023569023,17.15,5.5,12.5,0.0,18.0,0.5,14.300000000000002,9.0,1,1.1248411306009594,-2.2249173115959433,14.925082688404055,buckyirving,MY TEAM,me
00-0039364,Sione Vaki,RB,DET,2,5.800000000000001,2,3,0,0,0,0,0.025978407557354925,2.9000000000000004,1.0,1.5,0.0,2.5,0.0,0.05714285714285715,7.0,1,0.7371040837619947,-0.18348651639668212,2.7165134836033182,sionevaki,free agent,
00-0039365,Jacob Cowing,WR,SF,2,0.0,0,0,0,0,0,0,0.0,0.0,0.0,0.0,0.0,0.0,0.0,0.0,,0,-0.141265145161105,3.9468129116654094,3.9468129116654094,jacobcowing,free agent,
00-0039384,Tyrone Tracy Jr.,RB,NYG,2,0.40000000000000013,0,2,0,0,0,0,0.0,0.20000000000000007,0.0,1.0,0.0,1.0,0.0,9.492857142857144,14.0,1,-0.11896087852857079,4.24944578492086,4.44944578492086,tyronetracyjr,free agent,
00-0039407,Dylan Laube,RB,LV,2,0.0,0,0,0,0,0,0,0.0,0.0,0.0,0.0,0.0,0.0,0.0,0.35625,16.0,1,0.3169882967249807,1.3296159894469812,1.3296159894469812,dylanlaube,free agent,
00-0039410,Ryan Flournoy,WR,DAL,2,11.5,10,0,0,0,0,0,0.16344086021505377,5.75,5.0,0.0,0.0,5.0,0.0,7.3,14.0,1,-2.997265821304204,2.009889926659023,7.759889926659023,ryanflournoy,free agent,
00-0039424,Devaughn Vele,WR,NO,2,31.299999999999997,16,0,0,1,0,0,0.19591346153846154,15.649999999999999,8.0,0.0,0.0,8.0,0.5,7.366666666666666,9.0,1,1.7391337730099359,-4.063578858555951,11.586421141444047,devaughnvele,another team,Von Kaiser
00-0039451,Isaiah Williams,WR,NYJ,2,12.5,7,1,0,0,0,0,0.10507246376811594,6.25,3.5,0.5,0.0,4.0,0.0,2.8785714285714286,14.0,1,-0.32333967399774544,-0.48216792873030645,5.7678320712696936,isaiahwilliams,free agent,
00-0039491,Jalen Coker,WR,CAR,2,48.4,18,0,0,2,0,0,0.27297794117647056,24.2,9.0,0.0,0.0,9.0,1.0,7.470000000000001,10.0,1,8.567933637781318,-10.816325849502576,13.383674150497423,jalencoker,another team,Empty Nesters
00-0039530,Brevyn Spann-Ford,TE,DAL,2,3.4000000000000004,2,0,0,0,0,0,0.03333333333333333,1.7000000000000002,1.0,0.0,0.0,1.0,0.0,1.2666666666666666,15.0,1,-0.008921705215181541,0.9527560108273554,2.6527560108273556,brevynspannford,free agent,
00-0039589,Kameron Johnson,WR,TB,2,0.0,0,0,0,0,0,0,0.0,0.0,0.0,0.0,0.0,0.0,0.0,1.10625,16.0,1,-0.141265145161105,1.773277396438043,1.773277396438043,kameronjohnson,free agent,
00-0039686,Colson Yankoff,TE,WAS,2,2.4000000000000004,1,0,0,0,0,0,0.014705882352941176,1.2000000000000002,0.5,0.0,0.0,0.5,0.0,0.38,10.0,1,0.34525308269480304,0.7987131461689128,1.998713146168913,colsonyankoff,free agent,
00-0039732,Bo Nix,QB,DEN,2,26.560000000000002,0,8,59,0,0,2,0.0,13.280000000000001,0.0,4.0,29.5,4.0,1.0,22.33125,16.0,1,-6.024524423021184,6.031804155223925,19.311804155223925,bonix,another team,Ugh...Yeah...What...Football!
00-0039738,Blake Corum,RB,LA,2,15.600000000000001,1,22,0,0,0,0,0.016666666666666666,7.800000000000001,0.5,11.0,0.0,11.5,0.0,7.143750000000001,16.0,1,0.358567143894585,0.3414401971980374,8.141440197198039,blakecorum,another team,Gridiron of Grayskull
00-0039739,Roman Wilson,WR,PIT,2,13.4,12,0,0,0,0,0,0.16216216216216217,6.7,6.0,0.0,0.0,6.0,0.0,4.4,9.0,1,-3.7684659565328227,1.1308022597334748,7.830802259733475,romanwilson,free agent,
00-0039746,Will Shipley,RB,PHI,2,7.1000000000000005,3,9,0,0,0,0,0.05213903743315508,3.5500000000000003,1.5,4.5,0.0,6.0,0.0,1.1692307692307693,13.0,1,-1.28372366703999,0.7137885719407331,4.263788571940733,willshipley,free agent,
00-0039793,AJ Barner,TE,SEA,2,11.2,3,1,0,0,1,0,0.060897435897435896,5.6,1.5,0.5,0.0,2.0,0.5,8.99375,16.0,1,2.6007810496151613,0.4939599077037031,6.093959907703702,ajbarner,another team,Maple Maulers
00-0039794,Braelon Allen,RB,NYJ,2,12.5,2,15,0,0,1,0,0.035628019323671496,6.25,1.0,7.5,0.0,8.5,0.5,0.0,4.0,0,0.271409032240685,1.2045880669068634,7.454588066906863,braelonallen,free agent,
00-0039796,Rasheen Ali,RB,BAL,2,0.0,0,0,0,0,0,0,0.0,0.0,0.0,0.0,0.0,0.0,0.0,1.7285714285714284,14.0,1,0.3169882967249807,1.7493471206706088,1.7493471206706088,rasheenali,free agent,
00-0039811,MarShawn Lloyd,RB,GB,2,13.3,3,19,0,1,0,0,0.04698275862068965,6.65,1.5,9.5,0.0,11.0,0.5,0.0,,0,-1.3634695433077475,1.753036750160644,8.403036750160645,marshawnlloyd,another team,CMC Music Factory
00-0039847,Theo Johnson,TE,NYG,2,1.9,5,0,0,0,0,0,0.07974137931034483,0.95,2.5,0.0,0.0,2.5,0.0,8.52,15.0,1,-3.3214460689451357,4.761536090556097,5.7115360905560975,theojohnson,free agent,
00-0039849,Marvin Harrison Jr.,WR,ARI,2,4.300000000000001,4,0,0,0,0,0,0.059771309771309775,2.1500000000000004,2.0,0.0,0.0,2.0,0.0,10.65,12.0,1,-1.4336654156183442,4.1836701975836235,6.333670197583624,marvinharrisonjr,another team,Von Kaiser
00-0039851,Drake Maye,QB,NE,2,23.84,0,11,55,0,0,1,0.0,11.92,0.0,5.5,27.5,5.5,0.5,25.45125,16.0,1,-7.8132118374557695,8.325891217292744,20.245891217292744,drakemaye,another team,3AM  No Limit
00-0039868,Troy Franklin,WR,DEN,2,4.2,3,1,0,0,0,0,0.05300127713920817,2.1,1.5,0.5,0.0,2.0,0.0,11.13125,16.0,1,-1.0309394035405055,4.19536673430629,6.29536673430629,troyfranklin,free agent,
00-0039874,Jaylen Wright,RB,MIA,2,1.0,0,3,0,0,0,0,0.0,0.5,0.0,1.5,0.0,1.5,0.0,5.525,8.0,1,-0.13693546615534657,2.930175872627341,3.430175872627341,jaylenwright,another team,Maple Maulers
00-0039875,Ray Davis,RB,BUF,2,0.30000000000000004,0,1,0,0,0,0,0.0,0.15000000000000002,0.0,0.5,0.0,0.5,0.0,2.04375,16.0,1,0.14901370909820494,1.8663334973782177,2.0163334973782177,raydavis,free agent,
00-0039880,Malik Washington,WR,MIA,2,16.0,13,1,0,0,0,0,0.25684380032206117,8.0,6.5,0.5,0.0,7.0,0.0,6.24375,16.0,1,-3.7369400796836043,0.7129573191031997,8.7129573191032,malikwashington,another team,Maple Maulers
00-0039890,Adonai Mitchell,WR,NYJ,2,21.3,15,0,0,0,0,0,0.23188405797101447,10.65,7.5,0.0,0.0,7.5,0.0,5.926666666666667,15.0,1,-2.400266159375752,-0.8767960391272602,9.77320396087274,adonaimitchell,MY TEAM,me
00-0039893,Brian Thomas Jr.,WR,JAX,2,14.0,11,0,0,0,0,0,0.21428571428571427,7.0,5.5,0.0,0.0,5.5,0.0,10.069230769230769,13.0,1,-2.6078658889185142,1.9491069651461244,8.949106965146125,brianthomasjr,MY TEAM,me
00-0039894,Xavier Worthy,WR,KC,2,18.3,13,0,0,1,0,0,0.2013953488372093,9.15,6.5,0.0,0.0,6.5,0.5,7.8500000000000005,14.0,1,-2.179066024147133,0.32656944422796474,9.476569444227966,xavierworthy,another team,Flex Luther
00-0039901,Keon Coleman,WR,BUF,2,13.4,7,0,0,0,0,0,0.125,6.7,3.5,0.0,0.0,3.5,0.0,8.590909090909092,11.0,1,0.5345343815387258,0.5969058639979927,7.296905863997993,keoncoleman,free agent,
00-0039910,Jayden Daniels,QB,WAS,2,38.400000000000006,0,12,51,0,0,3,0.0,19.200000000000003,0.0,6.0,25.5,6.0,1.5,19.325714285714287,7.0,1,-0.0787918162382617,0.10980405829647033,19.30980405829647,jaydendaniels,another team,This is the year!
00-0039915,Ladd McConkey,WR,LAC,2,25.700000000000003,10,0,0,1,0,0,0.1873219373219373,12.850000000000001,5.0,0.0,0.0,5.0,0.5,11.30625,16.0,1,4.102734178695798,-2.861805350395657,9.988194649604345,laddmcconkey,another team,Maple Maulers
00-0039918,Caleb Williams,QB,CHI,2,49.98,0,15,55,0,2,2,0.0,24.99,0.0,7.5,27.5,7.5,2.0,22.44375,16.0,1,3.490573291240043,-2.777659667656618,22.21234033234338,calebwilliams,another team,Gridiron of Grayskull
00-0039919,Rome Odunze,WR,CHI,2,14.5,7,0,0,0,0,0,0.12435897435897436,7.25,3.5,0.0,0.0,3.5,0.0,12.174999999999999,12.0,1,1.0845343815387256,1.2333592698760967,8.483359269876097,romeodunze,another team,Gridiron of Grayskull
00-0039920,Malachi Corley,WR,CLE,2,0.0,0,0,0,0,0,0,0.0,0.0,0.0,0.0,0.0,0.0,0.0,2.3454545454545457,11.0,1,-0.141265145161105,2.152294086589526,2.152294086589526,malachicorley,free agent,
00-0040024,Darius Cooper,WR,PHI,2,10.6,3,0,0,1,0,0,0.04411764705882353,5.3,1.5,0.0,0.0,1.5,0.5,0.0,5.0,0,2.5769346519959653,0.46481987970009087,5.764819879700091,dariuscooper,free agent,
00-0040075,LaJohntay Wester,WR,BAL,2,5.9,4,0,0,0,0,0,0.07614942528735633,2.95,2.0,0.0,0.0,2.0,0.0,-0.07692307692307693,13.0,1,-0.6336654156183443,0.14685867762544813,3.0968586776254483,lajohntaywester,free agent,
00-0040122,Ashton Jeanty,RB,LV,2,43.0,13,44,0,2,0,0,0.22413793103448276,21.5,6.5,22.0,0.0,28.5,1.0,14.60625,16.0,1,-2.0926364843904395,-2.463675509131199,19.0363244908688,ashtonjeanty,another team,Von Kaiser
00-0040124,Tetairoa McMillan,WR,CAR,2,26.6,18,0,0,0,0,0,0.27389705882352944,13.3,9.0,0.0,0.0,9.0,0.0,12.55625,16.0,1,-2.332066362218681,-0.08974319153800447,13.210256808461995,tetairoamcmillan,another team,3AM  No Limit
00-0040126,Colston Loveland,TE,CHI,2,1.3,5,0,0,0,0,0,0.08846153846153847,0.65,2.5,0.0,0.0,2.5,0.0,9.333333333333334,15.0,1,-3.621446068945136,5.218913767670783,5.868913767670783,colstonloveland,another team,Flex Luther
00-0040128,Tyler Warren,TE,IND,2,24.700000000000003,12,1,0,2,0,0,0.2028735632183908,12.350000000000001,6.0,0.5,0.0,6.5,1.0,11.30625,16.0,1,1.6632079584253034,-1.6178219114215535,10.732178088578447,tylerwarren,another team,Gridiron of Grayskull
00-0040129,Emeka Egbuka,WR,TB,2,21.6,11,1,0,1,0,0,0.18686868686868685,10.8,5.5,0.5,0.0,6.0,0.5,12.11875,16.0,1,0.7842600555450154,-0.2958674920158586,10.504132507984142,emekaegbuka,another team,Empty Nesters
00-0040131,Kyle Williams,WR,NE,2,2.0,2,0,0,0,0,0,0.047619047619047616,1.0,1.0,0.0,0.0,1.0,0.0,3.746153846153846,13.0,1,-0.8624652803897246,2.30021343413229,3.30021343413229,kylewilliams,free agent,
00-0040134,Pat Bryant,WR,DEN,2,9.799999999999999,7,1,0,0,0,0,0.12835249042145594,4.8999999999999995,3.5,0.5,0.0,4.0,0.0,5.641666666666667,12.0,1,-1.673339673997746,1.3821013165831868,6.282101316583186,patbryant,free agent,
00-0040138,Jaylin Noel,WR,HOU,2,12.700000000000001,7,1,0,0,0,0,0.07702702702702703,6.3500000000000005,3.5,0.5,0.0,4.0,0.0,4.13125,16.0,1,-0.2233396739977449,-0.041947600577477484,6.3080523994225235,jaylinnoel,free agent,
00-0040142,Kaleb Johnson,RB,GB,2,3.2,0,8,0,0,0,0,0.0,1.6,0.0,4.0,0.0,4.0,0.0,0.8800000000000001,10.0,1,-0.6268084042892252,1.3177896453288094,2.9177896453288095,kalebjohnson,free agent,
00-0040164,Jaylin Lane,WR,WAS,2,1.4,1,0,0,0,0,0,0.017241379310344827,0.7,0.5,0.0,0.0,0.5,0.0,2.546666666666667,15.0,1,-0.3018652127754149,1.9383143418552546,2.6383143418552546,jaylinlane,free agent,
00-0040170,Elic Ayomanor,WR,TEN,2,17.0,6,0,0,1,0,0,0.14180672268907563,8.5,3.0,0.0,0.0,3.0,0.5,7.233333333333333,15.0,1,3.195134449153036,-1.8187763612926169,6.681223638707383,elicayomanor,free agent,
00-0040187,Mitchell Evans,TE,CAR,2,4.199999999999999,3,0,0,0,0,0,0.04503676470588235,2.0999999999999996,1.5,0.0,0.0,1.5,0.0,3.5923076923076924,13.0,1,-0.46309649312516665,1.665971131788,3.7659711317879996,mitchellevans,free agent,
00-0040189,Oronde Gadsden II,TE,LAC,2,15.0,4,0,0,1,0,0,0.0754985754985755,7.5,2.0,0.0,0.0,2.0,0.5,9.15,14.0,1,4.082728718964849,-0.9357308729316358,6.564269127068364,orondegadsdenii,free agent,
00-0040236,Kyle Monangai,RB,CHI,2,28.2,4,20,0,0,1,0,0.07179487179487179,14.1,2.0,10.0,0.0,12.0,0.5,8.8,16.0,1,5.005575644024146,-3.9618827665658145,10.138117233434185,kylemonangai,another team,Gridiron of Grayskull
00-0040237,Tez Johnson,WR,TB,2,5.5,5,1,0,0,0,0,0.07912457912457913,2.75,2.5,0.5,0.0,3.0,0.0,6.371428571428572,14.0,1,-2.1021395387691255,2.8619609542164333,5.611960954216434,tezjohnson,free agent,
00-0040242,Jacory Croskey-Merritt,RB,WAS,2,18.400000000000002,2,28,0,0,1,0,0.031947261663286,9.200000000000001,1.0,14.0,0.0,15.0,0.5,8.7125,16.0,1,-0.9122606069073989,0.8018434653947017,10.001843465394703,jacorycroskeymerritt,another team,Paul's Perfect Team
00-0040363,Keleki Latu,TE,BUF,2,0.0,0,0,0,0,0,0,0.0,0.0,0.0,0.0,0.0,0.0,0.0,0.0,2.0,0,-0.0005721293952125617,3.8810276273199684,3.8810276273199684,kelekilatu,free agent,
00-0040466,Raheim Sanders,RB,CLE,2,7.699999999999999,4,3,0,0,0,0,0.08484848484848484,3.8499999999999996,2.0,1.5,0.0,3.5,0.0,0.0,3.0,0,0.16114363367933482,1.9245613943497986,5.774561394349798,raheimsanders,free agent,
00-0040506,Myles Price,WR,MIN,2,0.0,1,0,0,0,0,0,0.02631578947368421,0.0,0.5,0.0,0.0,0.5,0.0,-0.1875,16.0,1,-1.0018652127754148,1.6456054259496238,1.6456054259496238,mylesprice,free agent,
00-0040556,Corey Kiner,RB,NE,2,1.1,0,8,0,0,0,0,0.0,0.55,0.0,4.0,0.0,4.0,0.0,0.0,3.0,0,-1.6768084042892253,4.444408847385711,4.994408847385711,coreykiner,free agent,
00-0040582,Arian Smith,WR,NYJ,2,0.0,1,0,0,0,0,0,0.021739130434782608,0.0,0.5,0.0,0.0,0.5,0.0,1.1083333333333334,12.0,1,-1.0018652127754148,2.064994463937538,2.064994463937538,ariansmith,free agent,
00-0040583,Woody Marks,RB,HOU,2,13.5,7,17,0,0,0,0,0.07351351351351351,6.75,3.5,8.5,0.0,12.0,0.0,9.22,15.0,1,-3.679441268219515,2.9693354924163318,9.71933549241633,woodymarks,another team,Von Kaiser
00-0040584,Gunnar Helm,TE,TEN,2,10.100000000000001,7,0,0,0,0,0,0.148109243697479,5.050000000000001,3.5,0.0,0.0,3.5,0.0,5.73125,16.0,1,-0.9297956447651039,0.9080114512791928,5.9580114512791935,gunnarhelm,free agent,
00-0040590,Konata Mumpfield,WR,LA,2,2.2,3,0,0,0,0,0,0.05185185185185185,1.1,1.5,0.0,0.0,1.5,0.0,2.8,9.0,1,-1.6230653480040345,2.3059057132312697,3.40590571323127,konatamumpfield,free agent,
00-0040646,Jalen Royals,WR,KC,2,8.6,2,0,0,1,0,0,0.023255813953488372,4.3,1.0,0.0,0.0,1.0,0.5,0.0,1.0,0,2.4375347196102752,1.0111154702407057,5.311115470240706,jalenroyals,free agent,
00-0040663,Harold Fannin Jr.,TE,CLE,2,14.5,9,0,0,0,0,0,0.16818181818181818,7.25,4.5,0.0,0.0,4.5,0.0,11.7125,16.0,1,-0.4381452205850742,1.5795012311055219,8.829501231105521,haroldfanninjr,another team,This is the year!
00-0040666,Omarion Hampton,RB,LAC,2,27.8,2,35,0,0,2,0,0.038461538461538464,13.9,1.0,17.5,0.0,18.5,1.0,15.077777777777776,9.0,1,1.5619172797051704,-0.212554178613102,13.687445821386898,omarionhampton,another team,Gridiron of Grayskull
00-0040667,Matthew Golden,WR,GB,2,25.3,18,0,0,0,0,0,0.253448275862069,12.65,9.0,0.0,0.0,9.0,0.0,5.246153846153846,13.0,1,-2.9820663622186814,-1.6754066582298561,10.974593341770145,matthewgolden,MY TEAM,me
00-0040669,Isaac TeSlaa,WR,DET,2,4.6,6,0,0,0,0,0,0.07860998650472334,2.3,3.0,0.0,0.0,3.0,0.0,5.623076923076923,13.0,1,-3.004865550846964,3.2261591542252095,5.526159154225209,isaacteslaa,free agent,
00-0040676,Cam Ward,QB,TEN,2,33.72,0,8,52,0,2,1,0.0,16.86,0.0,4.0,26.0,4.0,1.5,13.8425,16.0,1,-0.876570379694968,-0.31128909181095477,16.548710908189044,camward,free agent,
00-0040691,Jaxson Dart,QB,NYG,2,33.4,0,11,34,0,0,3,0.0,16.7,0.0,5.5,17.0,5.5,1.5,19.552307692307693,13.0,1,1.6706502925228826,0.29846108570352037,16.998461085703518,jaxsondart,free agent,
00-0040705,Chimere Dike,WR,TEN,2,0.7000000000000002,1,0,0,0,0,0,0.017857142857142856,0.3500000000000001,0.5,0.0,0.0,0.5,0.0,6.8375,16.0,1,-0.6518652127754148,3.5422128961008754,3.8922128961008755,chimeredike,free agent,
00-0040715,Cam Skattebo,RB,NYG,2,23.6,4,30,0,0,1,0,0.0625,11.8,2.0,15.0,0.0,17.0,0.5,16.0875,8.0,1,-0.4741702322436083,1.718544886688992,13.518544886688993,camskattebo,another team,3AM  No Limit
00-0040719,Bhayshul Tuten,RB,JAX,2,24.0,3,28,0,0,1,0,0.05952380952380952,12.0,1.5,14.0,0.0,15.5,0.5,5.807142857142857,14.0,1,1.1247591680512699,-2.22776584006251,9.77223415993749,bhayshultuten,another team,Empty Nesters
00-0040727,Tre Harris,WR,LAC,2,11.3,9,0,0,0,0,0,0.16880341880341881,5.65,4.5,0.0,0.0,4.5,0.0,4.306666666666667,15.0,1,-2.236665753689893,0.7509556298707527,6.400955629870753,treharris,another team,Maple Maulers
00-0040729,Jack Bech,WR,LV,2,15.8,6,0,0,1,0,0,0.10344827586206896,7.9,3.0,0.0,0.0,3.0,0.5,3.2615384615384615,13.0,1,2.5951344491530364,-2.335284856670203,5.564715143329797,jackbech,free agent,
00-0040735,Luther Burden III,WR,CHI,2,16.7,12,1,0,0,0,0,0.21282051282051284,8.35,6.0,0.5,0.0,6.5,0.0,8.6,14.0,1,-2.5263400120692943,0.9601628731554634,9.310162873155463,lutherburdeniii,another team,Flex Luther
00-0040737,Terrance Ferguson,TE,LA,2,17.4,10,0,0,1,0,0,0.1685185185185185,8.7,5.0,0.0,0.0,5.0,0.5,4.736363636363636,11.0,1,0.15767999150494028,-1.3789081292858096,7.32109187071419,terranceferguson,another team,Paul's Perfect Team
00-0040743,Tyler Shough,QB,NO,2,56.58,0,13,90,0,1,4,0.0,28.29,0.0,6.5,45.0,6.5,2.5,16.12,10.0,1,-0.16608948973895465,-4.23328776586342,24.05671223413658,tylershough,another team,3AM  No Limit
00-0040784,Quinshon Judkins,RB,CLE,2,16.8,7,24,0,0,0,0,0.12878787878787878,8.4,3.5,12.0,0.0,15.5,0.0,12.12857142857143,14.0,1,-4.2552633816069445,3.219560657471469,11.61956065747147,quinshonjudkins,another team,I Dowdle win
00-0040785,Dohnte Meyers,WR,CIN,2,3.8,2,1,0,0,0,0,0.030834914611005692,1.9,1.0,0.5,0.0,1.5,0.0,0.0,,0,-0.37033933592619617,3.1821385401490456,5.082138540149046,dohntemeyers,free agent,
00-0040867,Makai Lemon,WR,PHI,2,4.4,5,1,0,0,0,0,0.10561497326203209,2.2,2.5,0.5,0.0,3.0,0.0,0.0,,0,-2.6521395387691253,3.7546736853181173,5.9546736853181175,makailemon,another team,Paul's Perfect Team
00-0040878,Mike Washington Jr.,RB,LV,2,4.800000000000001,1,10,0,0,0,0,0.017241379310344827,2.4000000000000004,0.5,5.0,0.0,5.5,0.0,0.0,,0,-1.2257378045841056,3.448892098080562,5.8488920980805625,mikewashingtonjr,another team,Paul's Perfect Team
00-0040894,Malik Benson,WR,LV,2,0.8,3,1,0,0,0,0,0.05172413793103448,0.4,1.5,0.5,0.0,2.0,0.0,0.0,,0,-2.7309394035405057,4.740190779668416,5.1401907796684165,malikbenson,free agent,
00-0041013,Emmett Johnson,RB,KC,2,14.3,4,10,0,0,0,0,0.06325581395348837,7.15,2.0,5.0,0.0,7.0,0.0,0.0,,0,1.2353215202919055,0.28339666713851797,7.433396667138519,emmettjohnson,another team,Ugh...Yeah...What...Football!
00-0041027,Jeremiyah Love,RB,ARI,2,20.5,7,20,0,0,1,0,0.11174636174636175,10.25,3.5,10.0,0.0,13.5,0.5,0.0,,0,-1.1333650310998422,-0.03704369582980149,10.212956304170199,jeremiyahlove,another team,3AM  No Limit
00-0041032,Kenyon Sadiq,TE,NYJ,2,15.100000000000001,6,1,0,0,1,0,0.1068840579710145,7.550000000000001,3.0,0.5,0.0,3.5,0.5,0.0,,0,1.9882566858852089,-0.42534342250320645,7.124656577496794,kenyonsadiq,another team,This is the year!
00-0041037,Denzel Boston,WR,CLE,2,34.4,11,0,0,2,0,0,0.20757575757575758,17.2,5.5,0.0,0.0,5.5,1.0,0.0,,0,7.592134111081485,-7.171233109869249,10.02876689013075,denzelboston,another team,This is the year!
00-0041040,Antonio Williams,WR,WAS,2,21.799999999999997,7,0,1,1,0,0,0.11308316430020285,10.899999999999999,3.5,0.0,0.5,3.5,0.5,0.0,,0,5.747216634284031,-3.4678002636590826,7.432199736340916,antoniowilliams,free agent,
00-0041042,Malachi Fields,WR,NYG,2,9.5,10,0,0,0,0,0,0.1627155172413793,4.75,5.0,0.0,0.0,5.0,0.0,0.0,,0,-3.997265821304204,3.1344849102183607,7.884484910218361,malachifields,free agent,
00-0041044,Zachariah Branch,WR,ATL,2,3.4000000000000004,2,0,0,0,0,0,0.03225806451612903,1.7000000000000002,1.0,0.0,0.0,1.0,0.0,0.0,,0,-0.1624652803897244,3.154437285569677,4.854437285569677,zachariahbranch,free agent,
00-0041048,Ted Hurst III,WR,TB,2,11.3,10,0,0,0,0,0,0.1616161616161616,5.65,5.0,0.0,0.0,5.0,0.0,0.0,,0,-3.0972658213042035,2.38240736614649,8.03240736614649,tedhurstiii,free agent,
00-0041052,Kaelon Black,RB,SF,2,10.5,1,21,0,0,0,0,0.014705882352941176,5.25,0.5,10.5,0.0,11.0,0.0,0.0,,0,-1.8734582684786396,2.677972341607474,7.927972341607473,kaelonblack,another team,This is the year!
00-0041067,Bryce Lance,WR,NO,2,9.0,5,0,0,0,0,0,0.054086538461538464,4.5,2.5,0.0,0.0,2.5,0.0,0.0,,0,0.05573451676734553,1.8891983126495673,6.389198312649567,brycelance,free agent,
00-0041096,Kaytron Allen,RB,WAS,2,4.0,0,9,0,0,0,0,0.0,2.0,0.0,4.5,0.0,4.5,0.0,0.0,,0,-0.544782991916001,3.3706637253825074,5.370663725382507,kaytronallen,free agent,
00-0041099,Barion Brown,WR,NO,2,0.30000000000000004,0,1,0,0,0,0,0.0,0.15000000000000002,0.0,0.5,0.0,0.5,0.0,0.0,,0,-0.39913920069757636,4.0094356227127514,4.159435622712752,barionbrown,free agent,
00-0041100,Josh Cameron,WR,JAX,2,10.0,2,0,0,1,0,0,0.047619047619047616,5.0,1.0,0.0,0.0,1.0,0.5,0.0,,0,3.1375347196102754,0.2991443520569339,5.299144352056934,joshcameron,free agent,
00-0041125,Seth McGowan,RB,IND,2,1.0,1,2,0,0,0,0,0.017241379310344827,0.5,0.5,1.0,0.0,1.5,0.0,0.0,,0,-0.5819411035699005,3.8734482021244077,4.373448202124408,sethmcgowan,free agent,
00-0041326,CJ Donaldson,RB,NO,2,1.4,2,3,0,0,0,0,0.019230769230769232,0.7,1.0,1.5,0.0,2.5,0.0,0.0,,0,-1.4628959162380057,4.196858136471055,4.896858136471055,cjdonaldson,free agent,
00-0041395,Eli Raridon,TE,NE,2,11.2,2,0,0,1,0,0,0.039938556067588324,5.6,1.0,0.0,0.0,1.0,0.5,0.0,,0,3.891078294784818,-0.23904034669545116,5.3609596533045485,eliraridon,free agent,
00-0041397,Kaden Wetjen,WR,PIT,2,0.0,0,0,0,0,0,0,0.0,0.0,0.0,0.0,0.0,0.0,0.0,0.0,,0,-0.141265145161105,3.9468129116654094,3.9468129116654094,kadenwetjen,free agent,
00-0041438,Carnell Tate,WR,TEN,2,13.5,11,0,0,0,0,0,0.2542016806722689,6.75,5.5,0.0,0.0,5.5,0.0,0.0,,0,-2.8578658889185142,1.3906675314237056,8.140667531423706,carnelltate,another team,3AM  No Limit
00-0041490,Eli Heidenreich,RB,PIT,2,0.0,0,0,0,0,0,0,0.0,0.0,0.0,0.0,0.0,0.0,0.0,0.0,,0,0.3169882967249807,3.732542623885699,3.732542623885699,eliheidenreich,free agent,
00-0041496,Jonah Coleman,RB,DEN,2,14.8,3,10,0,0,1,0,0.05172413793103448,7.4,1.5,5.0,0.0,6.5,0.5,0.0,,0,2.248301745333235,-0.2239005610809066,7.176099438919094,jonahcoleman,another team,This is the year!
00-0041512,Jadarian Price,RB,SEA,2,13.8,4,23,0,0,0,0,0.08012820512820512,6.9,2.0,11.5,0.0,13.5,0.0,0.0,,0,-3.1483481188561786,2.3179970349907064,9.217997034990706,jadarianprice,another team,Gridiron of Grayskull
00-0041523,Caleb Douglas,WR,MIA,2,18.3,10,0,0,0,0,0,0.19484702093397743,9.15,5.0,0.0,0.0,5.0,0.0,0.0,,0,0.40273417869579653,-0.7312531550879147,8.418746844912086,calebdouglas,another team,This is the year!
00-0041524,Will Kacmarek,TE,MIA,2,1.4,2,0,0,0,0,0,0.040257648953301126,0.7,1.0,0.0,0.0,1.0,0.0,0.0,,0,-1.0089217052151818,3.88414456715869,4.58414456715869,willkacmarek,free agent,
00-0041525,Chris Bell,WR,MIA,2,3.5,3,0,0,0,0,0,0.05877616747181964,1.75,1.5,0.0,0.0,1.5,0.0,0.0,,0,-0.9730653480040345,3.379356247732461,5.129356247732461,chrisbell,free agent,
00-0041547,KC Concepcion,WR,CLE,2,17.0,11,4,0,0,0,0,0.21363636363636362,8.5,5.5,2.0,0.0,7.5,0.0,0.0,,0,-2.7393621110643984,0.8774182316513306,9.37741823165133,kcconcepcion,another team,Empty Nesters
