player,team,pos,market,line,over_price,under_price,oracle,actual,crowd,fans,pid,oracle_med
Aaron Rodgers,PIT,QB,pass_tds,1.5,161.0,-208.0,1.33,3.0,1.165,4,00-0023459,1.2031000000000003
Aaron Rodgers,PIT,QB,pass_yds,221.5,-111.0,-113.0,218.99,292.0,191.615,4,00-0023459,222.76302000000004
Aaron Rodgers,PIT,QB,rush_yds,0.5,-111.0,-113.0,5.49,10.0,4.8025,4,00-0023459,2.4766700000000004
Matthew Stafford,LA,QB,pass_tds,1.5,-107.0,-119.0,1.9,2.0,1.8239999999999998,5,00-0026498,1.813
Matthew Stafford,LA,QB,pass_yds,235.5,-112.0,-112.0,244.37,390.0,234.59600000000003,5,00-0026498,245.55426
Matthew Stafford,LA,QB,rush_yds,0.5,120.0,-151.0,3.64,13.0,3.4939999999999998,5,00-0026498,0.6581200000000003
Case Keenum,CHI,QB,pass_tds,0.5,-207.0,160.0,0.67,2.0,0.5507196969696969,4,00-0028986,0.4969000000000001
Case Keenum,CHI,QB,pass_yds,168.5,-112.0,-112.0,91.16,247.0,75.20725426754436,4,00-0028986,107.97167999999999
Case Keenum,CHI,QB,rush_yds,2.5,-110.0,-114.0,3.86,6.0,3.1827176781002637,4,00-0028986,0.8743799999999999
Kirk Cousins,LV,QB,pass_tds,1.5,135.0,-174.0,1.36,3.0,1.5,5,00-0029604,1.2352000000000003
Kirk Cousins,LV,QB,pass_yds,212.5,-111.0,-113.0,189.22,248.0,208.14,5,00-0029604,196.02956
Kirk Cousins,LV,QB,rush_yds,0.5,-122.0,-103.0,2.98,3.0,3.28,5,00-0029604,0.009339999999999904
Zach Ertz,PHI,TE,rec_yds,10.5,-107.0,-117.0,29.29,9.0,29.876408728784202,5,00-0030061,24.99704
Zach Ertz,PHI,TE,rec,1.5,-108.0,-118.0,2.95,1.0,3.008797250859107,5,00-0030061,2.75
Keenan Allen,IND,WR,rec_yds,33.5,-114.0,-110.0,33.89,63.0,30.5,1,00-0030279,29.486639999999998
Keenan Allen,IND,WR,rec,3.5,-115.0,-111.0,3.16,6.0,2.84,1,00-0030279,2.96
Travis Kelce,KC,TE,rec_yds,51.5,-111.0,-113.0,55.11,59.0,49.599999999999994,5,00-0030506,50.19736
Travis Kelce,KC,TE,rec,4.5,-110.0,-116.0,4.91,2.0,4.420000000000001,5,00-0030506,4.71
Geno Smith,NYJ,QB,pass_tds,1.5,126.0,-161.0,1.28,3.0,1.1825,4,00-0030565,1.1496000000000002
Geno Smith,NYJ,QB,pass_yds,228.5,-113.0,-111.0,212.99,321.0,197.015,4,00-0030565,217.37502
Geno Smith,NYJ,QB,rush_yds,11.5,-112.0,-112.0,12.77,12.0,11.812500000000002,4,00-0030565,9.632909999999999
Davante Adams,LA,WR,rec_yds,70.5,-111.0,-113.0,74.83,137.0,82.3142578584636,4,00-0031381,69.44408
Davante Adams,LA,WR,rec,5.5,-117.0,-109.0,5.33,7.0,5.857971698113208,4,00-0031381,5.13
Mike Evans,SF,WR,rec_yds,52.5,-110.0,-114.0,57.92,34.0,62.26852971845672,4,00-0031408,52.93992
Mike Evans,SF,WR,rec,4.5,115.0,-147.0,4.3,3.0,4.623103932584269,4,00-0031408,4.1
Jameis Winston,NYG,QB,pass_tds,0.5,-243.0,187.0,1.3,0.0,1.105,4,00-0031503,1.1710000000000003
Jameis Winston,NYG,QB,pass_yds,199.5,-112.0,-112.0,215.99,118.0,183.58999999999997,4,00-0031503,220.06902000000002
Jameis Winston,NYG,QB,rush_yds,5.5,-116.0,-108.0,12.17,14.0,10.344999999999999,4,00-0031503,9.04311
Stefon Diggs,WAS,WR,rec_yds,34.5,-116.0,-109.0,37.84,33.0,41.62,1,00-0031588,33.341840000000005
Stefon Diggs,WAS,WR,rec,3.5,-149.0,117.0,3.5,4.0,3.8500000000000005,1,00-0031588,3.3
Darren Waller,CAR,TE,rec_yds,19.5,-114.0,-110.0,22.67,51.0,22.67,2,00-0031610,18.53592
Darren Waller,CAR,TE,rec,2.5,118.0,-151.0,2.2,5.0,2.1999999999999997,2,00-0031610,2.0
Marcus Mariota,WAS,QB,pass_tds,0.5,-179.0,140.0,0.92,3.0,0.7999999999999999,3,00-0032268,0.7644000000000001
Marcus Mariota,WAS,QB,pass_yds,171.5,-111.0,-113.0,144.99,183.0,125.65666666666668,3,00-0032268,156.31101999999998
Marcus Mariota,WAS,QB,rush_yds,24.5,-107.0,-117.0,21.38,11.0,18.526666666666667,3,00-0032268,18.096539999999997
Austin Hooper,ATL,TE,rec,0.5,-124.0,-103.0,0.91,2.0,0.91,0,00-0032392,0.71
Kalif Raymond,CHI,WR,rec_yds,22.5,-112.0,-112.0,28.94,90.0,28.216500000000003,4,00-0032464,24.655440000000002
Kalif Raymond,CHI,WR,rec,2.5,-122.0,-105.0,2.71,6.0,2.6440262172284643,4,00-0032464,2.51
Derrick Henry,BAL,RB,rec_yds,10.5,-114.0,-110.0,11.49,0.0,11.950000000000001,5,00-0032764,7.62424
Derrick Henry,BAL,RB,rec,1.5,105.0,-134.0,1.2,1.0,1.248,5,00-0032764,1.0
Derrick Henry,BAL,RB,rush_yds,93.5,-110.0,-114.0,92.23,89.0,95.92000000000002,5,00-0032764,87.74209
Laquon Treadwell,IND,WR,rec_yds,23.5,-114.0,-110.0,20.11,20.0,18.1,1,00-0032951,16.03736
Laquon Treadwell,IND,WR,rec,1.5,-125.0,-102.0,1.4,1.0,1.26,1,00-0032951,1.2
Dak Prescott,DAL,QB,pass_tds,1.5,-164.0,128.0,2.02,1.0,2.34,5,00-0033077,1.9414
Dak Prescott,DAL,QB,pass_yds,267.5,-112.0,-112.0,263.12,276.0,305.216,5,00-0033077,262.39176000000003
Dak Prescott,DAL,QB,rush_yds,12.5,-109.0,-115.0,10.81,19.0,12.538,5,00-0033077,7.70623
Hunter Henry,NE,TE,rec_yds,41.5,-113.0,-111.0,41.52,5.0,37.37,1,00-0033090,36.93352
Hunter Henry,NE,TE,rec,3.5,-136.0,107.0,3.68,1.0,3.31,1,00-0033090,3.48
Jared Goff,DET,QB,pass_tds,2.5,161.0,-208.0,2.16,2.0,2.246,5,00-0033106,2.0912
Jared Goff,DET,QB,pass_yds,263.5,-111.0,-113.0,264.47,269.0,275.048,5,00-0033106,263.60406
Jared Goff,DET,QB,rush_yds,0.5,-105.0,-119.0,5.43,6.0,5.648,5,00-0033106,2.4176899999999995
Jacoby Brissett,ARI,QB,pass_tds,1.5,148.0,-190.0,1.44,2.0,1.3325,4,00-0033119,1.3208
Jacoby Brissett,ARI,QB,pass_yds,228.5,-112.0,-112.0,235.89,280.0,218.19750000000002,4,00-0033119,237.93921999999998
Jacoby Brissett,ARI,QB,rush_yds,7.5,-113.0,-111.0,13.22,4.0,12.23,4,00-0033119,10.07526
Johnny Mundt,PHI,TE,rec_yds,9.5,-115.0,-109.0,8.1,4.0,8.1,0,00-0033246,4.3156
Johnny Mundt,PHI,TE,rec,1.5,129.0,-165.0,0.83,1.0,0.83,0,00-0033246,0.6299999999999999
Christian McCaffrey,SF,RB,rec_yds,38.5,-109.0,-115.0,37.5,41.0,38.25,5,00-0033280,33.010000000000005
Christian McCaffrey,SF,RB,rec,4.5,-131.0,102.0,4.33,4.0,4.418,5,00-0033280,4.13
Christian McCaffrey,SF,RB,rush_yds,57.5,-111.0,-113.0,59.78,75.0,60.974,5,00-0033280,55.84374
George Kittle,SF,TE,rec_yds,46.5,-113.0,-111.0,55.45,82.0,55.455,4,00-0033288,50.5292
George Kittle,SF,TE,rec,3.5,-168.0,131.0,4.34,6.0,4.34,4,00-0033288,4.14
Aaron Jones,MIN,RB,rec_yds,12.5,-117.0,-107.0,13.48,34.0,13.030000000000001,3,00-0033293,9.56648
Aaron Jones,MIN,RB,rec,1.5,-176.0,137.0,1.95,5.0,1.8833333333333333,3,00-0033293,1.75
Aaron Jones,MIN,RB,rush_yds,52.5,-110.0,-114.0,58.13,58.0,56.193333333333335,3,00-0033293,54.22179
Kendrick Bourne,ARI,WR,rec_yds,24.5,-110.0,-114.0,29.02,22.0,26.12,1,00-0033307,24.73352
Kendrick Bourne,ARI,WR,rec,2.5,-109.0,-117.0,2.56,2.0,2.3,1,00-0033307,2.36
Samaje Perine,CIN,RB,rec_yds,8.5,-108.0,-117.0,7.85,5.0,7.06,1,00-0033526,4.071599999999999
Samaje Perine,CIN,RB,rec,1.5,103.0,-132.0,0.95,1.0,0.85,1,00-0033526,0.75
Samaje Perine,CIN,RB,rush_yds,14.5,-107.0,-117.0,11.79,9.0,10.61,1,00-0033526,8.669569999999998
Deshaun Watson,CLE,QB,pass_tds,1.5,179.0,-232.0,1.32,2.0,1.3524999999999998,4,00-0033537,1.1924000000000001
Deshaun Watson,CLE,QB,pass_yds,186.5,-113.0,-111.0,213.75,144.0,219.0975,4,00-0033537,218.0575
Deshaun Watson,CLE,QB,rush_yds,25.5,-111.0,-113.0,27.05,45.0,27.730000000000004,4,00-0033537,23.67015
Mack Hollins,NE,WR,rec_yds,34.5,-111.0,-113.0,34.22,87.0,37.64,1,00-0033555,29.808719999999997
Mack Hollins,NE,WR,rec,2.5,-152.0,119.0,2.7,6.0,2.9700000000000006,1,00-0033555,2.5
Jonnu Smith,GB,TE,rec_yds,9.5,-109.0,-115.0,16.26,16.0,16.26,0,00-0033858,12.279760000000001
Jonnu Smith,GB,TE,rec,1.5,146.0,-187.0,1.66,2.0,1.66,0,00-0033858,1.46
Patrick Mahomes,KC,QB,pass_tds,1.5,-190.0,148.0,2.11,2.0,2.005,6,00-0033873,2.0376999999999996
Patrick Mahomes,KC,QB,pass_yds,236.5,-112.0,-112.0,259.04,246.0,246.085,6,00-0033873,258.72792000000004
Patrick Mahomes,KC,QB,rush_yds,15.5,-110.0,-114.0,21.07,1.0,20.02,6,00-0033873,17.791809999999998
Evan Engram,DEN,TE,rec_yds,20.5,-113.0,-111.0,23.09,0.0,20.78,1,00-0033881,18.94584
Evan Engram,DEN,TE,rec,2.5,-112.0,-113.0,2.75,0.0,2.48,1,00-0033881,2.55
Alvin Kamara,NO,RB,rec_yds,12.5,-113.0,-111.0,10.14,5.0,11.15,2,00-0033906,6.30664
Alvin Kamara,NO,RB,rec,2.5,-120.0,-106.0,1.69,1.0,1.86,2,00-0033906,1.49
Alvin Kamara,NO,RB,rush_yds,23.5,-117.0,-107.0,22.65,36.0,24.910000000000004,2,00-0033906,19.344949999999997
Cooper Kupp,SEA,WR,rec_yds,20.5,-108.0,-116.0,30.72,46.0,33.79,1,00-0033908,26.392719999999997
Cooper Kupp,SEA,WR,rec,2.5,140.0,-180.0,2.33,4.0,2.56,1,00-0033908,2.13
Chris Godwin,TB,WR,rec_yds,35.5,-113.0,-111.0,37.81,25.0,34.03,1,00-0033921,33.312560000000005
Chris Godwin,TB,WR,rec,3.5,115.0,-146.0,3.23,3.0,2.91,1,00-0033921,3.03
Courtland Sutton,DEN,WR,rec_yds,36.5,-112.0,-111.0,44.35,46.0,48.79037575757577,1,00-0034348,39.6956
Courtland Sutton,DEN,WR,rec,3.5,107.0,-137.0,3.58,3.0,3.934774774774775,1,00-0034348,3.38
Dalton Schultz,HOU,TE,rec_yds,49.5,-113.0,-111.0,42.85,30.0,38.57,1,00-0034383,38.2316
Dalton Schultz,HOU,TE,rec,5.5,115.0,-146.0,4.23,3.0,3.81,1,00-0034383,4.03
Mark Andrews,BAL,TE,rec_yds,45.5,-114.0,-110.0,39.78,24.0,35.8,1,00-0034753,35.23528
Mark Andrews,BAL,TE,rec,4.5,105.0,-134.0,3.86,3.0,3.47,1,00-0034753,3.6599999999999997
Lamar Jackson,BAL,QB,pass_tds,1.5,-159.0,124.0,2.04,2.0,2.2083333333333335,6,00-0034796,1.9628000000000003
Lamar Jackson,BAL,QB,pass_yds,240.5,-111.0,-113.0,257.77,186.0,279.25166666666667,6,00-0034796,257.58745999999996
Lamar Jackson,BAL,QB,rush_yds,40.5,-111.0,-113.0,38.15,50.0,41.333333333333336,6,00-0034796,34.58145
D.J. Moore,BUF,WR,rec_yds,49.5,-110.0,-114.0,29.44,67.0,26.5,1,00-0034827,25.143440000000002
D.J. Moore,BUF,WR,rec,3.5,-136.0,107.0,2.19,6.0,1.97,1,00-0034827,1.99
Mike Gesicki,CIN,TE,rec_yds,24.5,-115.0,-110.0,27.38,37.0,24.64,1,00-0034829,23.13288
Mike Gesicki,CIN,TE,rec,2.5,-110.0,-116.0,2.52,3.0,2.27,1,00-0034829,2.32
Calvin Ridley,TEN,WR,rec_yds,14.5,-117.0,-108.0,31.2,0.0,28.08,1,00-0034837,26.8612
Calvin Ridley,TEN,WR,rec,1.5,126.0,-162.0,2.14,0.0,1.93,1,00-0034837,1.9400000000000002
Saquon Barkley,PHI,RB,rec_yds,13.5,-114.0,-110.0,17.18,-2.0,18.03933567799922,6,00-0034844,13.177679999999999
Saquon Barkley,PHI,RB,rec,2.5,123.0,-158.0,2.03,1.0,2.13049504950495,6,00-0034844,1.8299999999999998
Saquon Barkley,PHI,RB,rush_yds,75.5,-110.0,-114.0,71.33,82.0,74.89549279864445,6,00-0034844,67.19739
Baker Mayfield,TB,QB,pass_tds,1.5,140.0,-179.0,1.3,1.0,1.1375,4,00-0034855,1.1710000000000003
Baker Mayfield,TB,QB,pass_yds,216.5,-112.0,-112.0,215.15,217.0,188.26,4,00-0034855,219.31470000000002
Baker Mayfield,TB,QB,rush_yds,18.5,-109.0,-115.0,21.61,6.0,18.91,4,00-0034855,18.322629999999997
Josh Allen,BUF,QB,pass_tds,1.5,-158.0,124.0,1.95,0.0,1.8942857142857144,7,00-0034857,1.8665
Josh Allen,BUF,QB,pass_yds,239.5,-113.0,-111.0,249.25,204.0,242.13285714285715,7,00-0034857,249.93650000000002
Josh Allen,BUF,QB,rush_yds,33.5,-116.0,-108.0,36.4,22.0,35.36,7,00-0034857,32.8612
Sam Darnold,SEA,QB,pass_tds,1.5,101.0,-129.0,1.57,4.0,1.6075,4,00-0034869,1.4599000000000002
Sam Darnold,SEA,QB,pass_yds,224.5,-111.0,-113.0,218.11,379.0,223.56249999999997,4,00-0034869,221.97278
Sam Darnold,SEA,QB,rush_yds,6.5,-113.0,-111.0,7.35,5.0,7.5375,4,00-0034869,4.30505
Jakobi Meyers,JAX,WR,rec_yds,35.5,-115.0,-109.0,38.01,64.0,34.21,1,00-0034960,33.50775999999999
Jakobi Meyers,JAX,WR,rec,3.5,103.0,-131.0,3.27,7.0,2.94,1,00-0034960,3.07
Justice Hill,BAL,RB,rec_yds,15.5,-108.0,-116.0,12.02,0.0,13.22,1,00-0034975,8.14152
Justice Hill,BAL,RB,rec,2.5,118.0,-151.0,1.49,0.0,1.64,1,00-0034975,1.29
Justice Hill,BAL,RB,rush_yds,14.5,-109.0,-115.0,13.03,33.0,14.33,1,00-0034975,9.88849
Olamide Zaccheaus,ATL,WR,rec_yds,9.5,-114.0,-110.0,13.9,9.0,13.9,0,00-0035208,9.9764
Olamide Zaccheaus,ATL,WR,rec,1.5,140.0,-180.0,1.42,2.0,1.42,0,00-0035208,1.22
Kyler Murray,MIN,QB,pass_tds,1.5,133.0,-170.0,1.31,1.0,1.1475,4,00-0035228,1.1817000000000002
Kyler Murray,MIN,QB,pass_yds,213.5,-112.0,-112.0,209.46,168.0,183.27499999999998,4,00-0035228,214.20508
Kyler Murray,MIN,QB,rush_yds,20.5,-116.0,-108.0,26.76,17.0,23.4125,4,00-0035228,23.385080000000002
T.J. Hockenson,MIN,TE,rec_yds,30.5,-114.0,-110.0,32.96,11.0,36.26,1,00-0035229,28.57896
T.J. Hockenson,MIN,TE,rec,3.5,-113.0,-113.0,3.62,2.0,3.98,1,00-0035229,3.42
Josh Oliver,MIN,TE,rec_yds,10.5,-114.0,-110.0,11.01,0.0,11.01,0,00-0035249,7.155759999999999
Josh Oliver,MIN,TE,rec,1.5,118.0,-151.0,0.95,0.0,0.95,0,00-0035249,0.75
Tony Pollard,TEN,RB,rec_yds,7.5,-109.0,-115.0,8.62,22.0,9.48,1,00-0035261,4.823119999999999
Tony Pollard,TEN,RB,rec,1.5,127.0,-162.0,1.48,4.0,1.63,1,00-0035261,1.28
Tony Pollard,TEN,RB,rush_yds,58.5,-109.0,-115.0,53.97,74.0,59.36999999999999,1,00-0035261,50.132509999999996
Drew Sample,CIN,TE,rec_yds,6.5,-111.0,-113.0,6.83,0.0,6.83,0,00-0035631,3.07608
Drew Sample,CIN,TE,rec,1.5,150.0,-193.0,0.8,1.0,0.8,0,00-0035631,0.6000000000000001
DK Metcalf,PIT,WR,rec_yds,52.5,-111.0,-113.0,47.63,31.0,42.87,1,00-0035640,42.896879999999996
DK Metcalf,PIT,WR,rec,4.5,108.0,-138.0,3.46,3.0,3.11,1,00-0035640,3.26
Noah Fant,NO,TE,rec_yds,11.5,-117.0,-107.0,12.25,33.0,12.25,0,00-0035644,8.366
Noah Fant,NO,TE,rec,1.5,102.0,-131.0,1.2,4.0,1.2,0,00-0035644,1.0
Terry McLaurin,WAS,WR,rec_yds,41.5,-112.0,-112.0,41.02,77.0,45.12,1,00-0035659,36.44552
Terry McLaurin,WAS,WR,rec,3.5,-108.0,-118.0,3.05,6.0,3.35,1,00-0035659,2.8499999999999996
David Montgomery,HOU,RB,rec_yds,9.5,-106.0,-119.0,12.63,15.0,13.473333333333333,3,00-0035685,8.736880000000001
David Montgomery,HOU,RB,rec,1.5,-104.0,-122.0,1.79,2.0,1.91,3,00-0035685,1.59
David Montgomery,HOU,RB,rush_yds,50.5,-114.0,-110.0,51.87,33.0,55.32666666666667,3,00-0035685,48.06820999999999
Dawson Knox,BUF,TE,rec_yds,9.5,-114.0,-110.0,13.91,5.0,15.3,1,00-0035689,9.98616
Dawson Knox,BUF,TE,rec,1.5,122.0,-156.0,1.18,1.0,1.3,1,00-0035689,0.98
Daniel Jones,IND,QB,pass_tds,1.5,166.0,-214.0,1.28,1.0,1.1175,4,00-0035710,1.1496000000000002
Daniel Jones,IND,QB,pass_yds,212.5,-112.0,-112.0,221.28,235.0,193.6175,4,00-0035710,224.81944
Daniel Jones,IND,QB,rush_yds,9.5,-116.0,-108.0,11.93,5.0,10.44,4,00-0035710,8.80719
Deebo Samuel,SF,WR,rec_yds,41.5,-110.0,-114.0,47.9,80.0,46.30398080562314,3,00-0035719,43.160399999999996
Deebo Samuel,SF,WR,rec,3.5,-155.0,122.0,4.26,0.0,4.117351598173515,3,00-0035719,4.06
Juwan Johnson,NO,TE,rec_yds,35.5,-114.0,-110.0,43.14,53.0,38.83,1,00-0036040,38.51464
Juwan Johnson,NO,TE,rec,3.5,103.0,-131.0,3.79,8.0,3.41,1,00-0036040,3.59
J.K. Dobbins,DEN,RB,rush_yds,52.5,-110.0,-115.0,51.8,49.0,46.621085726262834,1,00-0036158,47.999399999999994
Jonathan Taylor,IND,RB,rec_yds,20.5,-114.0,-110.0,21.93,4.0,21.932,5,00-0036223,17.813679999999998
Jonathan Taylor,IND,RB,rec,2.5,-168.0,131.0,2.64,2.0,2.6419999999999995,5,00-0036223,2.44
Jonathan Taylor,IND,RB,rush_yds,81.5,-110.0,-114.0,81.65,68.0,81.65400000000001,5,00-0036223,77.34195
Colby Parkinson,LA,TE,rec_yds,16.5,-117.0,-107.0,17.12,0.0,18.83,1,00-0036244,13.119120000000002
Colby Parkinson,LA,TE,rec,2.5,-120.0,-106.0,1.82,0.0,1.9999999999999998,1,00-0036244,1.62
Michael Pittman,PIT,WR,rec_yds,26.5,-115.0,-109.0,39.05,16.0,35.14,1,00-0036252,34.52279999999999
Michael Pittman,PIT,WR,rec,2.5,-151.0,118.0,3.74,2.0,3.37,1,00-0036252,3.54
Jauan Jennings,MIN,WR,rec_yds,14.5,-114.0,-110.0,36.37,1.0,32.730004118616144,1,00-0036259,31.907119999999995
Jauan Jennings,MIN,WR,rec,1.5,-103.0,-123.0,3.35,1.0,3.0209821428571426,1,00-0036259,3.15
Jordan Love,GB,QB,pass_tds,1.5,-128.0,100.0,1.88,2.0,1.88,0,00-0036264,1.7916
Jordan Love,GB,QB,pass_yds,233.5,-111.0,-113.0,237.28,312.0,237.28,0,00-0036264,239.18743999999998
Jordan Love,GB,QB,rush_yds,8.5,-109.0,-115.0,9.29,0.0,9.29,0,00-0036264,6.212069999999999
AJ Dillon,CAR,RB,rush_yds,13.5,-114.0,-110.0,9.42,16.0,9.42,0,00-0036265,6.33986
D'Andre Swift,CHI,RB,rec_yds,13.5,-115.0,-109.0,17.1,4.0,17.43897345132744,5,00-0036275,13.099600000000002
D'Andre Swift,CHI,RB,rec,2.5,133.0,-170.0,1.99,2.0,2.0304060913705584,5,00-0036275,1.79
D'Andre Swift,CHI,RB,rush_yds,61.5,-110.0,-114.0,59.6,84.0,60.79260538344337,5,00-0036275,55.6668
Cole Kmet,CHI,TE,rec_yds,7.5,-117.0,-108.0,10.62,0.0,10.62,0,00-0036290,6.775119999999999
Cole Kmet,CHI,TE,rec,1.5,133.0,-170.0,1.08,0.0,1.08,0,00-0036290,0.8800000000000001
Darnell Mooney,NYG,WR,rec_yds,17.5,-112.0,-112.0,21.33,20.0,19.2,1,00-0036309,17.22808
Darnell Mooney,NYG,WR,rec,1.5,-105.0,-121.0,1.47,2.0,1.32,1,00-0036309,1.27
Justin Jefferson,MIN,WR,rec_yds,74.5,-113.0,-111.0,71.38,32.0,80.30499999999999,4,00-0036322,66.07687999999999
Justin Jefferson,MIN,WR,rec,5.5,-139.0,109.0,5.5,2.0,6.1875,4,00-0036322,5.3
Justin Herbert,LAC,QB,pass_tds,1.5,135.0,-173.0,1.49,1.0,1.49,5,00-0036355,1.3743
Justin Herbert,LAC,QB,pass_yds,228.5,-113.0,-111.0,232.47,226.0,232.468,5,00-0036355,234.86806
Justin Herbert,LAC,QB,rush_yds,19.5,-116.0,-108.0,25.33,17.0,25.331999999999997,5,00-0036355,21.979389999999995
CeeDee Lamb,DAL,WR,rec_yds,83.5,-113.0,-111.0,83.89,112.0,87.24600000000001,5,00-0036358,78.28663999999999
CeeDee Lamb,DAL,WR,rec,6.5,-114.0,-112.0,6.44,7.0,6.698000000000001,5,00-0036358,6.24
Jalen Hurts,PHI,QB,pass_tds,1.5,123.0,-157.0,1.59,0.0,1.4764285714285716,7,00-0036389,1.4813000000000003
Jalen Hurts,PHI,QB,pass_yds,216.5,-113.0,-111.0,228.81,153.0,212.4664285714286,7,00-0036389,231.58138000000002
Jalen Hurts,PHI,QB,rush_yds,26.5,-108.0,-116.0,29.52,25.0,27.410711126233412,7,00-0036389,26.09816
Tee Higgins,CIN,WR,rec_yds,54.5,-111.0,-113.0,61.14,90.0,66.03,5,00-0036410,56.08264
Tee Higgins,CIN,WR,rec,4.5,130.0,-166.0,4.07,6.0,4.396000000000001,5,00-0036410,3.87
Joe Burrow,CIN,QB,pass_tds,1.5,-110.0,-116.0,1.88,3.0,2.0349999999999997,6,00-0036442,1.7916
Joe Burrow,CIN,QB,pass_yds,252.5,-113.0,-111.0,248.55,282.0,269.26666666666665,6,00-0036442,249.30790000000002
Joe Burrow,CIN,QB,rush_yds,5.5,-120.0,-105.0,10.43,13.0,11.298333333333334,6,00-0036442,7.3326899999999995
Rashod Bateman,BAL,WR,rec_yds,42.5,-112.0,-112.0,42.44,37.0,38.19599999999999,1,00-0036550,37.83144
Rashod Bateman,BAL,WR,rec,3.5,115.0,-147.0,2.85,2.0,2.5619133574007225,1,00-0036550,2.65
Chuba Hubbard,CAR,RB,rec_yds,14.5,-115.0,-109.0,16.38,28.0,18.348,5,00-0036555,12.39688
Chuba Hubbard,CAR,RB,rec,2.5,-102.0,-125.0,2.38,4.0,2.6679999999999997,5,00-0036555,2.1799999999999997
Chuba Hubbard,CAR,RB,rush_yds,67.5,-113.0,-111.0,58.76,82.0,65.81400000000001,5,00-0036555,54.84108
Jaylen Waddle,DEN,WR,rec_yds,61.5,-113.0,-111.0,67.62,10.0,67.62,4,00-0036613,62.407120000000006
Jaylen Waddle,DEN,WR,rec,4.5,-157.0,123.0,4.96,2.0,4.95454945054945,4,00-0036613,4.76
Dyami Brown,WAS,WR,rec_yds,8.5,-107.0,-118.0,8.58,0.0,8.58,0,00-0036626,4.784079999999999
Dyami Brown,WAS,WR,rec,1.5,137.0,-175.0,0.76,0.0,0.76,0,00-0036626,0.56
Rhamondre Stevenson,NE,RB,rec_yds,15.5,-107.0,-117.0,19.22,16.0,19.22,2,00-0036875,15.168719999999997
Rhamondre Stevenson,NE,RB,rec,2.5,-106.0,-120.0,2.29,3.0,2.29,2,00-0036875,2.09
Rhamondre Stevenson,NE,RB,rush_yds,35.5,-109.0,-115.0,39.27,22.0,39.27,2,00-0036875,35.68241
Najee Harris,NYG,RB,rush_yds,21.5,-111.0,-113.0,9.11,52.0,9.11,0,00-0036893,6.035129999999999
Pat Freiermuth,PIT,TE,rec_yds,36.5,-110.0,-114.0,32.77,30.0,29.49,1,00-0036894,28.393520000000002
Pat Freiermuth,PIT,TE,rec,3.5,-142.0,111.0,3.21,2.0,2.89,1,00-0036894,3.01
Ja'Marr Chase,CIN,WR,rec_yds,75.5,-113.0,-111.0,81.5,98.0,84.76,5,00-0036900,75.954
Ja'Marr Chase,CIN,WR,rec,6.5,-123.0,-103.0,6.72,9.0,6.988,5,00-0036900,6.52
DeVonta Smith,PHI,WR,rec_yds,71.5,-111.0,-113.0,81.08,65.0,79.72990528567064,6,00-0036912,75.54408
DeVonta Smith,PHI,WR,rec,5.5,-115.0,-111.0,6.09,6.0,5.988912601626017,6,00-0036912,5.89
Amon-Ra St. Brown,DET,WR,rec_yds,76.5,-112.0,-112.0,84.78,19.0,81.38799999999999,5,00-0036963,79.15527999999999
Amon-Ra St. Brown,DET,WR,rec,7.5,102.0,-130.0,7.09,4.0,6.805999999999999,5,00-0036963,6.89
Kyle Pitts,ATL,TE,rec_yds,36.5,-111.0,-113.0,38.9,5.0,38.9,0,00-0036970,34.376400000000004
Kyle Pitts,ATL,TE,rec,3.5,-124.0,-103.0,3.67,1.0,3.67,0,00-0036970,3.4699999999999998
Trevor Lawrence,JAX,QB,pass_tds,1.5,-110.0,-116.0,1.78,3.0,1.8519999999999999,5,00-0036971,1.6846
Trevor Lawrence,JAX,QB,pass_yds,226.5,-112.0,-112.0,228.81,182.0,237.96200000000005,5,00-0036971,231.58138000000002
Trevor Lawrence,JAX,QB,rush_yds,16.5,-108.0,-116.0,19.43,25.0,20.208,5,00-0036971,16.17969
Travis Etienne,NO,RB,rec_yds,9.5,-108.0,-116.0,15.48,13.0,15.48,2,00-0036973,11.51848
Travis Etienne,NO,RB,rec,1.5,-143.0,112.0,2.18,2.0,2.1799999999999997,2,00-0036973,1.9800000000000002
Travis Etienne,NO,RB,rush_yds,39.5,-111.0,-113.0,41.4,57.0,41.4,2,00-0036973,37.776199999999996
Javonte Williams,DAL,RB,rec_yds,14.5,-111.0,-114.0,16.51,5.0,15.272499999999999,4,00-0036997,12.523760000000003
Javonte Williams,DAL,RB,rec,2.5,-134.0,105.0,2.85,2.0,2.6350000000000002,4,00-0036997,2.65
Javonte Williams,DAL,RB,rush_yds,54.5,-111.0,-113.0,61.15,98.0,56.5625,4,00-0036997,57.19045
Tommy Tremble,CAR,TE,rec_yds,10.5,-105.0,-120.0,14.34,41.0,12.91,1,00-0037005,10.40584
Tommy Tremble,CAR,TE,rec,1.5,-124.0,-103.0,1.54,3.0,1.39,1,00-0037005,1.34
Jaylen Warren,PIT,RB,rec_yds,26.5,-110.0,-114.0,21.19,49.0,19.069999999999997,3,00-0037228,17.091440000000002
Jaylen Warren,PIT,RB,rec,4.5,118.0,-151.0,2.66,3.0,2.396666666666667,3,00-0037228,2.46
Jaylen Warren,PIT,RB,rush_yds,56.5,-112.0,-112.0,52.23,127.0,47.00333333333334,3,00-0037228,48.42209
Drake London,ATL,WR,rec_yds,69.5,-111.0,-113.0,67.84,194.0,67.84,0,00-0037238,62.62183999999999
Drake London,ATL,WR,rec,5.5,-115.0,-111.0,5.33,9.0,5.33,0,00-0037238,5.13
Chris Olave,NO,WR,rec_yds,77.5,-114.0,-110.0,80.6,107.0,81.94752862794087,6,00-0037239,75.0756
Chris Olave,NO,WR,rec,6.5,113.0,-144.0,6.15,9.0,6.252332242225859,6,00-0037239,5.95
Jameson Williams,DET,WR,rec_yds,56.5,-111.0,-113.0,52.93,49.0,56.46,3,00-0037240,48.069680000000005
Jameson Williams,DET,WR,rec,3.5,-149.0,117.0,3.29,4.0,3.5100000000000002,3,00-0037240,3.09
George Pickens,DAL,WR,rec_yds,65.5,-113.0,-111.0,72.85,82.0,78.315,4,00-0037247,67.51159999999999
George Pickens,DAL,WR,rec,5.5,105.0,-134.0,5.21,7.0,5.6000000000000005,4,00-0037247,5.01
James Cook,BUF,RB,rec_yds,12.5,-117.0,-108.0,14.7,0.0,15.288,5,00-0037248,10.7572
James Cook,BUF,RB,rec,1.5,-155.0,122.0,1.81,0.0,1.8820000000000001,5,00-0037248,1.61
James Cook,BUF,RB,rush_yds,80.5,-114.0,-110.0,82.91,154.0,86.226,5,00-0037248,78.58053
Greg Dulcich,MIA,TE,rec_yds,23.5,-116.0,-108.0,27.16,55.0,24.44,1,00-0037252,22.91816
Greg Dulcich,MIA,TE,rec,2.5,109.0,-139.0,2.65,5.0,2.38,1,00-0037252,2.4499999999999997
Rachaad White,WAS,RB,rec_yds,16.5,-113.0,-111.0,11.71,6.0,10.54,1,00-0037256,7.83896
Rachaad White,WAS,RB,rec,2.5,-120.0,-107.0,1.89,1.0,1.7,1,00-0037256,1.69
Rachaad White,WAS,RB,rush_yds,19.5,-110.0,-114.0,23.51,35.0,21.16,1,00-0037256,20.190330000000003
Khalil Shakir,BUF,WR,rec_yds,42.5,-111.0,-113.0,41.86,6.0,46.05,1,00-0037261,37.26536
Khalil Shakir,BUF,WR,rec,3.5,-160.0,125.0,3.91,1.0,4.3,1,00-0037261,3.71
Tyler Allgeier,ARI,RB,rec_yds,7.5,-109.0,-115.0,7.73,10.0,6.96,1,00-0037263,3.95448
Tyler Allgeier,ARI,RB,rush_yds,33.5,-116.0,-108.0,27.07,-1.0,24.36,1,00-0037263,23.68981
Jalen Nailor,LV,WR,rec_yds,24.5,-115.0,-109.0,19.66,16.0,17.69,2,00-0037291,15.59816
Jalen Nailor,LV,WR,rec,2.5,118.0,-150.0,1.43,1.0,1.29,2,00-0037291,1.23
Rashid Shaheed,SEA,WR,rec_yds,29.5,-109.0,-115.0,34.58,14.0,38.040000000000006,1,00-0037545,30.160079999999997
Rashid Shaheed,SEA,WR,rec,2.5,-102.0,-125.0,2.4,2.0,2.64,1,00-0037545,2.1999999999999997
Garrett Wilson,NYJ,WR,rec_yds,80.5,-114.0,-110.0,68.01,107.0,66.31,4,00-0037740,62.787760000000006
Garrett Wilson,NYJ,WR,rec,6.5,-112.0,-114.0,5.71,10.0,5.5675,4,00-0037740,5.51
Jahan Dotson,ATL,WR,rec_yds,17.5,-113.0,-111.0,24.83,11.0,24.83,0,00-0037741,20.64408
Jahan Dotson,ATL,WR,rec,1.5,-126.0,-101.0,2.01,1.0,2.01,0,00-0037741,1.8099999999999998
Trey McBride,ARI,TE,rec_yds,67.5,-114.0,-110.0,62.17,75.0,73.04749999999999,4,00-0037744,57.08792
Trey McBride,ARI,TE,rec,7.5,107.0,-137.0,6.61,9.0,7.765,4,00-0037744,6.41
Brian Robinson,ATL,RB,rush_yds,24.5,-112.0,-112.0,28.3,50.0,28.3,0,00-0037746,24.898899999999998
Jeremy Ruckert,NYJ,TE,rec_yds,8.5,-110.0,-114.0,9.25,39.0,9.25,0,00-0037805,5.438000000000001
Jeremy Ruckert,NYJ,TE,rec,1.5,188.0,-244.0,1.16,5.0,1.16,0,00-0037805,0.96
Romeo Doubs,NE,WR,rec_yds,42.5,-112.0,-112.0,49.22,49.0,54.14,1,00-0037816,44.448719999999994
Romeo Doubs,NE,WR,rec,3.5,127.0,-163.0,3.45,3.0,3.7999999999999994,1,00-0037816,3.25
Brock Purdy,SF,QB,pass_tds,1.5,-168.0,131.0,2.13,4.0,2.236666666666667,6,00-0037834,2.0591
Brock Purdy,SF,QB,pass_yds,236.5,-112.0,-112.0,267.95,297.0,281.3516666666667,6,00-0037834,266.7291
Brock Purdy,SF,QB,rush_yds,16.5,-116.0,-108.0,21.51,34.0,22.584999999999997,6,00-0037834,18.224330000000002
Isaiah Likely,NYG,TE,rec_yds,41.5,-113.0,-111.0,45.98,13.0,39.84666666666667,3,00-0037838,41.28648
Isaiah Likely,NYG,TE,rec,4.5,123.0,-157.0,4.34,2.0,3.763333333333333,3,00-0037838,4.14
Kyren Williams,LA,RB,rec_yds,12.5,-110.0,-114.0,15.44,70.0,15.44,4,00-0037840,11.479439999999999
Kyren Williams,LA,RB,rec,2.5,131.0,-168.0,2.25,6.0,2.25,4,00-0037840,2.05
Kyren Williams,LA,RB,rush_yds,52.5,-113.0,-111.0,60.36,88.0,60.36,4,00-0037840,56.41388
Jake Ferguson,DAL,TE,rec_yds,28.5,-114.0,-110.0,29.79,23.0,32.77,1,00-0038041,25.485039999999998
Jake Ferguson,DAL,TE,rec,3.5,-126.0,-101.0,3.72,3.0,4.09,1,00-0038041,3.52
Skyy Moore,GB,WR,rec_yds,10.5,-115.0,-109.0,10.91,31.0,10.91,0,00-0038090,7.058160000000001
Skyy Moore,GB,WR,rec,1.5,124.0,-158.0,1.02,3.0,1.02,0,00-0038090,0.8200000000000001
Tyquan Thornton,KC,WR,rec_yds,19.5,-115.0,-109.0,23.96,22.0,26.360000000000003,1,00-0038104,19.79496
Tyquan Thornton,KC,WR,rec,1.5,121.0,-155.0,1.46,2.0,1.6100000000000003,1,00-0038104,1.26
Wan'Dale Robinson,TEN,WR,rec_yds,30.5,-110.0,-114.0,35.25,57.0,31.73,1,00-0038117,30.813999999999997
Wan'Dale Robinson,TEN,WR,rec,3.5,-109.0,-117.0,3.64,7.0,3.28,1,00-0038117,3.44
Breece Hall,NYJ,RB,rec_yds,21.5,-112.0,-112.0,27.16,23.0,31.237499999999997,4,00-0038120,22.91816
Breece Hall,NYJ,RB,rec,3.5,123.0,-157.0,3.1,3.0,3.5650000000000004,4,00-0038120,2.9
Breece Hall,NYJ,RB,rush_yds,60.5,-112.0,-112.0,64.08,32.0,73.6925,4,00-0038120,60.07064
Christian Watson,GB,WR,rec_yds,71.5,-110.0,-114.0,76.1,96.0,76.1,0,00-0038124,70.68359999999998
Christian Watson,GB,WR,rec,5.5,119.0,-152.0,4.83,7.0,4.83,0,00-0038124,4.63
Malik Willis,MIA,QB,pass_tds,0.5,-227.0,176.0,1.15,0.0,0.9474999999999999,4,00-0038128,1.0105
Malik Willis,MIA,QB,pass_yds,175.5,-113.0,-111.0,209.76,210.0,173.05249999999998,4,00-0038128,214.47447999999997
Malik Willis,MIA,QB,rush_yds,32.5,-116.0,-108.0,29.37,56.0,24.2325,4,00-0038128,25.95071
Cade Otton,TB,TE,rec_yds,27.5,-116.0,-108.0,28.25,56.0,25.43,1,00-0038129,23.982
Cade Otton,TB,TE,rec,3.5,135.0,-173.0,2.91,3.0,2.62,1,00-0038129,2.71
Kenneth Walker III,KC,RB,rec_yds,23.5,-111.0,-113.0,25.26,3.0,25.259999999999998,6,00-0038134,21.063760000000002
Kenneth Walker III,KC,RB,rec,3.5,103.0,-131.0,3.06,2.0,3.06,6,00-0038134,2.86
Kenneth Walker III,KC,RB,rush_yds,86.5,-114.0,-110.0,81.42,70.0,81.42,6,00-0038134,77.11586
Dontayvion Wicks,PHI,WR,rec_yds,42.5,-112.0,-112.0,43.68,32.0,48.922864417063586,5,00-0038393,39.04168
Dontayvion Wicks,PHI,WR,rec,3.5,123.0,-157.0,3.18,2.0,3.5578943719327563,5,00-0038393,2.98
Keaton Mitchell,LAC,RB,rush_yds,13.5,-118.0,-106.0,15.63,52.0,17.19,1,00-0038454,12.44429
Bijan Robinson,ATL,RB,rec_yds,38.5,-109.0,-115.0,39.24,19.0,39.24,0,00-0038542,34.70824
Bijan Robinson,ATL,RB,rec,4.5,-135.0,106.0,4.4,2.0,4.4,0,00-0038542,4.2
Bijan Robinson,ATL,RB,rush_yds,78.5,-111.0,-113.0,76.23,194.0,76.23,0,00-0038542,72.01409
Jaxon Smith-Njigba,SEA,WR,rec_yds,94.5,-111.0,-113.0,98.72,128.0,90.824,5,00-0038543,92.76071999999999
Jaxon Smith-Njigba,SEA,WR,rec,6.5,-127.0,100.0,6.61,10.0,6.082,5,00-0038543,6.41
Quentin Johnston,LAC,WR,rec_yds,37.5,-113.0,-111.0,43.72,40.0,39.35,1,00-0038544,39.08072
Quentin Johnston,LAC,WR,rec,3.5,137.0,-176.0,3.17,3.0,2.85,1,00-0038544,2.9699999999999998
Tank Bigsby,PHI,RB,rush_yds,12.5,-114.0,-110.0,18.53,0.0,17.599882877858338,2,00-0038555,15.29499
Darnell Washington,PIT,TE,rec_yds,14.5,-110.0,-114.0,11.85,67.0,11.85,0,00-0038558,7.9756
Darnell Washington,PIT,TE,rec,1.5,-127.0,100.0,1.23,3.0,1.23,0,00-0038558,1.03
Michael Wilson,ARI,WR,rec_yds,46.5,-112.0,-112.0,46.32,89.0,50.95,1,00-0038559,41.61832
Michael Wilson,ARI,WR,rec,3.5,-163.0,128.0,3.74,11.0,4.11,1,00-0038559,3.54
Tre Tucker,LV,WR,rec_yds,39.5,-112.0,-112.0,38.61,43.0,38.61,2,00-0038563,34.093360000000004
Tre Tucker,LV,WR,rec,3.5,111.0,-142.0,2.99,4.0,2.99,2,00-0038563,2.79
Chase Brown,CIN,RB,rec_yds,23.5,-111.0,-113.0,24.25,8.0,22.43,4,00-0038597,20.078
Chase Brown,CIN,RB,rec,3.5,102.0,-130.0,3.86,2.0,3.5700000000000003,4,00-0038597,3.6599999999999997
Chase Brown,CIN,RB,rush_yds,62.5,-114.0,-110.0,64.37,61.0,59.542500000000004,4,00-0038597,60.35571
Parker Washington,JAX,WR,rec_yds,68.5,-114.0,-110.0,67.29,40.0,69.98200000000001,5,00-0038606,62.085040000000006
Parker Washington,JAX,WR,rec,5.5,119.0,-152.0,4.98,3.0,5.180000000000001,5,00-0038606,4.78
Kayshon Boutte,HOU,WR,rec_yds,37.5,-111.0,-113.0,30.45,21.0,27.41,1,00-0038608,26.129199999999997
Kayshon Boutte,HOU,WR,rec,2.5,-122.0,-105.0,2.11,2.0,1.9,1,00-0038608,1.91
Chris Rodriguez,JAX,RB,rush_yds,20.5,-107.0,-117.0,18.33,37.0,18.33,0,00-0038611,15.098389999999997
Xavier Hutchinson,HOU,WR,rec_yds,38.5,-114.0,-110.0,31.88,51.0,35.07,1,00-0038618,27.52488
Xavier Hutchinson,HOU,WR,rec,3.5,112.0,-143.0,2.41,3.0,2.65,1,00-0038618,2.21
Demario Douglas,NE,WR,rec_yds,29.5,-110.0,-114.0,31.11,38.0,28.0,1,00-0038621,26.77336
Demario Douglas,NE,WR,rec,2.5,-146.0,115.0,2.57,1.0,2.31,1,00-0038621,2.3699999999999997
Chris Brooks,GB,RB,rec_yds,6.5,-115.0,-109.0,9.27,4.0,9.27,0,00-0038685,5.457519999999999
Chris Brooks,GB,RB,rec,1.5,128.0,-164.0,1.3,1.0,1.3,0,00-0038685,1.1
Chris Brooks,GB,RB,rush_yds,14.5,-110.0,-114.0,18.86,0.0,18.86,0,00-0038685,15.619379999999998
Jared Wayne,HOU,WR,rec_yds,15.5,-112.0,-112.0,10.43,20.0,10.43,0,00-0038728,6.5896799999999995
Jared Wayne,HOU,WR,rec,1.5,101.0,-129.0,0.89,1.0,0.89,0,00-0038728,0.69
Emanuel Wilson,SEA,RB,rush_yds,29.5,-111.0,-113.0,21.58,14.0,23.74,1,00-0038797,18.29314
Dalton Kincaid,BUF,TE,rec_yds,59.5,-111.0,-113.0,58.64,38.0,60.105,4,00-0038933,53.64264
Dalton Kincaid,BUF,TE,rec,4.5,-103.0,-124.0,4.31,2.0,4.4175,4,00-0038933,4.109999999999999
Brenton Strange,JAX,TE,rec_yds,31.5,-113.0,-111.0,33.77,32.0,37.15,1,00-0038935,29.369520000000005
Brenton Strange,JAX,TE,rec,2.5,-178.0,139.0,3.29,3.0,3.6200000000000006,1,00-0038935,3.09
Jordan Addison,MIN,WR,rec_yds,36.5,-110.0,-114.0,52.88,90.0,47.587821964708986,1,00-0038994,48.020880000000005
Jordan Addison,MIN,WR,rec,3.5,129.0,-165.0,4.1,5.0,3.6955782312925165,1,00-0038994,3.8999999999999995
Tucker Kraft,GB,TE,rec_yds,45.5,-110.0,-114.0,46.14,26.0,46.14,0,00-0038996,41.44264
Tucker Kraft,GB,TE,rec,3.5,-166.0,130.0,3.57,4.0,3.57,0,00-0038996,3.3699999999999997
Josh Downs,IND,WR,rec_yds,50.5,-110.0,-114.0,48.94,77.0,52.203333333333326,3,00-0038997,44.175439999999995
Josh Downs,IND,WR,rec,4.5,-134.0,105.0,4.33,5.0,4.62,3,00-0038997,4.13
Devon Achane,MIA,RB,rec_yds,27.5,-116.0,-109.0,26.85,0.0,27.525000000000002,4,00-0039040,22.6156
Devon Achane,MIA,RB,rec,3.5,-120.0,-107.0,3.49,0.0,3.5774999999999997,4,00-0039040,3.29
Devon Achane,MIA,RB,rush_yds,60.5,-109.0,-115.0,64.32,17.0,65.92750000000001,4,00-0039040,60.30655999999999
Zay Flowers,BAL,WR,rec_yds,46.5,-110.0,-114.0,76.2,84.0,78.74040842579194,3,00-0039064,70.7812
Zay Flowers,BAL,WR,rec,3.5,104.0,-132.0,4.88,5.0,5.043484087102177,3,00-0039064,4.68
Sam LaPorta,DET,TE,rec_yds,48.5,-112.0,-112.0,44.91,44.0,51.64500000000001,2,00-0039065,40.24216
Sam LaPorta,DET,TE,rec,4.5,-127.0,-101.0,4.13,3.0,4.750000000000001,2,00-0039065,3.9299999999999997
Michael Mayer,LV,TE,rec_yds,20.5,-113.0,-111.0,15.66,32.0,15.66,2,00-0039066,11.69416
Michael Mayer,LV,TE,rec,2.5,110.0,-141.0,1.78,3.0,1.78,2,00-0039066,1.58
Rashee Rice,KC,WR,rec_yds,49.5,-110.0,-114.0,59.47,88.0,69.875,4,00-0039067,54.45272
Rashee Rice,KC,WR,rec,4.5,115.0,-147.0,5.02,7.0,5.895,4,00-0039067,4.819999999999999
Jahmyr Gibbs,DET,RB,rec_yds,35.5,-111.0,-113.0,33.82,65.0,34.38333333333334,6,00-0039139,29.418319999999998
Jahmyr Gibbs,DET,RB,rec,4.5,-102.0,-124.0,4.06,7.0,4.126666666666666,6,00-0039139,3.8599999999999994
Jahmyr Gibbs,DET,RB,rush_yds,89.5,-113.0,-111.0,92.29,99.0,93.82833333333333,6,00-0039139,87.80107000000001
Bryce Young,CAR,QB,pass_tds,1.5,122.0,-156.0,1.84,1.0,1.8083333333333333,6,00-0039150,1.7488000000000001
Bryce Young,CAR,QB,pass_yds,218.5,-113.0,-111.0,222.46,291.0,218.75333333333333,6,00-0039150,225.87908
Bryce Young,CAR,QB,rush_yds,15.5,-108.0,-116.0,14.87,0.0,14.623333333333335,6,00-0039150,11.697209999999998
C.J. Stroud,HOU,QB,pass_tds,1.5,131.0,-168.0,1.45,1.0,1.33,5,00-0039163,1.3315000000000001
C.J. Stroud,HOU,QB,pass_yds,236.5,-113.0,-111.0,254.08,167.0,233.75199999999998,5,00-0039163,254.27384
C.J. Stroud,HOU,QB,rush_yds,10.5,-117.0,-107.0,14.08,10.0,12.952,5,00-0039163,10.92064
Malik Nabers,NYG,WR,rec_yds,55.5,-114.0,-110.0,61.94,26.0,51.099999999999994,4,00-0039337,56.86344
Malik Nabers,NYG,WR,rec,4.5,-111.0,-114.0,4.85,5.0,4.0025,4,00-0039337,4.6499999999999995
Brock Bowers,LV,TE,rec_yds,48.5,-109.0,-115.0,50.98,116.0,54.805,4,00-0039338,46.16647999999999
Brock Bowers,LV,TE,rec,4.5,-123.0,-104.0,4.88,10.0,5.2475,4,00-0039338,4.68
Bucky Irving,TB,RB,rec_yds,16.5,-109.0,-115.0,19.5,12.0,23.4,3,00-0039361,15.442
Bucky Irving,TB,RB,rec,2.5,-136.0,106.0,2.6,2.0,3.12,3,00-0039361,2.4
Bucky Irving,TB,RB,rush_yds,58.5,-110.0,-114.0,56.92,46.0,68.30333333333334,3,00-0039361,53.03236
Sione Vaki,DET,RB,rush_yds,10.5,-105.0,-120.0,11.64,26.0,11.64,0,00-0039364,8.522120000000001
Ryan Flournoy,DAL,WR,rec_yds,30.5,-109.0,-116.0,29.46,22.0,26.51,1,00-0039410,25.16296
Ryan Flournoy,DAL,WR,rec,3.5,126.0,-161.0,2.62,2.0,2.36,1,00-0039410,2.42
Devaughn Vele,NO,WR,rec_yds,49.5,-111.0,-113.0,44.66,39.0,49.12599999999999,2,00-0039424,39.99816
Devaughn Vele,NO,WR,rec,4.5,119.0,-152.0,3.71,3.0,4.083016304347826,2,00-0039424,3.51
Isaiah Williams,NYJ,WR,rec_yds,35.5,-109.0,-115.0,17.91,21.0,15.225000000000001,2,00-0039451,13.890160000000002
Isaiah Williams,NYJ,WR,rec,3.5,103.0,-132.0,1.77,1.0,1.505,2,00-0039451,1.57
Jalen Coker,CAR,WR,rec_yds,57.5,-113.0,-111.0,48.11,18.0,46.50666666666667,3,00-0039491,43.365359999999995
Jalen Coker,CAR,WR,rec,4.5,-130.0,102.0,3.93,2.0,3.8000000000000003,3,00-0039491,3.73
Bo Nix,DEN,QB,pass_tds,1.5,111.0,-142.0,1.42,2.0,1.525,4,00-0039732,1.2994
Bo Nix,DEN,QB,pass_yds,213.5,-110.0,-114.0,230.52,186.0,247.80749999999998,4,00-0039732,233.11696
Bo Nix,DEN,QB,rush_yds,15.5,-107.0,-117.0,17.53,7.0,18.844999999999995,4,00-0039732,14.31199
Blake Corum,LA,RB,rec_yds,0.5,124.0,-155.0,3.15,0.0,2.83,1,00-0039738,0.0
Blake Corum,LA,RB,rec,0.5,104.0,-132.0,0.48,2.0,0.43,1,00-0039738,0.27999999999999997
Blake Corum,LA,RB,rush_yds,50.5,-113.0,-111.0,42.93,15.0,38.64,1,00-0039738,39.28019
Roman Wilson,PIT,WR,rec_yds,23.5,-110.0,-114.0,18.59,60.0,16.73,1,00-0039739,14.553840000000001
Roman Wilson,PIT,WR,rec,2.5,114.0,-146.0,1.75,3.0,1.57,1,00-0039739,1.55
Will Shipley,PHI,RB,rec_yds,2.5,-110.0,-114.0,3.58,11.0,3.58,0,00-0039746,0.0
AJ Barner,SEA,TE,rec_yds,19.5,-110.0,-114.0,25.01,69.0,22.51,1,00-0039793,20.819760000000002
AJ Barner,SEA,TE,rec,2.5,-106.0,-120.0,2.38,5.0,2.14,1,00-0039793,2.1799999999999997
Braelon Allen,NYJ,RB,rush_yds,16.5,-116.0,-108.0,17.81,14.0,16.919999999999998,2,00-0039794,14.58723
MarShawn Lloyd,GB,RB,rec_yds,5.5,-109.0,-115.0,7.38,7.0,7.38,0,00-0039811,3.6128799999999996
MarShawn Lloyd,GB,RB,rec,0.5,-239.0,184.0,1.02,2.0,1.02,0,00-0039811,0.8200000000000001
MarShawn Lloyd,GB,RB,rush_yds,23.5,-109.0,-115.0,39.73,11.0,39.73,0,00-0039811,36.134589999999996
Marvin Harrison Jr.,ARI,WR,rec_yds,33.5,-109.0,-115.0,34.11,40.0,30.7,1,00-0039849,29.701359999999998
Marvin Harrison Jr.,ARI,WR,rec,2.5,110.0,-140.0,2.55,3.0,2.29,1,00-0039849,2.3499999999999996
Drake Maye,NE,QB,pass_tds,1.5,135.0,-173.0,1.46,0.0,1.3419999999999999,5,00-0039851,1.3422
Drake Maye,NE,QB,pass_yds,222.5,-112.0,-112.0,238.96,199.0,219.842,5,00-0039851,240.69608
Drake Maye,NE,QB,rush_yds,26.5,-110.0,-115.0,28.77,18.0,26.468,5,00-0039851,25.360909999999997
Jalen McMillan,TB,WR,rec_yds,14.5,-108.0,-116.0,20.32,0.0,18.29,1,00-0039855,16.24232
Jalen McMillan,TB,WR,rec,1.5,129.0,-166.0,1.57,0.0,1.41,1,00-0039855,1.37
Malik Washington,MIA,WR,rec_yds,39.5,-112.0,-112.0,43.33,56.0,39.0,1,00-0039880,38.70008
Malik Washington,MIA,WR,rec,3.5,-131.0,102.0,3.78,5.0,3.4,1,00-0039880,3.5799999999999996
Brian Thomas Jr.,JAX,WR,rec_yds,34.5,-112.0,-112.0,42.51,8.0,38.26,1,00-0039893,37.89976
Brian Thomas Jr.,JAX,WR,rec,2.5,-157.0,123.0,3.04,1.0,2.74,1,00-0039893,2.84
Xavier Worthy,KC,WR,rec_yds,38.5,-109.0,-115.0,39.78,20.0,43.76,1,00-0039894,35.23528
Xavier Worthy,KC,WR,rec,3.5,-104.0,-123.0,3.31,2.0,3.6399999999999997,1,00-0039894,3.11
Ladd McConkey,LAC,WR,rec_yds,59.5,-112.0,-112.0,55.33,66.0,59.01999999999999,3,00-0039915,50.41208
Ladd McConkey,LAC,WR,rec,4.5,-148.0,116.0,4.35,4.0,4.64,3,00-0039915,4.1499999999999995
Michael Penix Jr.,ATL,QB,pass_tds,1.5,190.0,-247.0,1.22,1.0,1.22,0,00-0039917,1.0854000000000001
Michael Penix Jr.,ATL,QB,pass_yds,210.5,-111.0,-113.0,209.74,256.0,209.74,0,00-0039917,214.45652
Michael Penix Jr.,ATL,QB,rush_yds,4.5,-119.0,-106.0,6.99,-2.0,6.99,0,00-0039917,3.9511700000000003
Rome Odunze,CHI,WR,rec_yds,25.5,-111.0,-113.0,39.49,44.0,37.514993588099514,4,00-0039919,34.95224
Rome Odunze,CHI,WR,rec,2.5,117.0,-150.0,2.65,3.0,2.5185114503816792,4,00-0039919,2.4499999999999997
Darius Cooper,PHI,WR,rec_yds,3.5,-114.0,-110.0,10.86,0.0,10.86,0,00-0040024,7.009359999999999
Darius Cooper,PHI,WR,rec,0.5,-139.0,109.0,0.87,0.0,0.87,0,00-0040024,0.6699999999999999
LaJohntay Wester,BAL,WR,rec_yds,13.5,-109.0,-115.0,8.21,0.0,8.21,0,00-0040075,4.422960000000002
LaJohntay Wester,BAL,WR,rec,1.5,115.0,-147.0,0.63,0.0,0.63,0,00-0040075,0.43
Ashton Jeanty,LV,RB,rec_yds,22.5,-109.0,-115.0,23.09,37.0,25.862,5,00-0040122,18.94584
Ashton Jeanty,LV,RB,rec,3.5,-156.0,122.0,3.48,3.0,3.8999999999999995,5,00-0040122,3.28
Ashton Jeanty,LV,RB,rush_yds,69.5,-113.0,-111.0,63.32,56.0,70.91600000000001,5,00-0040122,59.32356
Tetairoa McMillan,CAR,WR,rec_yds,61.5,-115.0,-110.0,64.58,17.0,66.195,4,00-0040124,59.440079999999995
Tetairoa McMillan,CAR,WR,rec,4.5,-129.0,101.0,4.49,2.0,4.6025,4,00-0040124,4.29
Colston Loveland,CHI,TE,rec_yds,33.5,-109.0,-115.0,38.27,31.0,36.35650000000001,4,00-0040126,33.761520000000004
Colston Loveland,CHI,TE,rec,3.5,113.0,-144.0,3.44,4.0,3.267492625368731,4,00-0040126,3.2399999999999998
Tyler Warren,IND,TE,rec_yds,47.5,-110.0,-114.0,43.88,55.0,48.27,2,00-0040128,39.23688
Tyler Warren,IND,TE,rec,4.5,-138.0,108.0,4.23,9.0,4.65,2,00-0040128,4.03
Emeka Egbuka,TB,WR,rec_yds,49.5,-114.0,-110.0,48.18,62.0,53.0,1,00-0040129,43.433679999999995
Emeka Egbuka,TB,WR,rec,4.5,115.0,-147.0,3.49,5.0,3.8399999999999994,1,00-0040129,3.29
Kyle Williams,NE,WR,rec_yds,8.5,-111.0,-113.0,11.21,34.0,11.21,0,00-0040131,7.350960000000001
Kyle Williams,NE,WR,rec,0.5,-186.0,145.0,0.84,1.0,0.84,0,00-0040131,0.6399999999999999
Pat Bryant,DEN,WR,rec_yds,26.5,-116.0,-108.0,27.35,44.0,24.6139185448794,1,00-0040134,23.1036
Pat Bryant,DEN,WR,rec,2.5,-115.0,-110.0,2.27,2.0,2.0429999999999997,1,00-0040134,2.07
Jaylin Noel,HOU,WR,rec_yds,28.5,-114.0,-110.0,25.04,17.0,22.54,1,00-0040138,20.84904
Jaylin Noel,HOU,WR,rec,2.5,113.0,-144.0,1.81,2.0,1.63,1,00-0040138,1.61
Kaleb Johnson,GB,RB,rush_yds,39.5,-115.0,-110.0,23.92,6.0,23.92,0,00-0040142,20.593360000000004
Elic Ayomanor,TEN,WR,rec_yds,13.5,-110.0,-114.0,20.36,11.0,18.32,1,00-0040170,16.28136
Elic Ayomanor,TEN,WR,rec,1.5,123.0,-157.0,1.42,1.0,1.28,1,00-0040170,1.22
Oronde Gadsden,LAC,TE,rec_yds,37.5,-112.0,-112.0,45.12,0.0,40.61,1,00-0040189,40.44712
Oronde Gadsden,LAC,TE,rec,3.5,102.0,-130.0,3.69,0.0,3.32,1,00-0040189,3.4899999999999998
Ollie Gordon,MIA,RB,rush_yds,9.5,-105.0,-119.0,6.98,41.0,6.98,0,00-0040198,3.9413400000000003
Kyle Monangai,CHI,RB,rec_yds,8.5,-105.0,-119.0,8.44,0.0,9.072238267148014,4,00-0040236,4.64744
Kyle Monangai,CHI,RB,rec,1.5,116.0,-148.0,1.1,0.0,1.184027777777778,4,00-0040236,0.9000000000000001
Kyle Monangai,CHI,RB,rush_yds,38.5,-115.0,-109.0,37.39,31.0,40.194503801248985,4,00-0040236,33.83437
Jacory Croskey-Merritt,WAS,RB,rush_yds,37.5,-112.0,-112.0,40.48,36.0,44.529999999999994,1,00-0040242,36.87183999999999
Raheim Sanders,CLE,RB,rec_yds,2.5,-113.0,-111.0,4.94,34.0,4.94,0,00-0040466,1.23144
Raheim Sanders,CLE,RB,rec,0.5,-168.0,131.0,0.77,4.0,0.77,0,00-0040466,0.5700000000000001
Raheim Sanders,CLE,RB,rush_yds,7.5,-103.0,-122.0,9.97,17.0,9.97,0,00-0040466,6.880510000000001
Woody Marks,HOU,RB,rec_yds,11.5,-107.0,-117.0,10.47,6.0,9.42,1,00-0040583,6.628720000000001
Woody Marks,HOU,RB,rec,1.5,-148.0,116.0,1.46,1.0,1.31,1,00-0040583,1.26
Woody Marks,HOU,RB,rush_yds,30.5,-108.0,-116.0,29.45,15.0,26.5,1,00-0040583,26.02935
Gunnar Helm,TEN,TE,rec_yds,19.5,-112.0,-112.0,23.79,14.0,21.41,1,00-0040584,19.62904
Gunnar Helm,TEN,TE,rec,2.5,-128.0,100.0,2.81,2.0,2.53,1,00-0040584,2.61
Harold Fannin,CLE,TE,rec_yds,36.5,-113.0,-111.0,39.42,51.0,35.48,1,00-0040663,34.88392
Harold Fannin,CLE,TE,rec,3.5,-141.0,110.0,3.93,7.0,3.54,1,00-0040663,3.73
Omarion Hampton,LAC,RB,rec_yds,11.5,-108.0,-116.0,16.75,0.0,16.335,4,00-0040666,12.758
Omarion Hampton,LAC,RB,rec,1.5,-153.0,119.0,2.48,0.0,2.4175,4,00-0040666,2.28
Omarion Hampton,LAC,RB,rush_yds,59.5,-110.0,-114.0,67.36,56.0,65.6725,4,00-0040666,63.29487999999999
Matthew Golden,GB,WR,rec_yds,55.5,-114.0,-110.0,61.57,100.0,61.57,0,00-0040667,56.50232
Matthew Golden,GB,WR,rec,4.5,-103.0,-124.0,4.59,5.0,4.59,0,00-0040667,4.39
Isaac TeSlaa,DET,WR,rec_yds,16.5,-112.0,-112.0,16.5,66.0,14.025,2,00-0040669,12.514
Isaac TeSlaa,DET,WR,rec,1.5,110.0,-140.0,1.19,3.0,1.01,2,00-0040669,0.99
Cam Ward,TEN,QB,pass_tds,0.5,-198.0,154.0,1.24,1.0,1.3325,4,00-0040676,1.1068
Cam Ward,TEN,QB,pass_yds,176.5,-112.0,-112.0,201.05,181.0,216.13250000000002,4,00-0040676,206.6529
Cam Ward,TEN,QB,rush_yds,13.5,-113.0,-111.0,12.01,2.0,12.910000000000002,4,00-0040676,8.88583
Cam Skattebo,NYG,RB,rec_yds,13.5,-107.0,-117.0,15.05,40.0,16.935,4,00-0040715,11.0988
Cam Skattebo,NYG,RB,rec,2.5,146.0,-188.0,1.95,3.0,2.1975,4,00-0040715,1.75
Cam Skattebo,NYG,RB,rush_yds,60.5,-113.0,-111.0,60.96,60.0,68.5825,4,00-0040715,57.003679999999996
Travis Hunter,JAX,WR,rec_yds,3.5,-115.0,-109.0,7.98,0.0,7.98,0,00-0040718,4.19848
Travis Hunter,JAX,WR,rec,0.5,-159.0,125.0,0.71,0.0,0.71,0,00-0040718,0.51
Bhayshul Tuten,JAX,RB,rec_yds,10.5,-113.0,-111.0,8.85,17.0,9.74,1,00-0040719,5.047599999999999
Bhayshul Tuten,JAX,RB,rec,1.5,-122.0,-104.0,1.31,2.0,1.44,1,00-0040719,1.11
Bhayshul Tuten,JAX,RB,rush_yds,51.5,-111.0,-113.0,49.15,73.0,54.07,1,00-0040719,45.39445
Tre Harris,LAC,WR,rec_yds,30.5,-109.0,-115.0,30.22,76.0,27.2,1,00-0040727,25.904719999999998
Tre Harris,LAC,WR,rec,2.5,-122.0,-105.0,2.33,6.0,2.1,1,00-0040727,2.13
RJ Harvey,DEN,RB,rec_yds,17.5,-115.0,-109.0,23.01,41.0,20.714564691656594,1,00-0040730,18.86776
RJ Harvey,DEN,RB,rec,2.5,-145.0,113.0,3.08,6.0,2.773393665158371,1,00-0040730,2.88
RJ Harvey,DEN,RB,rush_yds,20.5,-109.0,-115.0,29.07,6.0,26.163,1,00-0040730,25.655810000000002
TreVeyon Henderson,NE,RB,rec_yds,9.5,-116.0,-109.0,9.32,6.0,10.250000000000002,1,00-0040734,5.5063200000000005
TreVeyon Henderson,NE,RB,rec,1.5,-125.0,-102.0,1.39,1.0,1.53,1,00-0040734,1.19
TreVeyon Henderson,NE,RB,rush_yds,43.5,-109.0,-115.0,43.0,23.0,47.3,1,00-0040734,39.349
Luther Burden,CHI,WR,rec_yds,34.5,-114.0,-110.0,44.76,61.0,42.52149469406186,4,00-0040735,40.09576
Luther Burden,CHI,WR,rec,3.5,103.0,-132.0,3.65,7.0,3.468005540166205,4,00-0040735,3.4499999999999997
Terrance Ferguson,LA,TE,rec_yds,50.5,-114.0,-110.0,28.43,9.0,25.59,1,00-0040737,24.15768
Terrance Ferguson,LA,TE,rec,4.5,122.0,-155.0,2.36,1.0,2.12,1,00-0040737,2.1599999999999997
Tyler Shough,NO,QB,pass_tds,1.5,104.0,-133.0,1.78,4.0,1.6900000000000002,6,00-0040743,1.6846
Tyler Shough,NO,QB,pass_yds,253.5,-112.0,-112.0,250.47,255.0,237.94666666666663,6,00-0040743,251.03206
Tyler Shough,NO,QB,rush_yds,15.5,-110.0,-114.0,16.94,36.0,16.093333333333334,6,00-0040743,13.73202
Quinshon Judkins,CLE,RB,rec_yds,13.5,-110.0,-114.0,15.45,9.0,15.446666666666667,3,00-0040784,11.489199999999999
Quinshon Judkins,CLE,RB,rec,2.5,-102.0,-125.0,2.26,2.0,2.2566666666666664,3,00-0040784,2.0599999999999996
Quinshon Judkins,CLE,RB,rush_yds,61.5,-111.0,-113.0,53.91,70.0,53.91000000000001,3,00-0040784,50.07352999999999
Makai Lemon,PHI,WR,rec_yds,24.5,-109.0,-115.0,35.89,29.0,33.197727735739235,4,00-0040867,31.438640000000003
Makai Lemon,PHI,WR,rec,2.5,-111.0,-114.0,2.92,3.0,2.700215053763441,4,00-0040867,2.7199999999999998
Mike Washington Jr.,LV,RB,rush_yds,15.5,-111.0,-113.0,14.17,54.0,14.17,0,00-0040878,11.00911
Emmett Johnson,KC,RB,rec_yds,10.5,-116.0,-108.0,8.46,0.0,7.61,1,00-0041013,4.666960000000001
Emmett Johnson,KC,RB,rec,1.5,100.0,-127.0,0.92,0.0,0.83,1,00-0041013,0.72
Emmett Johnson,KC,RB,rush_yds,26.5,-114.0,-110.0,19.99,17.0,17.99,1,00-0041013,16.73017
Jeremiyah Love,ARI,RB,rec_yds,14.5,-117.0,-107.0,19.71,19.0,18.396666666666665,3,00-0041027,15.64696
Jeremiyah Love,ARI,RB,rec,2.5,-105.0,-122.0,2.77,5.0,2.5866666666666664,3,00-0041027,2.57
Jeremiyah Love,ARI,RB,rush_yds,39.5,-109.0,-116.0,46.9,90.0,43.77333333333334,3,00-0041027,43.1827
Kenyon Sadiq,NYJ,TE,rec_yds,32.5,-109.0,-115.0,37.27,105.0,39.129999999999995,2,00-0041032,32.785520000000005
Kenyon Sadiq,NYJ,TE,rec,3.5,105.0,-134.0,3.7,7.0,3.8850000000000002,2,00-0041032,3.5
Denzel Boston,CLE,WR,rec_yds,46.5,-112.0,-112.0,45.56,41.0,41.0,1,00-0041037,40.87656
Denzel Boston,CLE,WR,rec,3.5,-109.0,-117.0,3.32,2.0,2.99,1,00-0041037,3.1199999999999997
Antonio Williams,WAS,WR,rec_yds,13.5,-113.0,-111.0,16.44,15.0,14.8,1,00-0041040,12.45544
Antonio Williams,WAS,WR,rec,1.5,-163.0,128.0,1.34,2.0,1.21,1,00-0041040,1.1400000000000001
Malachi Fields,NYG,WR,rec_yds,23.5,-115.0,-109.0,27.51,19.0,24.76,1,00-0041042,23.25976
Malachi Fields,NYG,WR,rec,2.5,140.0,-180.0,2.14,2.0,1.93,1,00-0041042,1.9400000000000002
Ted Hurst,TB,WR,rec_yds,25.5,-113.0,-111.0,19.37,40.0,17.43,1,00-0041048,15.31512
Ted Hurst,TB,WR,rec,2.5,143.0,-183.0,1.47,1.0,1.32,1,00-0041048,1.27
Kaelon Black,SF,RB,rush_yds,32.5,-109.0,-115.0,27.75,17.0,30.53,1,00-0041052,24.358249999999998
Bryce Lance,NO,WR,rec_yds,15.5,-114.0,-110.0,19.46,0.0,17.514000000000003,2,00-0041067,15.40296
Bryce Lance,NO,WR,rec,1.5,106.0,-135.0,1.52,0.0,1.368,2,00-0041067,1.32
Carnell Tate,TEN,WR,rec_yds,38.5,-114.0,-110.0,44.78,58.0,40.3,1,00-0041438,40.11528
Carnell Tate,TEN,WR,rec,3.5,101.0,-128.0,3.48,6.0,3.13,1,00-0041438,3.28
Jadarian Price,SEA,RB,rec_yds,8.5,-109.0,-115.0,10.91,7.0,10.91,2,00-0041512,7.058160000000001
Jadarian Price,SEA,RB,rec,1.5,-121.0,-105.0,1.26,1.0,1.2599999999999998,2,00-0041512,1.06
Jadarian Price,SEA,RB,rush_yds,56.5,-112.0,-112.0,52.21,15.0,52.21,2,00-0041512,48.402429999999995
Chris Bell,MIA,WR,rec_yds,19.5,-112.0,-112.0,22.58,67.0,24.84,1,00-0041525,18.448079999999997
Chris Bell,MIA,WR,rec,1.5,-115.0,-111.0,1.77,4.0,1.95,1,00-0041525,1.57
Kevin Coleman,MIA,WR,rec_yds,15.5,-116.0,-108.0,16.0,3.0,14.4,1,00-0041529,12.026
Kevin Coleman,MIA,WR,rec,1.5,104.0,-133.0,1.35,1.0,1.22,1,00-0041529,1.1500000000000001
KC Concepcion,CLE,WR,rec_yds,32.5,-113.0,-111.0,37.41,9.0,33.67,1,00-0041547,32.92215999999999
KC Concepcion,CLE,WR,rec,3.5,-131.0,103.0,3.43,2.0,3.09,1,00-0041547,3.23
KC Concepcion,CLE,WR,rush_yds,5.5,-106.0,-118.0,5.25,0.0,4.73,1,00-0041547,2.2407500000000002
