Analyst,Model,Player,ID,Pos,Team,Opp,Game,Kickoff,Proj,Median,Floor_p10,p25,p75,Ceiling_p90,StdDev,Injury,Status,Note,pass_yds,pass_tds,pass_int,rush_yds,rush_tds,rec,rec_yds,rec_tds,fumbles_lost,fg_made,fg_40plus,xp_made,sacks,ints,def_td,pts_allowed_exp,Generated
Robert Burke,Model_Burke v1,Puka Nacua,00-0039075,WR,LA,SF,San Francisco 49ers @ Los Angeles Rams,Thu 09/10 08:35 PM ET,21.38,20.25,10.9,14.64,26.02,33.85,8.43,Q,,,0.0,0.0,0.0,5.23,0.06,7.13,95.34,0.64,0.0,,,,,,,,2026-09-10 14:09 ET
Robert Burke,Model_Burke v1,Matthew Stafford,00-0026498,QB,LA,SF,San Francisco 49ers @ Los Angeles Rams,Thu 09/10 08:35 PM ET,17.49,17.37,7.77,12.04,22.8,27.38,7.97,,,,255.48,2.08,0.71,5.04,0.01,0.0,0.0,0.0,0.1,,,,,,,,2026-09-10 14:09 ET
Robert Burke,Model_Burke v1,Christian McCaffrey,00-0033280,RB,SF,LA,San Francisco 49ers @ Los Angeles Rams,Thu 09/10 08:35 PM ET,17.05,15.69,7.79,11.03,22.11,28.7,8.21,Q,,,0.0,0.0,0.0,60.6,0.29,4.22,38.43,0.21,0.06,,,,,,,,2026-09-10 14:09 ET
Robert Burke,Model_Burke v1,Brock Purdy,00-0037834,QB,SF,LA,San Francisco 49ers @ Los Angeles Rams,Thu 09/10 08:35 PM ET,16.69,16.41,6.37,11.18,21.9,27.25,7.94,,,,245.23,1.64,0.98,18.03,0.16,0.0,0.0,0.0,0.25,,,,,,,,2026-09-10 14:09 ET
Robert Burke,Model_Burke v1,Davante Adams,00-0031381,WR,LA,SF,San Francisco 49ers @ Los Angeles Rams,Thu 09/10 08:35 PM ET,14.23,13.72,3.87,8.2,19.6,24.67,8.45,,,,0.0,0.0,0.0,0.0,0.0,4.17,57.19,0.72,0.0,,,,,,,,2026-09-10 14:09 ET
Robert Burke,Model_Burke v1,Kyren Williams,00-0037840,RB,LA,SF,San Francisco 49ers @ Los Angeles Rams,Thu 09/10 08:35 PM ET,13.57,12.44,5.34,8.76,18.08,22.79,6.91,,,,0.0,0.0,0.0,63.36,0.63,1.62,12.94,0.12,0.1,,,,,,,,2026-09-10 14:09 ET
Robert Burke,Model_Burke v1,Mike Evans,00-0031408,WR,SF,LA,San Francisco 49ers @ Los Angeles Rams,Thu 09/10 08:35 PM ET,11.18,9.58,3.28,5.58,15.72,21.42,7.51,Q,,,0.0,0.0,0.0,0.0,0.0,4.15,50.91,0.32,0.0,,,,,,,,2026-09-10 14:09 ET
Robert Burke,Model_Burke v1,George Kittle,00-0033288,TE,SF,LA,San Francisco 49ers @ Los Angeles Rams,Thu 09/10 08:35 PM ET,10.44,9.16,2.98,5.5,14.5,19.91,6.66,Q,,,0.0,0.0,0.0,-0.04,0.0,4.19,45.75,0.28,0.0,,,,,,,,2026-09-10 14:09 ET
Robert Burke,Model_Burke v1,Deebo Samuel,00-0035719,WR,SF,LA,San Francisco 49ers @ Los Angeles Rams,Thu 09/10 08:35 PM ET,10.05,8.72,2.47,4.5,13.39,19.34,6.59,,,,0.0,0.0,0.0,5.35,0.03,4.04,40.78,0.2,0.0,,,,,,,,2026-09-10 14:09 ET
Robert Burke,Model_Burke v1,Harrison Mevis,,K,LA,SF,San Francisco 49ers @ Los Angeles Rams,Thu 09/10 08:35 PM ET,8.05,8.05,2.82,5.23,10.87,13.68,4.02,,,,,,,,,,,,,1.37,0.57,3.24,,,,,2026-09-10 14:09 ET
Robert Burke,Model_Burke v1,Eddy Pineiro,,K,SF,LA,San Francisco 49ers @ Los Angeles Rams,Thu 09/10 08:35 PM ET,7.57,7.57,2.65,4.92,10.22,12.86,3.78,,,,,,,,,,,,,1.48,0.59,2.3,,,,,2026-09-10 14:09 ET
Robert Burke,Model_Burke v1,Blake Corum,00-0039738,RB,LA,SF,San Francisco 49ers @ Los Angeles Rams,Thu 09/10 08:35 PM ET,7.45,6.02,1.38,2.97,10.17,16.29,5.33,,,,0.0,0.0,0.0,47.65,0.22,0.84,4.69,0.01,0.0,,,,,,,,2026-09-10 14:09 ET
Robert Burke,Model_Burke v1,De'Zhaun Stribling,,WR,SF,LA,San Francisco 49ers @ Los Angeles Rams,Thu 09/10 08:35 PM ET,7.28,6.18,1.31,3.12,10.46,14.8,5.44,Q,,,0.0,0.0,0.0,0.58,0.0,2.97,37.57,0.1,0.04,,,,,,,,2026-09-10 14:09 ET
Robert Burke,Model_Burke v1,Rams,,DST,LA,SF,San Francisco 49ers @ Los Angeles Rams,Thu 09/10 08:35 PM ET,6.15,6.15,2.15,3.99,8.3,10.45,3.07,,,,,,,,,,,,,,,,1.99,0.94,0.11,22.8,2026-09-10 14:09 ET
Robert Burke,Model_Burke v1,Terrance Ferguson,00-0040737,TE,LA,SF,San Francisco 49ers @ Los Angeles Rams,Thu 09/10 08:35 PM ET,5.46,3.87,0.56,1.97,7.32,12.13,3.96,Q,,,0.0,0.0,0.0,0.69,0.01,1.43,29.72,0.16,0.0,,,,,,,,2026-09-10 14:09 ET
Robert Burke,Model_Burke v1,Colby Parkinson,00-0036244,TE,LA,SF,San Francisco 49ers @ Los Angeles Rams,Thu 09/10 08:35 PM ET,4.99,3.55,0.15,1.55,7.01,11.48,4.05,,,,0.0,0.0,0.0,0.0,0.0,1.91,21.02,0.16,0.0,,,,,,,,2026-09-10 14:09 ET
Robert Burke,Model_Burke v1,Demarcus Robinson,00-0032775,WR,SF,LA,San Francisco 49ers @ Los Angeles Rams,Thu 09/10 08:35 PM ET,4.69,3.71,0.5,1.75,6.29,9.99,3.36,,,,0.0,0.0,0.0,0.11,0.0,1.63,21.77,0.15,0.0,,,,,,,,2026-09-10 14:09 ET
Robert Burke,Model_Burke v1,49ers,,DST,SF,LA,San Francisco 49ers @ Los Angeles Rams,Thu 09/10 08:35 PM ET,4.0,4.0,1.4,2.6,5.41,6.81,2.0,,,,,,,,,,,,,,,,1.32,0.59,0.08,25.8,2026-09-10 14:09 ET
Robert Burke,Model_Burke v1,Jordan James,00-0040177,RB,SF,LA,San Francisco 49ers @ Los Angeles Rams,Thu 09/10 08:35 PM ET,3.9,2.51,0.05,0.81,5.56,9.84,3.53,,,,0.0,0.0,0.0,19.57,0.08,0.77,5.76,0.03,0.04,,,,,,,,2026-09-10 14:09 ET
Robert Burke,Model_Burke v1,Tutu Atwell,00-0036849,WR,LA,SF,San Francisco 49ers @ Los Angeles Rams,Thu 09/10 08:35 PM ET,3.78,2.26,0.0,0.47,5.74,9.72,3.9,,,,0.0,0.0,0.0,0.57,0.0,1.49,18.87,0.06,0.0,,,,,,,,2026-09-10 14:09 ET
Robert Burke,Model_Burke v1,Tyler Higbee,00-0033110,TE,LA,SF,San Francisco 49ers @ Los Angeles Rams,Thu 09/10 08:35 PM ET,3.73,2.5,0.23,1.37,5.39,9.1,2.98,,,,0.0,0.0,0.0,0.0,0.0,1.38,17.31,0.1,0.0,,,,,,,,2026-09-10 14:09 ET
Robert Burke,Model_Burke v1,Kaelon Black,,RB,SF,LA,San Francisco 49ers @ Los Angeles Rams,Thu 09/10 08:35 PM ET,3.61,2.26,0.0,0.65,5.65,9.98,3.7,,,,0.0,0.0,0.0,17.64,0.08,0.75,5.61,0.03,0.04,,,,,,,,2026-09-10 14:09 ET
Robert Burke,Model_Burke v1,Kyle Juszczyk,,RB,SF,LA,San Francisco 49ers @ Los Angeles Rams,Thu 09/10 08:35 PM ET,3.48,1.96,0.0,0.4,5.44,10.0,3.73,Q,,,0.0,0.0,0.0,1.55,0.01,1.48,11.14,0.11,0.0,,,,,,,,2026-09-10 14:09 ET
Robert Burke,Model_Burke v1,Jacob Cowing,00-0039365,WR,SF,LA,San Francisco 49ers @ Los Angeles Rams,Thu 09/10 08:35 PM ET,3.16,1.82,0.0,0.27,4.2,8.53,2.91,Q,,,0.0,0.0,0.0,0.0,0.0,1.2,15.2,0.07,0.0,,,,,,,,2026-09-10 14:09 ET
Robert Burke,Model_Burke v1,Davis Allen,00-0039074,TE,LA,SF,San Francisco 49ers @ Los Angeles Rams,Thu 09/10 08:35 PM ET,3.07,2.17,0.0,0.73,4.4,8.09,2.71,Q,,,0.0,0.0,0.0,0.0,0.0,1.16,10.05,0.15,0.0,,,,,,,,2026-09-10 14:09 ET
Robert Burke,Model_Burke v1,Jake Tonges,00-0037112,TE,SF,LA,San Francisco 49ers @ Los Angeles Rams,Thu 09/10 08:35 PM ET,2.71,1.62,0.0,0.65,3.85,7.2,2.37,,,,0.0,0.0,0.0,0.0,0.0,1.04,9.54,0.13,0.04,,,,,,,,2026-09-10 14:09 ET
Robert Burke,Model_Burke v1,Jordan Whittington,00-0039751,WR,LA,SF,San Francisco 49ers @ Los Angeles Rams,Thu 09/10 08:35 PM ET,2.69,1.44,0.02,0.21,3.79,7.71,2.65,,,,0.0,0.0,0.0,0.59,0.0,1.14,11.73,0.05,0.0,,,,,,,,2026-09-10 14:09 ET
Robert Burke,Model_Burke v1,Konata Mumpfield,00-0040590,WR,LA,SF,San Francisco 49ers @ Los Angeles Rams,Thu 09/10 08:35 PM ET,2.07,0.96,0.0,0.0,2.95,6.19,2.19,,,,0.0,0.0,0.0,0.0,0.0,0.98,8.6,0.04,0.0,,,,,,,,2026-09-10 14:09 ET
Robert Burke,Model_Burke v1,Luke Farrell,00-0036887,TE,SF,LA,San Francisco 49ers @ Los Angeles Rams,Thu 09/10 08:35 PM ET,1.94,1.23,0.0,0.0,2.39,5.73,1.77,,,,0.0,0.0,0.0,0.0,0.0,0.83,5.92,0.13,0.12,,,,,,,,2026-09-10 14:09 ET
Robert Burke,Model_Burke v1,Max Klare,,TE,LA,SF,San Francisco 49ers @ Los Angeles Rams,Thu 09/10 08:35 PM ET,1.74,1.1,0.0,0.0,2.13,7.07,1.58,,,,0.0,0.0,0.0,0.0,0.0,0.7,7.1,0.06,0.0,,,,,,,,2026-09-10 14:09 ET
Robert Burke,Model_Burke v1,Xavier Smith,00-0038359,WR,LA,SF,San Francisco 49ers @ Los Angeles Rams,Thu 09/10 08:35 PM ET,1.61,0.18,0.0,0.0,2.34,5.23,1.74,,,,0.0,0.0,0.0,0.0,0.0,0.51,8.56,0.04,0.0,,,,,,,,2026-09-10 14:09 ET
Robert Burke,Model_Burke v1,Ty Simpson,,QB,LA,SF,San Francisco 49ers @ Los Angeles Rams,Thu 09/10 08:35 PM ET,1.24,0.0,0.0,0.0,2.18,7.89,1.61,,,,18.72,0.11,0.01,0.84,0.0,0.0,0.0,0.0,0.0,,,,,,,,2026-09-10 14:09 ET
Robert Burke,Model_Burke v1,Ronnie Rivers,00-0037557,RB,LA,SF,San Francisco 49ers @ Los Angeles Rams,Thu 09/10 08:35 PM ET,1.23,0.37,0.0,0.12,1.54,3.36,1.06,,,,0.0,0.0,0.0,7.42,0.02,0.18,1.35,0.01,0.0,,,,,,,,2026-09-10 14:09 ET
Robert Burke,Model_Burke v1,Mac Jones,00-0036972,QB,SF,LA,San Francisco 49ers @ Los Angeles Rams,Thu 09/10 08:35 PM ET,1.05,0.0,0.0,0.0,1.98,7.69,1.46,,,,17.92,0.13,0.05,0.82,0.0,0.0,0.0,0.0,0.08,,,,,,,,2026-09-10 14:09 ET
Robert Burke,Model_Burke v1,Jordan Watkins,00-0040172,WR,SF,LA,San Francisco 49ers @ Los Angeles Rams,Thu 09/10 08:35 PM ET,0.46,0.0,0.0,0.0,0.49,2.59,0.36,,,,0.0,0.0,0.0,0.0,0.0,0.2,2.56,0.0,0.0,,,,,,,,2026-09-10 14:09 ET
