Player,ID,Pos,Team,Opp,Game,Kickoff,Proj,Median,Floor_p10,p25,p75,Ceiling_p90,StdDev,Baseline_FFA,Injury
Jaxon Smith-Njigba,00-0038543,WR,SEA,NE,New England Patriots @ Seattle Seahawks,Wed 09/09 08:20 PM ET,17.75,16.82,11.28,14.2,19.73,25.29,4.09,17.6,
Drake Maye,00-0039851,QB,NE,SEA,New England Patriots @ Seattle Seahawks,Wed 09/09 08:20 PM ET,16.41,15.48,6.73,11.42,20.0,25.23,6.36,16.28,
A.J. Brown,00-0035676,WR,NE,SEA,New England Patriots @ Seattle Seahawks,Wed 09/09 08:20 PM ET,14.97,14.04,8.5,11.42,16.95,22.51,4.09,14.78,
Sam Darnold,00-0034869,QB,SEA,NE,New England Patriots @ Seattle Seahawks,Wed 09/09 08:20 PM ET,14.65,13.72,4.97,9.66,18.24,23.47,6.36,14.35,
Jadarian Price,ffa_17473,RB,SEA,NE,New England Patriots @ Seattle Seahawks,Wed 09/09 08:20 PM ET,12.1,11.16,6.18,8.57,14.09,19.56,4.09,11.83,
Rhamondre Stevenson,00-0036875,RB,NE,SEA,New England Patriots @ Seattle Seahawks,Wed 09/09 08:20 PM ET,11.27,10.33,5.34,7.74,13.26,18.73,4.09,11.0,
Romeo Doubs,00-0037816,WR,NE,SEA,New England Patriots @ Seattle Seahawks,Wed 09/09 08:20 PM ET,8.81,7.88,2.34,5.26,10.79,16.35,4.09,8.57,
Jason Myers,,K,SEA,NE,New England Patriots @ Seattle Seahawks,Wed 09/09 08:20 PM ET,8.4,8.4,2.94,5.46,11.34,14.28,4.2,9.82,
Rashid Shaheed,00-0037545,WR,SEA,NE,New England Patriots @ Seattle Seahawks,Wed 09/09 08:20 PM ET,8.32,7.39,1.84,4.77,10.29,15.85,4.09,8.06,
Andres Borregales,,K,NE,SEA,New England Patriots @ Seattle Seahawks,Wed 09/09 08:20 PM ET,8.3,8.3,2.9,5.4,11.21,14.11,4.15,5.67,
Hunter Henry,00-0033090,TE,NE,SEA,New England Patriots @ Seattle Seahawks,Wed 09/09 08:20 PM ET,8.24,7.31,3.25,5.33,9.75,14.41,3.27,8.11,
Cooper Kupp,00-0033908,WR,SEA,NE,New England Patriots @ Seattle Seahawks,Wed 09/09 08:20 PM ET,7.9,6.97,1.43,4.35,9.88,15.44,4.09,7.64,
TreVeyon Henderson,00-0040734,RB,NE,SEA,New England Patriots @ Seattle Seahawks,Wed 09/09 08:20 PM ET,7.68,6.75,1.76,4.16,9.68,15.14,4.09,7.42,Q
AJ Barner,00-0039793,TE,SEA,NE,New England Patriots @ Seattle Seahawks,Wed 09/09 08:20 PM ET,6.51,5.58,1.52,3.6,8.02,12.68,3.27,6.15,
Demario Douglas,00-0038621,WR,NE,SEA,New England Patriots @ Seattle Seahawks,Wed 09/09 08:20 PM ET,6.01,5.08,-0.47,2.46,7.98,13.55,4.09,5.74,
Seahawks,,DST,SEA,NE,New England Patriots @ Seattle Seahawks,Wed 09/09 08:20 PM ET,5.9,5.9,2.06,3.84,7.97,10.03,2.95,8.55,
Mack Hollins,00-0033555,WR,NE,SEA,New England Patriots @ Seattle Seahawks,Wed 09/09 08:20 PM ET,4.77,3.84,-1.71,1.22,6.74,12.31,4.09,4.51,
George Holani,00-0039299,RB,SEA,NE,New England Patriots @ Seattle Seahawks,Wed 09/09 08:20 PM ET,4.58,3.65,-1.34,1.06,6.58,12.04,4.09,4.32,
Tory Horton,00-0040648,WR,SEA,NE,New England Patriots @ Seattle Seahawks,Wed 09/09 08:20 PM ET,4.37,3.44,-2.1,0.82,6.35,11.91,4.09,4.1,Q
Emanuel Wilson,00-0038797,RB,SEA,NE,New England Patriots @ Seattle Seahawks,Wed 09/09 08:20 PM ET,3.81,2.88,-2.11,0.28,5.8,11.27,4.09,3.54,
Patriots,,DST,NE,SEA,New England Patriots @ Seattle Seahawks,Wed 09/09 08:20 PM ET,3.8,3.8,1.33,2.47,5.13,6.46,1.9,5.97,
Corey Kiner,00-0040556,RB,NE,SEA,New England Patriots @ Seattle Seahawks,Wed 09/09 08:20 PM ET,2.63,1.7,-3.29,-0.89,4.62,10.09,4.09,2.36,
Eli Raridon,ffa_17607,TE,NE,SEA,New England Patriots @ Seattle Seahawks,Wed 09/09 08:20 PM ET,2.62,1.69,-2.37,-0.29,4.13,8.79,3.27,2.4,
Eric Saubert,00-0033576,TE,SEA,NE,New England Patriots @ Seattle Seahawks,Wed 09/09 08:20 PM ET,2.33,1.4,-2.66,-0.58,3.84,8.5,3.27,2.01,
Elijah Arroyo,00-0040739,TE,SEA,NE,New England Patriots @ Seattle Seahawks,Wed 09/09 08:20 PM ET,2.31,1.38,-2.68,-0.6,3.82,8.48,3.27,1.99,
Kyle Williams,00-0040131,WR,NE,SEA,New England Patriots @ Seattle Seahawks,Wed 09/09 08:20 PM ET,2.18,1.25,-4.29,-1.37,4.16,9.72,4.09,1.93,
Ricky White,ffa_17084,WR,SEA,NE,New England Patriots @ Seattle Seahawks,Wed 09/09 08:20 PM ET,1.35,0.42,-5.12,-2.2,3.33,8.89,4.09,1.05,
Efton Chism,00-0040563,WR,NE,SEA,New England Patriots @ Seattle Seahawks,Wed 09/09 08:20 PM ET,1.23,0.3,-5.24,-2.32,3.21,8.77,4.09,0.96,
Drew Lock,00-0035704,QB,SEA,NE,New England Patriots @ Seattle Seahawks,Wed 09/09 08:20 PM ET,0.94,0.01,-8.73,-4.05,4.54,9.76,6.36,0.57,
Reggie Gilliam,ffa_15103,RB,NE,SEA,New England Patriots @ Seattle Seahawks,Wed 09/09 08:20 PM ET,0.77,-0.16,-5.15,-2.76,2.76,8.23,4.09,0.5,
Tommy DeVito,00-0038476,QB,NE,SEA,New England Patriots @ Seattle Seahawks,Wed 09/09 08:20 PM ET,0.51,-0.42,-9.16,-4.48,4.11,9.34,6.36,0.15,
Puka Nacua,00-0039075,WR,LA,SF,San Francisco 49ers @ Los Angeles Rams,Thu 09/10 08:35 PM ET,21.31,20.38,14.83,17.76,23.28,28.85,4.09,21.1,Q
Matthew Stafford,00-0026498,QB,LA,SF,San Francisco 49ers @ Los Angeles Rams,Thu 09/10 08:35 PM ET,17.88,16.95,8.2,12.89,21.47,26.7,6.36,17.7,
Christian McCaffrey,00-0033280,RB,SF,LA,San Francisco 49ers @ Los Angeles Rams,Thu 09/10 08:35 PM ET,17.53,16.6,11.61,14.01,19.53,24.99,4.09,17.27,Q
Brock Purdy,00-0037834,QB,SF,LA,San Francisco 49ers @ Los Angeles Rams,Thu 09/10 08:35 PM ET,16.92,15.99,7.24,11.93,20.52,25.74,6.36,16.71,
Davante Adams,00-0031381,WR,LA,SF,San Francisco 49ers @ Los Angeles Rams,Thu 09/10 08:35 PM ET,14.19,13.26,7.72,10.64,16.17,21.73,4.09,13.95,
Kyren Williams,00-0037840,RB,LA,SF,San Francisco 49ers @ Los Angeles Rams,Thu 09/10 08:35 PM ET,13.71,12.78,7.79,10.19,15.71,21.17,4.09,13.45,
Mike Evans,00-0031408,WR,SF,LA,San Francisco 49ers @ Los Angeles Rams,Thu 09/10 08:35 PM ET,11.14,10.21,4.66,7.59,13.11,18.67,4.09,10.9,Q
George Kittle,00-0033288,TE,SF,LA,San Francisco 49ers @ Los Angeles Rams,Thu 09/10 08:35 PM ET,10.6,9.67,5.61,7.69,12.11,16.77,3.27,10.36,Q
Deebo Samuel,00-0035719,WR,SF,LA,San Francisco 49ers @ Los Angeles Rams,Thu 09/10 08:35 PM ET,10.03,9.1,3.56,6.48,12.01,17.57,4.09,9.77,
Harrison Mevis,,K,LA,SF,San Francisco 49ers @ Los Angeles Rams,Thu 09/10 08:35 PM ET,8.2,8.2,2.87,5.33,11.07,13.94,4.1,7.77,
Eddy Pineiro,,K,SF,LA,San Francisco 49ers @ Los Angeles Rams,Thu 09/10 08:35 PM ET,8.1,8.1,2.83,5.26,10.94,13.77,4.05,6.58,
Blake Corum,00-0039738,RB,LA,SF,San Francisco 49ers @ Los Angeles Rams,Thu 09/10 08:35 PM ET,7.47,6.54,1.55,3.95,9.46,14.93,4.09,7.2,
De'Zhaun Stribling,ffa_17514,WR,SF,LA,San Francisco 49ers @ Los Angeles Rams,Thu 09/10 08:35 PM ET,7.26,6.33,0.79,3.71,9.24,14.8,4.09,7.0,Q
Rams,,DST,LA,SF,San Francisco 49ers @ Los Angeles Rams,Thu 09/10 08:35 PM ET,5.9,5.9,2.06,3.84,7.97,10.03,2.95,6.6,
Terrance Ferguson,00-0040737,TE,LA,SF,San Francisco 49ers @ Los Angeles Rams,Thu 09/10 08:35 PM ET,5.64,4.71,0.65,2.73,7.15,11.8,3.27,5.25,Q
Colby Parkinson,00-0036244,TE,LA,SF,San Francisco 49ers @ Los Angeles Rams,Thu 09/10 08:35 PM ET,5.11,4.17,0.12,2.2,6.62,11.27,3.27,4.78,
Demarcus Robinson,00-0032775,WR,SF,LA,San Francisco 49ers @ Los Angeles Rams,Thu 09/10 08:35 PM ET,4.68,3.75,-1.79,1.13,6.66,12.22,4.09,4.41,
Jordan James,00-0040177,RB,SF,LA,San Francisco 49ers @ Los Angeles Rams,Thu 09/10 08:35 PM ET,3.94,3.01,-1.98,0.41,5.93,11.4,4.09,3.67,
49ers,,DST,SF,LA,San Francisco 49ers @ Los Angeles Rams,Thu 09/10 08:35 PM ET,3.9,3.9,1.36,2.54,5.26,6.63,1.95,4.2,
Tyler Higbee,00-0033110,TE,LA,SF,San Francisco 49ers @ Los Angeles Rams,Thu 09/10 08:35 PM ET,3.84,2.91,-1.15,0.93,5.35,10.01,3.27,3.51,
Tutu Atwell,00-0036849,WR,LA,SF,San Francisco 49ers @ Los Angeles Rams,Thu 09/10 08:35 PM ET,3.78,2.85,-2.7,0.23,5.75,11.31,4.09,3.5,
Kaelon Black,ffa_17485,RB,SF,LA,San Francisco 49ers @ Los Angeles Rams,Thu 09/10 08:35 PM ET,3.65,2.72,-2.27,0.12,5.64,11.11,4.09,3.38,
Kyle Juszczyk,ffa_11367,RB,SF,LA,San Francisco 49ers @ Los Angeles Rams,Thu 09/10 08:35 PM ET,3.52,2.59,-2.4,-0.01,5.51,10.98,4.09,3.25,Q
Davis Allen,00-0039074,TE,LA,SF,San Francisco 49ers @ Los Angeles Rams,Thu 09/10 08:35 PM ET,3.2,2.27,-1.79,0.29,4.71,9.37,3.27,2.85,Q
Jacob Cowing,00-0039365,WR,SF,LA,San Francisco 49ers @ Los Angeles Rams,Thu 09/10 08:35 PM ET,3.16,2.23,-3.32,-0.39,5.13,10.7,4.09,2.88,Q
Jake Tonges,00-0037112,TE,SF,LA,San Francisco 49ers @ Los Angeles Rams,Thu 09/10 08:35 PM ET,2.84,1.91,-2.15,-0.07,4.35,9.01,3.27,2.51,
Jordan Whittington,00-0039751,WR,LA,SF,San Francisco 49ers @ Los Angeles Rams,Thu 09/10 08:35 PM ET,2.69,1.76,-3.78,-0.86,4.67,10.23,4.09,2.41,
Konata Mumpfield,00-0040590,WR,LA,SF,San Francisco 49ers @ Los Angeles Rams,Thu 09/10 08:35 PM ET,2.08,1.15,-4.39,-1.47,4.06,9.62,4.09,1.79,
Luke Farrell,00-0036887,TE,SF,LA,San Francisco 49ers @ Los Angeles Rams,Thu 09/10 08:35 PM ET,1.96,1.03,-3.03,-0.95,3.47,8.13,3.27,1.6,
Max Klare,ffa_17547,TE,LA,SF,San Francisco 49ers @ Los Angeles Rams,Thu 09/10 08:35 PM ET,1.77,0.84,-3.22,-1.14,3.28,7.93,3.27,1.39,
Xavier Smith,00-0038359,WR,LA,SF,San Francisco 49ers @ Los Angeles Rams,Thu 09/10 08:35 PM ET,1.62,0.69,-4.86,-1.93,3.59,9.15,4.09,1.33,
Ty Simpson,ffa_17463,QB,LA,SF,San Francisco 49ers @ Los Angeles Rams,Thu 09/10 08:35 PM ET,1.21,0.28,-8.47,-3.78,4.81,10.03,6.36,0.87,
Ronnie Rivers,00-0037557,RB,LA,SF,San Francisco 49ers @ Los Angeles Rams,Thu 09/10 08:35 PM ET,1.12,0.19,-4.8,-2.41,3.11,8.58,4.09,0.85,
Mac Jones,00-0036972,QB,SF,LA,San Francisco 49ers @ Los Angeles Rams,Thu 09/10 08:35 PM ET,1.0,0.07,-8.67,-3.99,4.6,9.83,6.36,0.65,
Jordan Watkins,00-0040172,WR,SF,LA,San Francisco 49ers @ Los Angeles Rams,Thu 09/10 08:35 PM ET,0.5,-0.43,-5.98,-3.05,2.47,8.04,4.09,0.18,
Ja'Marr Chase,00-0036900,WR,CIN,TB,Tampa Bay Buccaneers @ Cincinnati Bengals,Sun 09/13 01:00 PM ET,21.52,20.59,15.05,17.97,23.49,29.06,4.09,21.26,Q
Jahmyr Gibbs,00-0039139,RB,DET,NO,New Orleans Saints @ Detroit Lions,Sun 09/13 01:00 PM ET,21.37,20.44,15.45,17.84,23.36,28.83,4.09,21.1,
Josh Allen,00-0034857,QB,BUF,HOU,Buffalo Bills @ Houston Texans,Sun 09/13 01:00 PM ET,20.22,19.29,10.55,15.23,23.82,29.05,6.36,20.12,
Amon-Ra St. Brown,00-0036963,WR,DET,NO,New Orleans Saints @ Detroit Lions,Sun 09/13 01:00 PM ET,19.78,18.85,13.31,16.23,21.76,27.32,4.09,19.65,
Lamar Jackson,00-0034796,QB,BAL,IND,Baltimore Ravens @ Indianapolis Colts,Sun 09/13 01:00 PM ET,19.56,18.63,9.89,14.57,23.16,28.39,6.36,19.38,
Joe Burrow,00-0036442,QB,CIN,TB,Tampa Bay Buccaneers @ Cincinnati Bengals,Sun 09/13 01:00 PM ET,19.27,18.34,9.6,14.28,22.87,28.1,6.36,19.08,
Bijan Robinson,00-0038542,RB,ATL,PIT,Atlanta Falcons @ Pittsburgh Steelers,Sun 09/13 01:00 PM ET,18.41,17.48,12.49,14.88,20.4,25.87,4.09,18.14,
Jonathan Taylor,00-0036223,RB,IND,BAL,Baltimore Ravens @ Indianapolis Colts,Sun 09/13 01:00 PM ET,18.32,17.39,12.4,14.8,20.31,25.78,4.09,18.05,
Trevor Lawrence,00-0036971,QB,JAX,CLE,Cleveland Browns @ Jacksonville Jaguars,Sun 09/13 01:00 PM ET,18.15,17.22,8.48,13.16,21.75,26.97,6.36,18.19,
Baker Mayfield,00-0034855,QB,TB,CIN,Tampa Bay Buccaneers @ Cincinnati Bengals,Sun 09/13 01:00 PM ET,17.72,16.79,8.05,12.73,21.32,26.54,6.36,17.51,
Jared Goff,00-0033106,QB,DET,NO,New Orleans Saints @ Detroit Lions,Sun 09/13 01:00 PM ET,17.59,16.66,7.92,12.6,21.19,26.41,6.36,17.47,
Caleb Williams,00-0039918,QB,CHI,CAR,Chicago Bears @ Carolina Panthers,Sun 09/13 01:00 PM ET,17.45,16.52,7.78,12.46,21.05,26.28,6.36,17.33,
Derrick Henry,00-0032764,RB,BAL,IND,Baltimore Ravens @ Indianapolis Colts,Sun 09/13 01:00 PM ET,17.2,16.27,11.28,13.67,19.19,24.66,4.09,16.93,
Chris Olave,00-0037239,WR,NO,DET,New Orleans Saints @ Detroit Lions,Sun 09/13 01:00 PM ET,16.85,15.92,10.37,13.3,18.82,24.38,4.09,16.71,
Chase Brown,00-0038597,RB,CIN,TB,Tampa Bay Buccaneers @ Cincinnati Bengals,Sun 09/13 01:00 PM ET,16.69,15.76,10.77,13.16,18.68,24.15,4.09,16.42,
Bryce Young,00-0039150,QB,CAR,CHI,Chicago Bears @ Carolina Panthers,Sun 09/13 01:00 PM ET,16.21,15.28,6.54,11.22,19.81,25.04,6.36,16.0,
C.J. Stroud,00-0039163,QB,HOU,BUF,Buffalo Bills @ Houston Texans,Sun 09/13 01:00 PM ET,16.18,15.25,6.51,11.19,19.78,25.0,6.36,15.97,
James Cook,00-0037248,RB,BUF,HOU,Buffalo Bills @ Houston Texans,Sun 09/13 01:00 PM ET,15.83,14.9,9.91,12.3,17.82,23.29,4.09,15.56,
Daniel Jones,00-0035710,QB,IND,BAL,Baltimore Ravens @ Indianapolis Colts,Sun 09/13 01:00 PM ET,15.55,14.62,5.88,10.56,19.15,24.37,6.36,15.33,
Aaron Rodgers,00-0023459,QB,PIT,ATL,Atlanta Falcons @ Pittsburgh Steelers,Sun 09/13 01:00 PM ET,15.45,14.52,5.78,10.46,19.05,24.28,6.36,15.22,
Tyler Shough,00-0040743,QB,NO,DET,New Orleans Saints @ Detroit Lions,Sun 09/13 01:00 PM ET,15.43,14.5,5.75,10.44,19.03,24.25,6.36,15.3,
Drake London,00-0037238,WR,ATL,PIT,Atlanta Falcons @ Pittsburgh Steelers,Sun 09/13 01:00 PM ET,15.36,14.43,8.89,11.81,17.34,22.9,4.09,15.2,
Cam Ward,00-0040676,QB,TEN,NYJ,New York Jets @ Tennessee Titans,Sun 09/13 01:00 PM ET,15.07,14.14,5.4,10.08,18.67,23.9,6.36,14.83,
Garrett Wilson,00-0037740,WR,NYJ,TEN,New York Jets @ Tennessee Titans,Sun 09/13 01:00 PM ET,14.92,13.99,8.45,11.37,16.9,22.46,4.09,14.69,
Zay Flowers,00-0039064,WR,BAL,IND,Baltimore Ravens @ Indianapolis Colts,Sun 09/13 01:00 PM ET,14.7,13.77,8.22,11.15,16.67,22.24,4.09,14.45,Q
Tee Higgins,00-0036410,WR,CIN,TB,Tampa Bay Buccaneers @ Cincinnati Bengals,Sun 09/13 01:00 PM ET,14.52,13.59,8.05,10.97,16.5,22.06,4.09,14.23,Q
Travis Etienne,00-0036973,RB,NO,DET,New Orleans Saints @ Detroit Lions,Sun 09/13 01:00 PM ET,13.94,13.01,8.02,10.42,15.94,21.4,4.09,13.68,
Tetairoa McMillan,00-0040124,WR,CAR,CHI,Chicago Bears @ Carolina Panthers,Sun 09/13 01:00 PM ET,13.54,12.61,7.06,9.99,15.51,21.07,4.09,13.31,
Nico Collins,00-0036554,WR,HOU,BUF,Buffalo Bills @ Houston Texans,Sun 09/13 01:00 PM ET,13.52,12.59,7.05,9.97,15.5,21.06,4.09,13.29,
Geno Smith,00-0030565,QB,NYJ,TEN,New York Jets @ Tennessee Titans,Sun 09/13 01:00 PM ET,13.16,12.23,3.49,8.17,16.76,21.99,6.36,12.87,
Tua Tagovailoa,00-0036212,QB,ATL,PIT,Atlanta Falcons @ Pittsburgh Steelers,Sun 09/13 01:00 PM ET,13.13,12.2,3.46,8.14,16.73,21.95,6.36,12.91,
David Montgomery,00-0035685,RB,HOU,BUF,Buffalo Bills @ Houston Texans,Sun 09/13 01:00 PM ET,12.76,11.83,6.84,9.23,14.75,20.22,4.09,12.49,
Emeka Egbuka,00-0040129,WR,TB,CIN,Tampa Bay Buccaneers @ Cincinnati Bengals,Sun 09/13 01:00 PM ET,12.74,11.81,6.27,9.19,14.72,20.28,4.09,12.45,Q
Bucky Irving,00-0039361,RB,TB,CIN,Tampa Bay Buccaneers @ Cincinnati Bengals,Sun 09/13 01:00 PM ET,12.41,11.48,6.49,8.88,14.4,19.87,4.09,12.14,
D'Andre Swift,00-0036275,RB,CHI,CAR,Chicago Bears @ Carolina Panthers,Sun 09/13 01:00 PM ET,12.23,11.3,6.31,8.71,14.23,19.69,4.09,11.97,Q
Luther Burden,00-0040735,WR,CHI,CAR,Chicago Bears @ Carolina Panthers,Sun 09/13 01:00 PM ET,12.16,11.23,5.68,8.61,14.13,19.69,4.09,11.92,Q
Breece Hall,00-0038120,RB,NYJ,TEN,New York Jets @ Tennessee Titans,Sun 09/13 01:00 PM ET,12.02,11.09,6.1,8.49,14.01,19.48,4.09,11.75,Q
Deshaun Watson,00-0033537,QB,CLE,JAX,Cleveland Browns @ Jacksonville Jaguars,Sun 09/13 01:00 PM ET,12.0,11.07,2.33,7.01,15.6,20.82,6.36,11.86,
Jameson Williams,00-0037240,WR,DET,NO,New Orleans Saints @ Detroit Lions,Sun 09/13 01:00 PM ET,11.98,11.05,5.51,8.43,13.96,19.52,4.09,11.77,
Colston Loveland,00-0040126,TE,CHI,CAR,Chicago Bears @ Carolina Panthers,Sun 09/13 01:00 PM ET,11.75,10.82,6.76,8.84,13.26,17.92,3.27,11.62,
Jaylen Warren,00-0037228,RB,PIT,ATL,Atlanta Falcons @ Pittsburgh Steelers,Sun 09/13 01:00 PM ET,11.74,10.81,5.82,8.22,13.73,19.2,4.09,11.47,
DK Metcalf,00-0035640,WR,PIT,ATL,Atlanta Falcons @ Pittsburgh Steelers,Sun 09/13 01:00 PM ET,11.53,10.6,5.06,7.98,13.51,19.07,4.09,11.29,Q
Carnell Tate,ffa_17497,WR,TEN,NYJ,New York Jets @ Tennessee Titans,Sun 09/13 01:00 PM ET,11.31,10.38,4.84,7.76,13.29,18.85,4.09,11.07,Q
Rome Odunze,00-0039919,WR,CHI,CAR,Chicago Bears @ Carolina Panthers,Sun 09/13 01:00 PM ET,11.29,10.36,4.82,7.74,13.27,18.83,4.09,11.06,Q
Parker Washington,00-0038606,WR,JAX,CLE,Cleveland Browns @ Jacksonville Jaguars,Sun 09/13 01:00 PM ET,11.08,10.15,4.6,7.53,13.05,18.62,4.09,10.86,
Tony Pollard,00-0035261,RB,TEN,NYJ,New York Jets @ Tennessee Titans,Sun 09/13 01:00 PM ET,10.95,10.02,5.03,7.43,12.94,18.41,4.09,10.68,
Tyler Warren,00-0040128,TE,IND,BAL,Baltimore Ravens @ Indianapolis Colts,Sun 09/13 01:00 PM ET,10.8,9.87,5.81,7.89,12.31,16.97,3.27,10.73,Q
Alec Pierce,00-0037664,WR,IND,BAL,Baltimore Ravens @ Indianapolis Colts,Sun 09/13 01:00 PM ET,10.73,9.8,4.25,7.18,12.7,18.26,4.09,10.48,
Wan'Dale Robinson,00-0038117,WR,TEN,NYJ,New York Jets @ Tennessee Titans,Sun 09/13 01:00 PM ET,10.72,9.79,4.25,7.17,12.7,18.26,4.09,10.46,Q
Bhayshul Tuten,00-0040719,RB,JAX,CLE,Cleveland Browns @ Jacksonville Jaguars,Sun 09/13 01:00 PM ET,10.63,9.7,4.71,7.1,12.62,18.09,4.09,10.36,Q
Rico Dowdle,00-0036139,RB,PIT,ATL,Atlanta Falcons @ Pittsburgh Steelers,Sun 09/13 01:00 PM ET,10.58,9.65,4.66,7.05,12.57,18.04,4.09,10.31,
D.J. Moore,00-0034827,WR,BUF,HOU,Buffalo Bills @ Houston Texans,Sun 09/13 01:00 PM ET,10.58,9.65,4.11,7.03,12.56,18.12,4.09,10.34,
Chris Godwin,00-0033921,WR,TB,CIN,Tampa Bay Buccaneers @ Cincinnati Bengals,Sun 09/13 01:00 PM ET,10.57,9.64,4.1,7.02,12.55,18.11,4.09,10.28,
Sam LaPorta,00-0039065,TE,DET,NO,New Orleans Saints @ Detroit Lions,Sun 09/13 01:00 PM ET,10.49,9.56,5.5,7.58,12.0,16.66,3.27,10.36,Q
Josh Downs,00-0038997,WR,IND,BAL,Baltimore Ravens @ Indianapolis Colts,Sun 09/13 01:00 PM ET,10.4,9.47,3.92,6.85,12.37,17.94,4.09,10.15,Q
Quinshon Judkins,00-0040784,RB,CLE,JAX,Cleveland Browns @ Jacksonville Jaguars,Sun 09/13 01:00 PM ET,10.38,9.45,4.46,6.86,12.38,17.84,4.09,10.12,
Mark Andrews,00-0034753,TE,BAL,IND,Baltimore Ravens @ Indianapolis Colts,Sun 09/13 01:00 PM ET,10.17,9.23,5.18,7.26,11.67,16.33,3.27,9.88,
Harold Fannin,00-0040663,TE,CLE,JAX,Cleveland Browns @ Jacksonville Jaguars,Sun 09/13 01:00 PM ET,10.15,9.22,5.16,7.25,11.66,16.32,3.27,10.34,
Michael Pittman,00-0036252,WR,PIT,ATL,Atlanta Falcons @ Pittsburgh Steelers,Sun 09/13 01:00 PM ET,10.12,9.19,3.64,6.57,12.09,17.66,4.09,9.86,Q
Jakobi Meyers,00-0034960,WR,JAX,CLE,Cleveland Browns @ Jacksonville Jaguars,Sun 09/13 01:00 PM ET,10.07,9.14,3.6,6.52,12.05,17.61,4.09,9.84,Q
Brian Thomas Jr.,00-0039893,WR,JAX,CLE,Cleveland Browns @ Jacksonville Jaguars,Sun 09/13 01:00 PM ET,10.06,9.13,3.59,6.51,12.04,17.6,4.09,9.83,
Kyle Pitts,00-0036970,TE,ATL,PIT,Atlanta Falcons @ Pittsburgh Steelers,Sun 09/13 01:00 PM ET,10.01,9.08,5.02,7.1,11.52,16.18,3.27,9.99,
Jaguars,,DST,JAX,CLE,Cleveland Browns @ Jacksonville Jaguars,Sun 09/13 01:00 PM ET,10.0,10.0,3.5,6.5,13.5,17.0,5.0,9.33,
Chuba Hubbard,00-0036555,RB,CAR,CHI,Chicago Bears @ Carolina Panthers,Sun 09/13 01:00 PM ET,9.83,8.9,3.91,6.31,11.83,17.29,4.09,9.57,Q
Juwan Johnson,00-0036040,TE,NO,DET,New Orleans Saints @ Detroit Lions,Sun 09/13 01:00 PM ET,9.82,8.89,4.83,6.91,11.33,15.99,3.27,9.7,
Khalil Shakir,00-0037261,WR,BUF,HOU,Buffalo Bills @ Houston Texans,Sun 09/13 01:00 PM ET,9.78,8.85,3.3,6.23,11.75,17.32,4.09,9.53,Q
Cam Little,,K,JAX,CLE,Cleveland Browns @ Jacksonville Jaguars,Sun 09/13 01:00 PM ET,9.7,9.7,3.39,6.3,13.1,16.49,4.85,7.14,
Kenneth Gainwell,00-0036919,RB,TB,CIN,Tampa Bay Buccaneers @ Cincinnati Bengals,Sun 09/13 01:00 PM ET,9.54,8.61,3.62,6.02,11.53,17.0,4.09,9.27,
Jake Bates,,K,DET,NO,New Orleans Saints @ Detroit Lions,Sun 09/13 01:00 PM ET,9.5,9.5,3.32,6.18,12.82,16.15,4.75,8.81,
Jonathon Brooks,00-0039344,RB,CAR,CHI,Chicago Bears @ Carolina Panthers,Sun 09/13 01:00 PM ET,9.49,8.56,3.57,5.96,11.48,16.95,4.09,9.22,Q
Chris Boswell,,K,PIT,ATL,Atlanta Falcons @ Pittsburgh Steelers,Sun 09/13 01:00 PM ET,9.3,9.3,3.26,6.05,12.56,15.81,4.65,7.3,
Evan McPherson,,K,CIN,TB,Tampa Bay Buccaneers @ Cincinnati Bengals,Sun 09/13 01:00 PM ET,9.2,9.2,3.22,5.98,12.42,15.64,4.6,7.52,
Cairo Santos,,K,CHI,CAR,Chicago Bears @ Carolina Panthers,Sun 09/13 01:00 PM ET,9.1,9.1,3.18,5.92,12.28,15.47,4.55,7.53,
Alvin Kamara,00-0033906,RB,NO,DET,New Orleans Saints @ Detroit Lions,Sun 09/13 01:00 PM ET,8.92,7.99,3.0,5.39,10.91,16.38,4.09,8.65,Q
Spencer Shrader,,K,IND,BAL,Baltimore Ravens @ Indianapolis Colts,Sun 09/13 01:00 PM ET,8.9,8.9,3.12,5.78,12.02,15.13,4.45,7.57,
Jalen Coker,00-0039491,WR,CAR,CHI,Chicago Bears @ Carolina Panthers,Sun 09/13 01:00 PM ET,8.8,7.87,2.32,5.25,10.77,16.34,4.09,8.55,
Tyler Loop,,K,BAL,IND,Baltimore Ravens @ Indianapolis Colts,Sun 09/13 01:00 PM ET,8.8,8.8,3.08,5.72,11.88,14.96,4.4,8.26,
Tyjae Spears,00-0039032,RB,TEN,NYJ,New York Jets @ Tennessee Titans,Sun 09/13 01:00 PM ET,8.71,7.78,2.79,5.19,10.71,16.17,4.09,8.45,
Tyler Bass,,K,BUF,HOU,Buffalo Bills @ Houston Texans,Sun 09/13 01:00 PM ET,8.7,8.7,3.04,5.65,11.74,14.79,4.35,5.8,
Ka'imi Fairbairn,,K,HOU,BUF,Buffalo Bills @ Houston Texans,Sun 09/13 01:00 PM ET,8.7,8.7,3.04,5.65,11.74,14.79,4.35,10.29,
Chase McLaughlin,,K,TB,CIN,Tampa Bay Buccaneers @ Cincinnati Bengals,Sun 09/13 01:00 PM ET,8.6,8.6,3.01,5.59,11.61,14.62,4.3,7.21,
Kyle Monangai,00-0040236,RB,CHI,CAR,Chicago Bears @ Carolina Panthers,Sun 09/13 01:00 PM ET,8.54,7.61,2.62,5.01,10.53,16.0,4.09,8.27,Q
Jerry Jeudy,00-0036407,WR,CLE,JAX,Cleveland Browns @ Jacksonville Jaguars,Sun 09/13 01:00 PM ET,8.5,7.57,2.03,4.95,10.48,16.04,4.09,8.29,
Keenan Allen,00-0030279,WR,IND,BAL,Baltimore Ravens @ Indianapolis Colts,Sun 09/13 01:00 PM ET,8.48,7.54,2.0,4.93,10.45,16.01,4.09,8.22,
Cade Otton,00-0038129,TE,TB,CIN,Tampa Bay Buccaneers @ Cincinnati Bengals,Sun 09/13 01:00 PM ET,8.46,7.53,3.47,5.55,9.97,14.62,3.27,8.03,
Brenton Strange,00-0038935,TE,JAX,CLE,Cleveland Browns @ Jacksonville Jaguars,Sun 09/13 01:00 PM ET,8.43,7.5,3.44,5.52,9.94,14.6,3.27,8.33,
Daniel Carlson,,K,NO,DET,New Orleans Saints @ Detroit Lions,Sun 09/13 01:00 PM ET,8.4,8.4,2.94,5.46,11.34,14.28,4.2,6.81,
Blake Grupe,,K,NYJ,TEN,New York Jets @ Tennessee Titans,Sun 09/13 01:00 PM ET,8.3,8.3,2.9,5.4,11.21,14.11,4.15,7.79,
Ryan Fitzgerald,,K,CAR,CHI,Chicago Bears @ Carolina Panthers,Sun 09/13 01:00 PM ET,8.3,8.3,2.9,5.4,11.21,14.11,4.15,6.19,
Titans,,DST,TEN,NYJ,New York Jets @ Tennessee Titans,Sun 09/13 01:00 PM ET,8.2,8.2,2.87,5.33,11.07,13.94,4.1,8.74,
Joey Slye,,K,TEN,NYJ,New York Jets @ Tennessee Titans,Sun 09/13 01:00 PM ET,8.1,8.1,2.83,5.26,10.94,13.77,4.05,7.74,
Dalton Kincaid,00-0038933,TE,BUF,HOU,Buffalo Bills @ Houston Texans,Sun 09/13 01:00 PM ET,8.08,7.15,3.09,5.17,9.59,14.25,3.27,7.9,
Calvin Ridley,00-0034837,WR,TEN,NYJ,New York Jets @ Tennessee Titans,Sun 09/13 01:00 PM ET,7.97,7.04,1.49,4.42,9.94,15.51,4.09,7.68,
Dalton Schultz,00-0034383,TE,HOU,BUF,Buffalo Bills @ Houston Texans,Sun 09/13 01:00 PM ET,7.89,6.96,2.9,4.98,9.4,14.05,3.27,7.69,
Nick Folk,,K,ATL,PIT,Atlanta Falcons @ Pittsburgh Steelers,Sun 09/13 01:00 PM ET,7.7,7.7,2.7,5.0,10.4,13.09,3.85,6.07,
Rashod Bateman,00-0036550,WR,BAL,IND,Baltimore Ravens @ Indianapolis Colts,Sun 09/13 01:00 PM ET,7.66,6.73,1.18,4.11,9.63,15.19,4.09,7.39,
Jalen McMillan,00-0039855,WR,TB,CIN,Tampa Bay Buccaneers @ Cincinnati Bengals,Sun 09/13 01:00 PM ET,7.62,6.69,1.15,4.07,9.6,15.16,4.09,7.32,Q
Woody Marks,00-0040583,RB,HOU,BUF,Buffalo Bills @ Houston Texans,Sun 09/13 01:00 PM ET,7.57,6.64,1.65,4.04,9.56,15.03,4.09,7.3,
Pat Freiermuth,00-0036894,TE,PIT,ATL,Atlanta Falcons @ Pittsburgh Steelers,Sun 09/13 01:00 PM ET,7.5,6.57,2.52,4.6,9.01,13.67,3.27,7.26,
Steelers,,DST,PIT,ATL,Atlanta Falcons @ Pittsburgh Steelers,Sun 09/13 01:00 PM ET,7.3,7.3,2.55,4.74,9.86,12.41,3.65,7.29,
Devaughn Vele,00-0039424,WR,NO,DET,New Orleans Saints @ Detroit Lions,Sun 09/13 01:00 PM ET,7.22,6.29,0.74,3.67,9.19,14.76,4.09,6.98,
Jets,,DST,NYJ,TEN,New York Jets @ Tennessee Titans,Sun 09/13 01:00 PM ET,7.2,7.2,2.52,4.68,9.72,12.24,3.6,6.46,
KC Concepcion,ffa_17501,WR,CLE,JAX,Cleveland Browns @ Jacksonville Jaguars,Sun 09/13 01:00 PM ET,7.13,6.2,0.65,3.58,9.1,14.66,4.09,6.91,
Andre Szmyt,,K,CLE,JAX,Cleveland Browns @ Jacksonville Jaguars,Sun 09/13 01:00 PM ET,7.0,7.0,2.45,4.55,9.45,11.9,3.5,5.64,
Nick Westbrook-Ikhine,00-0036182,WR,IND,BAL,Baltimore Ravens @ Indianapolis Colts,Sun 09/13 01:00 PM ET,6.79,5.86,0.31,3.24,8.76,14.33,4.09,6.53,
Mike Gesicki,00-0034829,TE,CIN,TB,Tampa Bay Buccaneers @ Cincinnati Bengals,Sun 09/13 01:00 PM ET,6.74,5.81,1.75,3.83,8.25,12.91,3.27,6.25,
Mason Taylor,00-0040736,TE,NYJ,TEN,New York Jets @ Tennessee Titans,Sun 09/13 01:00 PM ET,6.67,5.74,1.68,3.76,8.18,12.84,3.27,6.22,
Gunnar Helm,00-0040584,TE,TEN,NYJ,New York Jets @ Tennessee Titans,Sun 09/13 01:00 PM ET,6.41,5.48,1.42,3.5,7.92,12.58,3.27,5.92,
Jaylin Noel,00-0040138,WR,HOU,BUF,Buffalo Bills @ Houston Texans,Sun 09/13 01:00 PM ET,6.37,5.44,-0.1,2.82,8.35,13.91,4.09,6.09,Q
Xavier Hutchinson,00-0038618,WR,HOU,BUF,Buffalo Bills @ Houston Texans,Sun 09/13 01:00 PM ET,6.31,5.38,-0.16,2.76,8.29,13.85,4.09,6.04,
Kayshon Boutte,00-0038608,WR,HOU,BUF,Buffalo Bills @ Houston Texans,Sun 09/13 01:00 PM ET,6.3,5.37,-0.18,2.75,8.27,13.84,4.09,6.02,
Bears,,DST,CHI,CAR,Chicago Bears @ Carolina Panthers,Sun 09/13 01:00 PM ET,6.3,6.3,2.2,4.1,8.51,10.71,3.15,7.03,
Adonai Mitchell,00-0039890,WR,NYJ,TEN,New York Jets @ Tennessee Titans,Sun 09/13 01:00 PM ET,6.23,5.3,-0.24,2.68,8.21,13.77,4.09,5.93,
Elic Ayomanor,00-0040170,WR,TEN,NYJ,New York Jets @ Tennessee Titans,Sun 09/13 01:00 PM ET,6.22,5.29,-0.25,2.67,8.2,13.76,4.09,5.91,
Kenyon Sadiq,ffa_17543,TE,NYJ,TEN,New York Jets @ Tennessee Titans,Sun 09/13 01:00 PM ET,6.16,5.23,1.17,3.25,7.67,12.33,3.27,5.71,Q
Denzel Boston,ffa_17500,WR,CLE,JAX,Cleveland Browns @ Jacksonville Jaguars,Sun 09/13 01:00 PM ET,6.12,5.19,-0.36,2.57,8.09,13.66,4.09,5.88,
Darren Waller,00-0031610,TE,CAR,CHI,Chicago Bears @ Carolina Panthers,Sun 09/13 01:00 PM ET,6.06,5.13,1.07,3.15,7.57,12.23,3.27,5.74,
Bills,,DST,BUF,HOU,Buffalo Bills @ Houston Texans,Sun 09/13 01:00 PM ET,6.0,6.0,2.1,3.9,8.1,10.2,3.0,6.35,
Xavier Legette,00-0039342,WR,CAR,CHI,Chicago Bears @ Carolina Panthers,Sun 09/13 01:00 PM ET,5.98,5.05,-0.5,2.43,7.95,13.51,4.09,5.7,Q
Omar Cooper Jr.,ffa_17502,WR,NYJ,TEN,New York Jets @ Tennessee Titans,Sun 09/13 01:00 PM ET,5.96,5.03,-0.52,2.41,7.93,13.5,4.09,5.66,
Ravens,,DST,BAL,IND,Baltimore Ravens @ Indianapolis Colts,Sun 09/13 01:00 PM ET,5.9,5.9,2.06,3.84,7.97,10.03,2.95,6.39,
Chimere Dike,00-0040705,WR,TEN,NYJ,New York Jets @ Tennessee Titans,Sun 09/13 01:00 PM ET,5.87,4.94,-0.6,2.32,7.85,13.41,4.09,5.56,
Bengals,,DST,CIN,TB,Tampa Bay Buccaneers @ Cincinnati Bengals,Sun 09/13 01:00 PM ET,5.7,5.7,2.0,3.7,7.7,9.69,2.85,6.39,
Lions,,DST,DET,NO,New Orleans Saints @ Detroit Lions,Sun 09/13 01:00 PM ET,5.7,5.7,2.0,3.7,7.7,9.69,2.85,7.81,
Andrei Iosivas,00-0038619,WR,CIN,TB,Tampa Bay Buccaneers @ Cincinnati Bengals,Sun 09/13 01:00 PM ET,5.67,4.74,-0.81,2.12,7.64,13.2,4.09,5.36,
Justice Hill,00-0034975,RB,BAL,IND,Baltimore Ravens @ Indianapolis Colts,Sun 09/13 01:00 PM ET,5.63,4.7,-0.29,2.11,7.63,13.09,4.09,5.37,
Samaje Perine,00-0033526,RB,CIN,TB,Tampa Bay Buccaneers @ Cincinnati Bengals,Sun 09/13 01:00 PM ET,5.62,4.69,-0.3,2.1,7.61,13.08,4.09,5.35,
Dylan Sampson,00-0040162,RB,CLE,JAX,Cleveland Browns @ Jacksonville Jaguars,Sun 09/13 01:00 PM ET,5.6,4.67,-0.32,2.08,7.6,13.06,4.09,5.34,
Chris Rodriguez,00-0038611,RB,JAX,CLE,Cleveland Browns @ Jacksonville Jaguars,Sun 09/13 01:00 PM ET,5.58,4.65,-0.34,2.06,7.58,13.04,4.09,5.32,
Braelon Allen,00-0039794,RB,NYJ,TEN,New York Jets @ Tennessee Titans,Sun 09/13 01:00 PM ET,5.57,4.63,-0.35,2.04,7.56,13.03,4.09,5.3,
Zavier Scott,00-0038440,RB,CHI,CAR,Chicago Bears @ Carolina Panthers,Sun 09/13 01:00 PM ET,5.37,4.44,-0.55,1.85,7.37,12.83,4.09,5.11,
Falcons,,DST,ATL,PIT,Atlanta Falcons @ Pittsburgh Steelers,Sun 09/13 01:00 PM ET,5.3,5.3,1.85,3.44,7.16,9.01,2.65,6.82,
Texans,,DST,HOU,BUF,Buffalo Bills @ Houston Texans,Sun 09/13 01:00 PM ET,5.2,5.2,1.82,3.38,7.02,8.84,2.6,7.18,
Ja'Kobi Lane,ffa_17517,WR,BAL,IND,Baltimore Ravens @ Indianapolis Colts,Sun 09/13 01:00 PM ET,5.07,4.14,-1.41,1.52,7.04,12.61,4.09,4.79,
Brian Robinson,00-0037746,RB,ATL,PIT,Atlanta Falcons @ Pittsburgh Steelers,Sun 09/13 01:00 PM ET,5.01,4.08,-0.91,1.49,7.01,12.47,4.09,4.75,
John Metchie,00-0037614,WR,CAR,CHI,Chicago Bears @ Carolina Panthers,Sun 09/13 01:00 PM ET,4.99,4.05,-1.49,1.43,6.96,12.52,4.09,4.72,
Panthers,,DST,CAR,CHI,Chicago Bears @ Carolina Panthers,Sun 09/13 01:00 PM ET,4.9,4.9,1.72,3.19,6.62,8.33,2.45,5.45,
Keon Coleman,00-0039901,WR,BUF,HOU,Buffalo Bills @ Houston Texans,Sun 09/13 01:00 PM ET,4.82,3.89,-1.66,1.27,6.79,12.35,4.09,4.55,Q
Darnell Washington,00-0038558,TE,PIT,ATL,Atlanta Falcons @ Pittsburgh Steelers,Sun 09/13 01:00 PM ET,4.77,3.84,-0.22,1.86,6.28,10.94,3.27,4.45,
Dawson Knox,00-0035689,TE,BUF,HOU,Buffalo Bills @ Houston Texans,Sun 09/13 01:00 PM ET,4.72,3.79,-0.27,1.81,6.23,10.89,3.27,4.47,
Germie Bernard,ffa_17503,WR,PIT,ATL,Atlanta Falcons @ Pittsburgh Steelers,Sun 09/13 01:00 PM ET,4.69,3.76,-1.78,1.14,6.67,12.23,4.09,4.42,
Isaac TeSlaa,00-0040669,WR,DET,NO,New Orleans Saints @ Detroit Lions,Sun 09/13 01:00 PM ET,4.69,3.76,-1.78,1.14,6.67,12.23,4.09,4.44,
Sione Vaki,00-0039364,RB,DET,NO,New Orleans Saints @ Detroit Lions,Sun 09/13 01:00 PM ET,4.66,3.73,-1.26,1.13,6.65,12.12,4.09,4.39,
Ty Johnson,00-0035537,RB,BUF,HOU,Buffalo Bills @ Houston Texans,Sun 09/13 01:00 PM ET,4.62,3.69,-1.3,1.09,6.61,12.08,4.09,4.35,Q
Jahdae Walker,00-0040277,WR,CHI,CAR,Chicago Bears @ Carolina Panthers,Sun 09/13 01:00 PM ET,4.61,3.68,-1.87,1.06,6.58,12.15,4.09,4.34,
Brock Wright,00-0036754,TE,DET,NO,New Orleans Saints @ Detroit Lions,Sun 09/13 01:00 PM ET,4.61,3.68,-0.38,1.7,6.12,10.78,3.27,4.41,
Bryce Lance,ffa_17519,WR,NO,DET,New Orleans Saints @ Detroit Lions,Sun 09/13 01:00 PM ET,4.56,3.63,-1.92,1.01,6.53,12.1,4.09,4.31,
Travis Hunter,00-0040718,WR,JAX,CLE,Cleveland Browns @ Jacksonville Jaguars,Sun 09/13 01:00 PM ET,4.52,3.58,-1.96,0.96,6.49,12.05,4.09,4.27,
Jahan Dotson,00-0037741,WR,ATL,PIT,Atlanta Falcons @ Pittsburgh Steelers,Sun 09/13 01:00 PM ET,4.51,3.58,-1.97,0.96,6.48,12.05,4.09,4.26,
Browns,,DST,CLE,JAX,Cleveland Browns @ Jacksonville Jaguars,Sun 09/13 01:00 PM ET,4.5,4.5,1.58,2.92,6.08,7.65,2.25,6.39,
Jacob Saylors,00-0038896,RB,DET,NO,New Orleans Saints @ Detroit Lions,Sun 09/13 01:00 PM ET,4.34,3.41,-1.58,0.82,6.33,11.8,4.09,4.07,
Olamide Zaccheaus,00-0035208,WR,ATL,PIT,Atlanta Falcons @ Pittsburgh Steelers,Sun 09/13 01:00 PM ET,4.29,3.36,-2.19,0.74,6.26,11.83,4.09,4.03,
Cole Kmet,00-0036290,TE,CHI,CAR,Chicago Bears @ Carolina Panthers,Sun 09/13 01:00 PM ET,4.15,3.22,-0.84,1.24,5.66,10.32,3.27,3.85,
AJ Dillon,00-0036265,RB,CAR,CHI,Chicago Bears @ Carolina Panthers,Sun 09/13 01:00 PM ET,4.1,3.17,-1.82,0.57,6.09,11.56,4.09,3.83,
Noah Fant,00-0035644,TE,NO,DET,New Orleans Saints @ Detroit Lions,Sun 09/13 01:00 PM ET,4.1,3.17,-0.89,1.19,5.61,10.27,3.27,3.9,
Tommy Tremble,00-0037005,TE,CAR,CHI,Chicago Bears @ Carolina Panthers,Sun 09/13 01:00 PM ET,4.1,3.17,-0.89,1.19,5.61,10.26,3.27,3.83,
Ted Hurst,ffa_17520,WR,TB,CIN,Tampa Bay Buccaneers @ Cincinnati Bengals,Sun 09/13 01:00 PM ET,4.02,3.09,-2.46,0.47,5.99,11.55,4.09,3.72,
Roman Wilson,00-0039739,WR,PIT,ATL,Atlanta Falcons @ Pittsburgh Steelers,Sun 09/13 01:00 PM ET,3.99,3.06,-2.49,0.44,5.96,11.53,4.09,3.71,
Colts,,DST,IND,BAL,Baltimore Ravens @ Indianapolis Colts,Sun 09/13 01:00 PM ET,3.8,3.8,1.33,2.47,5.13,6.46,1.9,5.06,
Tanner Hudson,00-0034613,TE,CIN,TB,Tampa Bay Buccaneers @ Cincinnati Bengals,Sun 09/13 01:00 PM ET,3.77,2.84,-1.22,0.86,5.28,9.94,3.27,3.26,
Daniel Bellinger,00-0038115,TE,TEN,NYJ,New York Jets @ Tennessee Titans,Sun 09/13 01:00 PM ET,3.7,2.77,-1.29,0.79,5.21,9.87,3.27,3.25,
Kendre Miller,00-0038551,RB,NO,DET,New Orleans Saints @ Detroit Lions,Sun 09/13 01:00 PM ET,3.61,2.68,-2.31,0.08,5.6,11.07,4.09,3.34,Q
Ja'Tavion Sanders,00-0039356,TE,CAR,CHI,Chicago Bears @ Carolina Panthers,Sun 09/13 01:00 PM ET,3.6,2.66,-1.39,0.69,5.1,9.76,3.27,3.33,
Jaleel McLaughlin,00-0038794,RB,CLE,JAX,Cleveland Browns @ Jacksonville Jaguars,Sun 09/13 01:00 PM ET,3.57,2.64,-2.35,0.04,5.56,11.03,4.09,3.3,
Casey Washington,00-0039394,WR,CAR,CHI,Chicago Bears @ Carolina Panthers,Sun 09/13 01:00 PM ET,3.48,2.55,-3.0,-0.07,5.45,11.01,4.09,3.21,
Kalif Raymond,00-0032464,WR,CHI,CAR,Chicago Bears @ Carolina Panthers,Sun 09/13 01:00 PM ET,3.45,2.52,-3.03,-0.1,5.42,10.98,4.09,3.17,
Mo Alie-Cox,00-0033217,TE,IND,BAL,Baltimore Ravens @ Indianapolis Colts,Sun 09/13 01:00 PM ET,3.38,2.45,-1.6,0.48,4.89,9.55,3.27,3.06,
Josh Palmer,00-0036988,WR,BUF,HOU,Buffalo Bills @ Houston Texans,Sun 09/13 01:00 PM ET,3.37,2.44,-3.1,-0.18,5.35,10.91,4.09,3.11,
Drew Sample,00-0035631,TE,CIN,TB,Tampa Bay Buccaneers @ Cincinnati Bengals,Sun 09/13 01:00 PM ET,3.35,2.42,-1.64,0.44,4.86,9.51,3.27,2.84,
Jared Wayne,00-0038728,WR,HOU,BUF,Buffalo Bills @ Houston Texans,Sun 09/13 01:00 PM ET,3.3,2.37,-3.18,-0.25,5.27,10.83,4.09,3.03,
Sean Tucker,00-0038951,RB,TB,CIN,Tampa Bay Buccaneers @ Cincinnati Bengals,Sun 09/13 01:00 PM ET,3.28,2.35,-2.64,-0.25,5.27,10.74,4.09,3.01,Q
Saints,,DST,NO,DET,New Orleans Saints @ Detroit Lions,Sun 09/13 01:00 PM ET,3.2,3.2,1.12,2.08,4.32,5.44,1.6,5.55,
Erick All,00-0039814,TE,CIN,TB,Tampa Bay Buccaneers @ Cincinnati Bengals,Sun 09/13 01:00 PM ET,3.16,2.23,-1.83,0.25,4.67,9.33,3.27,2.65,
Buccaneers,,DST,TB,CIN,Tampa Bay Buccaneers @ Cincinnati Bengals,Sun 09/13 01:00 PM ET,3.1,3.1,1.08,2.02,4.19,5.27,1.55,5.47,
Austin Hooper,00-0032392,TE,ATL,PIT,Atlanta Falcons @ Pittsburgh Steelers,Sun 09/13 01:00 PM ET,3.07,2.14,-1.92,0.16,4.58,9.24,3.27,2.84,
Durham Smythe,00-0034798,TE,BAL,IND,Baltimore Ravens @ Indianapolis Colts,Sun 09/13 01:00 PM ET,3.07,2.14,-1.92,0.16,4.58,9.24,3.27,2.7,
Jeremy Ruckert,00-0037805,TE,NYJ,TEN,New York Jets @ Tennessee Titans,Sun 09/13 01:00 PM ET,3.05,2.12,-1.94,0.14,4.56,9.21,3.27,2.64,
Mitchell Evans,00-0040187,TE,CAR,CHI,Chicago Bears @ Carolina Panthers,Sun 09/13 01:00 PM ET,3.03,2.1,-1.96,0.12,4.54,9.2,3.27,2.74,
Charlie Woerner,00-0036429,TE,ATL,PIT,Atlanta Falcons @ Pittsburgh Steelers,Sun 09/13 01:00 PM ET,2.98,2.05,-2.0,0.08,4.49,9.15,3.27,2.76,
Nate Boerkircher,ffa_17591,TE,JAX,CLE,Cleveland Browns @ Jacksonville Jaguars,Sun 09/13 01:00 PM ET,2.96,2.03,-2.03,0.05,4.47,9.13,3.27,2.76,
Isaiah Bond,00-0040782,WR,CLE,JAX,Cleveland Browns @ Jacksonville Jaguars,Sun 09/13 01:00 PM ET,2.91,1.98,-3.57,-0.64,4.88,10.45,4.09,2.66,
Ben Skowronek,00-0036862,WR,PIT,ATL,Atlanta Falcons @ Pittsburgh Steelers,Sun 09/13 01:00 PM ET,2.88,1.95,-3.6,-0.67,4.85,10.42,4.09,2.6,Q
Isaiah Davis,00-0039798,RB,NYJ,TEN,New York Jets @ Tennessee Titans,Sun 09/13 01:00 PM ET,2.81,1.88,-3.11,-0.71,4.81,10.27,4.09,2.55,Q
Ray Davis,00-0039875,RB,BUF,HOU,Buffalo Bills @ Houston Texans,Sun 09/13 01:00 PM ET,2.8,1.87,-3.12,-0.73,4.79,10.26,4.09,2.53,
Tez Johnson,00-0040237,WR,TB,CIN,Tampa Bay Buccaneers @ Cincinnati Bengals,Sun 09/13 01:00 PM ET,2.75,1.82,-3.73,-0.8,4.72,10.28,4.09,2.44,
Devontez Walker,00-0039792,WR,BAL,IND,Baltimore Ravens @ Indianapolis Colts,Sun 09/13 01:00 PM ET,2.74,1.81,-3.74,-0.81,4.71,10.28,4.09,2.45,
Spencer Rattler,00-0039376,QB,NO,DET,New Orleans Saints @ Detroit Lions,Sun 09/13 01:00 PM ET,2.7,1.77,-6.97,-2.29,6.3,11.52,6.36,2.43,
Blake Whiteheart,00-0038710,TE,CLE,JAX,Cleveland Browns @ Jacksonville Jaguars,Sun 09/13 01:00 PM ET,2.7,1.77,-2.28,-0.2,4.21,8.87,3.27,2.51,
Andrew Ogletree,00-0037292,TE,IND,BAL,Baltimore Ravens @ Indianapolis Colts,Sun 09/13 01:00 PM ET,2.69,1.76,-2.3,-0.22,4.2,8.86,3.27,2.36,
Payne Durham,00-0039050,TE,TB,CIN,Tampa Bay Buccaneers @ Cincinnati Bengals,Sun 09/13 01:00 PM ET,2.69,1.76,-2.3,-0.22,4.2,8.85,3.27,2.24,
Audric Estime,ffa_16595,RB,NO,DET,New Orleans Saints @ Detroit Lions,Sun 09/13 01:00 PM ET,2.61,1.68,-3.31,-0.92,4.6,10.07,4.09,2.34,
Marlin Klein,ffa_17593,TE,HOU,BUF,Buffalo Bills @ Houston Texans,Sun 09/13 01:00 PM ET,2.6,1.67,-2.39,-0.31,4.11,8.77,3.27,2.32,
Tim Patrick,00-0033375,WR,NYJ,TEN,New York Jets @ Tennessee Titans,Sun 09/13 01:00 PM ET,2.5,1.57,-3.98,-1.05,4.47,10.04,4.09,2.21,
Riley Nowakowski,ffa_17648,TE,PIT,ATL,Atlanta Falcons @ Pittsburgh Steelers,Sun 09/13 01:00 PM ET,2.47,1.54,-2.52,-0.44,3.98,8.64,3.27,2.13,
Zavion Thomas,ffa_17521,WR,CHI,CAR,Chicago Bears @ Carolina Panthers,Sun 09/13 01:00 PM ET,2.44,1.51,-4.03,-1.11,4.42,9.98,4.09,2.17,
Foster Moreau,00-0034981,TE,HOU,BUF,Buffalo Bills @ Houston Texans,Sun 09/13 01:00 PM ET,2.42,1.49,-2.57,-0.49,3.93,8.59,3.27,2.14,
Cade Stover,00-0039359,TE,HOU,BUF,Buffalo Bills @ Houston Texans,Sun 09/13 01:00 PM ET,2.39,1.46,-2.6,-0.52,3.9,8.56,3.27,2.11,
Isaiah Williams,00-0039451,WR,NYJ,TEN,New York Jets @ Tennessee Titans,Sun 09/13 01:00 PM ET,2.33,1.4,-4.14,-1.22,4.31,9.87,4.09,2.04,
Ashton Dulin,00-0035021,WR,IND,BAL,Baltimore Ravens @ Indianapolis Colts,Sun 09/13 01:00 PM ET,2.28,1.35,-4.19,-1.27,4.26,9.82,4.09,2.0,
Ameer Abdullah,00-0032104,RB,JAX,CLE,Cleveland Browns @ Jacksonville Jaguars,Sun 09/13 01:00 PM ET,2.22,1.29,-3.7,-1.3,4.22,9.68,4.09,1.96,
Jackson Hawes,00-0040194,TE,BUF,HOU,Buffalo Bills @ Houston Texans,Sun 09/13 01:00 PM ET,2.22,1.29,-2.77,-0.69,3.73,8.38,3.27,1.95,
Seth McGowan,ffa_17475,RB,IND,BAL,Baltimore Ravens @ Indianapolis Colts,Sun 09/13 01:00 PM ET,2.13,1.2,-3.79,-1.4,4.12,9.59,4.09,1.86,
LeQuint Allen,00-0040238,RB,JAX,CLE,Cleveland Browns @ Jacksonville Jaguars,Sun 09/13 01:00 PM ET,2.08,1.15,-3.84,-1.44,4.08,9.54,4.09,1.82,Q
DJ Giddens,00-0040179,RB,IND,BAL,Baltimore Ravens @ Indianapolis Colts,Sun 09/13 01:00 PM ET,2.07,1.14,-3.85,-1.45,4.06,9.53,4.09,1.8,
Jimmy Horn,00-0040218,WR,CAR,CHI,Chicago Bears @ Carolina Panthers,Sun 09/13 01:00 PM ET,2.05,1.12,-4.42,-1.5,4.03,9.59,4.09,1.78,
Matthew Hibner,ffa_17627,TE,BAL,IND,Baltimore Ravens @ Indianapolis Colts,Sun 09/13 01:00 PM ET,2.0,1.07,-2.99,-0.91,3.51,8.17,3.27,1.6,
Shedeur Sanders,00-0040668,QB,CLE,JAX,Cleveland Browns @ Jacksonville Jaguars,Sun 09/13 01:00 PM ET,1.98,1.05,-7.69,-3.01,5.58,10.81,6.36,1.71,
Josh Cuevas,ffa_17651,TE,BAL,IND,Baltimore Ravens @ Indianapolis Colts,Sun 09/13 01:00 PM ET,1.91,0.98,-3.08,-1.0,3.42,8.08,3.27,1.5,
Zachariah Branch,ffa_17507,WR,ATL,PIT,Atlanta Falcons @ Pittsburgh Steelers,Sun 09/13 01:00 PM ET,1.85,0.92,-4.62,-1.7,3.83,9.39,4.09,1.58,
Davis Mills,00-0036898,QB,HOU,BUF,Buffalo Bills @ Houston Texans,Sun 09/13 01:00 PM ET,1.84,0.9,-7.84,-3.16,5.43,10.66,6.36,1.54,
Jack Endries,ffa_17545,TE,CIN,TB,Tampa Bay Buccaneers @ Cincinnati Bengals,Sun 09/13 01:00 PM ET,1.79,0.86,-3.2,-1.12,3.3,7.96,3.27,1.22,
Raheim Sanders,00-0040466,RB,CLE,JAX,Cleveland Browns @ Jacksonville Jaguars,Sun 09/13 01:00 PM ET,1.71,0.78,-4.21,-1.82,3.7,9.17,4.09,1.44,
Rasheen Ali,00-0039796,RB,BAL,IND,Baltimore Ravens @ Indianapolis Colts,Sun 09/13 01:00 PM ET,1.66,0.73,-4.26,-1.87,3.65,9.12,4.09,1.39,
Malachi Corley,00-0039920,WR,CLE,JAX,Cleveland Browns @ Jacksonville Jaguars,Sun 09/13 01:00 PM ET,1.63,0.7,-4.84,-1.92,3.61,9.17,4.09,1.37,
Kylen Granson,00-0036876,TE,TEN,NYJ,New York Jets @ Tennessee Titans,Sun 09/13 01:00 PM ET,1.62,0.69,-3.37,-1.29,3.13,7.79,3.27,1.07,
Kenny Pickett,00-0038102,QB,CAR,CHI,Chicago Bears @ Carolina Panthers,Sun 09/13 01:00 PM ET,1.6,0.67,-8.08,-3.39,5.2,10.42,6.36,1.3,
Joe Flacco,00-0026158,QB,CIN,TB,Tampa Bay Buccaneers @ Cincinnati Bengals,Sun 09/13 01:00 PM ET,1.54,0.61,-8.14,-3.46,5.13,10.36,6.36,1.13,
Elijah Sarratt,ffa_17505,WR,BAL,IND,Baltimore Ravens @ Indianapolis Colts,Sun 09/13 01:00 PM ET,1.52,0.59,-4.96,-2.03,3.49,9.05,4.09,1.22,
Barion Brown,ffa_17541,WR,NO,DET,New Orleans Saints @ Detroit Lions,Sun 09/13 01:00 PM ET,1.46,0.53,-5.02,-2.09,3.43,8.99,4.09,1.19,
Tanner Koziol,ffa_17644,TE,JAX,CLE,Cleveland Browns @ Jacksonville Jaguars,Sun 09/13 01:00 PM ET,1.44,0.51,-3.55,-1.47,2.95,7.61,3.27,1.09,
Mason Rudolph,00-0034771,QB,PIT,ATL,Atlanta Falcons @ Pittsburgh Steelers,Sun 09/13 01:00 PM ET,1.41,0.48,-8.26,-3.58,5.01,10.23,6.36,1.07,
Michael Burton,ffa_12325,RB,CLE,JAX,Cleveland Browns @ Jacksonville Jaguars,Sun 09/13 01:00 PM ET,1.41,0.48,-4.51,-2.12,3.4,8.87,4.09,1.14,
Roschon Johnson,00-0039021,RB,CHI,CAR,Chicago Bears @ Carolina Panthers,Sun 09/13 01:00 PM ET,1.38,0.45,-4.54,-2.15,3.37,8.84,4.09,1.11,
Kameron Johnson,00-0039589,WR,TB,CIN,Tampa Bay Buccaneers @ Cincinnati Bengals,Sun 09/13 01:00 PM ET,1.37,0.44,-5.11,-2.18,3.34,8.9,4.09,1.05,
David Martin-Robinson,00-0039648,TE,TEN,NYJ,New York Jets @ Tennessee Titans,Sun 09/13 01:00 PM ET,1.37,0.44,-3.62,-1.54,2.88,7.54,3.27,0.79,
Eli Heidenreich,ffa_17685,RB,PIT,ATL,Atlanta Falcons @ Pittsburgh Steelers,Sun 09/13 01:00 PM ET,1.34,0.41,-4.58,-2.19,3.33,8.8,4.09,1.07,
Andrew Beck,00-0034959,RB,NYJ,TEN,New York Jets @ Tennessee Titans,Sun 09/13 01:00 PM ET,1.33,0.4,-4.59,-2.2,3.32,8.79,4.09,1.06,
Nicholas Singleton,ffa_17476,RB,TEN,NYJ,New York Jets @ Tennessee Titans,Sun 09/13 01:00 PM ET,1.31,0.38,-4.61,-2.21,3.31,8.77,4.09,1.05,
Brycen Tremayne,00-0038840,WR,CAR,CHI,Chicago Bears @ Carolina Panthers,Sun 09/13 01:00 PM ET,1.25,0.32,-5.23,-2.3,3.22,8.78,4.09,0.96,
Sam Roush,ffa_17549,TE,CHI,CAR,Chicago Bears @ Carolina Panthers,Sun 09/13 01:00 PM ET,1.22,0.28,-3.77,-1.69,2.73,7.38,3.27,0.8,
Keleki Latu,00-0040363,TE,BUF,HOU,Buffalo Bills @ Houston Texans,Sun 09/13 01:00 PM ET,1.2,0.26,-3.79,-1.71,2.71,7.36,3.27,0.83,
Skyler Bell,ffa_17508,WR,BUF,HOU,Buffalo Bills @ Houston Texans,Sun 09/13 01:00 PM ET,1.18,0.24,-5.3,-2.37,3.15,8.71,4.09,0.89,
Tyler Huntley,00-0035993,QB,BAL,IND,Baltimore Ravens @ Indianapolis Colts,Sun 09/13 01:00 PM ET,1.16,0.23,-8.51,-3.83,4.76,9.98,6.36,0.81,
Tahj Brooks,00-0040208,RB,CIN,TB,Tampa Bay Buccaneers @ Cincinnati Bengals,Sun 09/13 01:00 PM ET,1.13,0.2,-4.79,-2.4,3.12,8.59,4.09,0.86,
Cade Klubnik,ffa_17467,QB,NYJ,TEN,New York Jets @ Tennessee Titans,Sun 09/13 01:00 PM ET,1.09,0.16,-8.58,-3.9,4.69,9.92,6.36,0.69,
Laquon Treadwell,00-0032951,WR,IND,BAL,Baltimore Ravens @ Indianapolis Colts,Sun 09/13 01:00 PM ET,1.06,0.13,-5.42,-2.49,3.03,8.6,4.09,0.76,
Anthony Richardson,00-0039164,QB,IND,BAL,Baltimore Ravens @ Indianapolis Colts,Sun 09/13 01:00 PM ET,0.99,0.06,-8.68,-4.0,4.59,9.82,6.36,0.62,
British Brooks,00-0039603,RB,HOU,BUF,Buffalo Bills @ Houston Texans,Sun 09/13 01:00 PM ET,0.96,0.03,-4.96,-2.56,2.95,8.42,4.09,0.69,Q
Colbie Young,ffa_17542,WR,CIN,TB,Tampa Bay Buccaneers @ Cincinnati Bengals,Sun 09/13 01:00 PM ET,0.92,-0.01,-5.56,-2.63,2.89,8.45,4.09,0.57,
Quinn Ewers,00-0040234,QB,JAX,CLE,Cleveland Browns @ Jacksonville Jaguars,Sun 09/13 01:00 PM ET,0.88,-0.05,-8.79,-4.11,4.48,9.71,6.36,0.54,
Tay Martin,00-0037524,WR,DET,NO,New Orleans Saints @ Detroit Lions,Sun 09/13 01:00 PM ET,0.85,-0.08,-5.63,-2.7,2.82,8.38,4.09,0.55,
Joshua Dobbs,00-0033949,QB,DET,NO,New Orleans Saints @ Detroit Lions,Sun 09/13 01:00 PM ET,0.83,-0.1,-8.85,-4.16,4.43,9.65,6.36,0.46,
Mitchell Trubisky,00-0033869,QB,TEN,NYJ,New York Jets @ Tennessee Titans,Sun 09/13 01:00 PM ET,0.77,-0.16,-8.9,-4.22,4.37,9.6,6.36,0.34,Q
Julius Chestnut,00-0037594,RB,TEN,NYJ,New York Jets @ Tennessee Titans,Sun 09/13 01:00 PM ET,0.73,-0.2,-5.19,-2.8,2.72,8.19,4.09,0.46,
Tyson Bagent,00-0038416,QB,CHI,CAR,Chicago Bears @ Carolina Panthers,Sun 09/13 01:00 PM ET,0.62,-0.31,-9.06,-4.38,4.21,9.44,6.36,0.23,
Arian Smith,00-0040582,WR,NYJ,TEN,New York Jets @ Tennessee Titans,Sun 09/13 01:00 PM ET,0.61,-0.32,-5.86,-2.94,2.59,8.15,4.09,0.27,
Kene Nwangwu,00-0036842,RB,NYJ,TEN,New York Jets @ Tennessee Titans,Sun 09/13 01:00 PM ET,0.6,-0.33,-5.32,-2.92,2.6,8.06,4.09,0.34,
Michael Penix Jr.,00-0039917,QB,ATL,PIT,Atlanta Falcons @ Pittsburgh Steelers,Sun 09/13 01:00 PM ET,0.59,-0.34,-9.09,-4.4,4.19,9.41,6.36,0.22,O
Oscar Delp,ffa_17567,TE,NO,DET,New Orleans Saints @ Detroit Lions,Sun 09/13 01:00 PM ET,0.58,-0.35,-4.41,-2.33,2.09,6.75,3.27,0.15,Q
Jalen Hurts,00-0036389,QB,PHI,WAS,Washington Commanders @ Philadelphia Eagles,Sun 09/13 04:25 PM ET,21.54,20.61,11.87,16.55,25.14,30.37,6.36,21.33,
Justin Herbert,00-0036355,QB,LAC,ARI,Arizona Cardinals @ Los Angeles Chargers,Sun 09/13 04:25 PM ET,20.2,19.27,10.52,15.21,23.8,29.02,6.36,20.15,
Saquon Barkley,00-0034844,RB,PHI,WAS,Washington Commanders @ Philadelphia Eagles,Sun 09/13 04:25 PM ET,18.87,17.94,12.95,15.35,20.87,26.33,4.09,18.61,
Devon Achane,00-0039040,RB,MIA,LV,Miami Dolphins @ Las Vegas Raiders,Sun 09/13 04:25 PM ET,17.5,16.57,11.58,13.97,19.49,24.96,4.09,17.23,
Omarion Hampton,00-0040666,RB,LAC,ARI,Arizona Cardinals @ Los Angeles Chargers,Sun 09/13 04:25 PM ET,16.59,15.66,10.67,13.07,18.59,24.05,4.09,16.33,
Jayden Daniels,00-0039910,QB,WAS,PHI,Washington Commanders @ Philadelphia Eagles,Sun 09/13 04:25 PM ET,16.2,15.27,6.53,11.21,19.8,25.03,6.36,16.05,
Kyler Murray,00-0035228,QB,MIN,GB,Green Bay Packers @ Minnesota Vikings,Sun 09/13 04:25 PM ET,16.18,15.25,6.5,11.19,19.78,25.0,6.36,15.96,
Ashton Jeanty,00-0040122,RB,LV,MIA,Miami Dolphins @ Las Vegas Raiders,Sun 09/13 04:25 PM ET,15.99,15.06,10.07,12.46,17.98,23.45,4.09,15.72,Q
Brock Bowers,00-0039338,TE,LV,MIA,Miami Dolphins @ Las Vegas Raiders,Sun 09/13 04:25 PM ET,15.75,14.82,10.76,12.84,17.26,21.91,3.27,15.79,
Justin Jefferson,00-0036322,WR,MIN,GB,Green Bay Packers @ Minnesota Vikings,Sun 09/13 04:25 PM ET,15.22,14.29,8.75,11.67,17.2,22.76,4.09,15.03,
Malik Willis,00-0038128,QB,MIA,LV,Miami Dolphins @ Las Vegas Raiders,Sun 09/13 04:25 PM ET,15.14,14.21,5.47,10.15,18.74,23.97,6.36,14.98,
Jacoby Brissett,00-0033119,QB,ARI,LAC,Arizona Cardinals @ Los Angeles Chargers,Sun 09/13 04:25 PM ET,15.12,14.19,5.45,10.13,18.72,23.95,6.36,15.04,
DeVonta Smith,00-0036912,WR,PHI,WAS,Washington Commanders @ Philadelphia Eagles,Sun 09/13 04:25 PM ET,14.37,13.44,7.89,10.82,16.34,21.91,4.09,14.15,
Trey McBride,00-0037744,TE,ARI,LAC,Arizona Cardinals @ Los Angeles Chargers,Sun 09/13 04:25 PM ET,14.12,13.19,9.13,11.21,15.63,20.29,3.27,14.41,
Jordan Love,00-0036264,QB,GB,MIN,Green Bay Packers @ Minnesota Vikings,Sun 09/13 04:25 PM ET,13.75,12.82,4.08,8.76,17.35,22.57,6.36,13.47,
Ladd McConkey,00-0039915,WR,LAC,ARI,Arizona Cardinals @ Los Angeles Chargers,Sun 09/13 04:25 PM ET,13.68,12.75,7.2,10.13,15.65,21.22,4.09,13.48,
Kirk Cousins,00-0029604,QB,LV,MIA,Miami Dolphins @ Las Vegas Raiders,Sun 09/13 04:25 PM ET,12.47,11.54,2.8,7.48,16.07,21.3,6.36,12.17,
Dallas Goedert,00-0034351,TE,PHI,WAS,Washington Commanders @ Philadelphia Eagles,Sun 09/13 04:25 PM ET,12.23,11.3,7.24,9.32,13.74,18.4,3.27,12.2,
Jeremiyah Love,ffa_17472,RB,ARI,LAC,Arizona Cardinals @ Los Angeles Chargers,Sun 09/13 04:25 PM ET,11.51,10.58,5.59,7.99,13.51,18.97,4.09,11.25,Q
Terry McLaurin,00-0035659,WR,WAS,PHI,Washington Commanders @ Philadelphia Eagles,Sun 09/13 04:25 PM ET,11.03,10.1,4.55,7.48,13.0,18.57,4.09,10.83,
MarShawn Lloyd,00-0039811,RB,GB,MIN,Green Bay Packers @ Minnesota Vikings,Sun 09/13 04:25 PM ET,10.91,9.98,4.99,7.38,12.9,18.37,4.09,10.64,
Aaron Jones,00-0033293,RB,MIN,GB,Green Bay Packers @ Minnesota Vikings,Sun 09/13 04:25 PM ET,10.73,9.8,4.81,7.21,12.73,18.19,4.09,10.47,
Quentin Johnston,00-0038544,WR,LAC,ARI,Arizona Cardinals @ Los Angeles Chargers,Sun 09/13 04:25 PM ET,10.57,9.64,4.09,7.02,12.54,18.1,4.09,10.34,
Christian Watson,00-0038124,WR,GB,MIN,Green Bay Packers @ Minnesota Vikings,Sun 09/13 04:25 PM ET,10.4,9.47,3.93,6.85,12.38,17.94,4.09,10.15,
Marvin Harrison Jr.,00-0039849,WR,ARI,LAC,Arizona Cardinals @ Los Angeles Chargers,Sun 09/13 04:25 PM ET,10.39,9.46,3.91,6.84,12.36,17.92,4.09,10.21,
Michael Wilson,00-0038559,WR,ARI,LAC,Arizona Cardinals @ Los Angeles Chargers,Sun 09/13 04:25 PM ET,10.12,9.19,3.64,6.57,12.09,17.66,4.09,9.91,
Jordan Addison,00-0038994,WR,MIN,GB,Green Bay Packers @ Minnesota Vikings,Sun 09/13 04:25 PM ET,10.07,9.14,3.59,6.52,12.04,17.6,4.09,9.81,
Cameron Dicker,,K,LAC,ARI,Arizona Cardinals @ Los Angeles Chargers,Sun 09/13 04:25 PM ET,10.0,10.0,3.5,6.5,13.5,17.0,5.0,10.64,Q
Stefon Diggs,00-0031588,WR,WAS,PHI,Washington Commanders @ Philadelphia Eagles,Sun 09/13 04:25 PM ET,9.36,8.43,2.88,5.81,11.33,16.9,4.09,9.11,
Jayden Reed,00-0039146,WR,GB,MIN,Green Bay Packers @ Minnesota Vikings,Sun 09/13 04:25 PM ET,9.11,8.18,2.63,5.56,11.08,16.65,4.09,8.86,
Tre Tucker,00-0038563,WR,LV,MIA,Miami Dolphins @ Las Vegas Raiders,Sun 09/13 04:25 PM ET,8.92,7.99,2.44,5.37,10.89,16.45,4.09,8.65,
Matt Gay,,K,LV,MIA,Miami Dolphins @ Las Vegas Raiders,Sun 09/13 04:25 PM ET,8.9,8.9,3.12,5.78,12.02,15.13,4.45,6.4,
Will Reichard,,K,MIN,GB,Green Bay Packers @ Minnesota Vikings,Sun 09/13 04:25 PM ET,8.7,8.7,3.04,5.65,11.74,14.79,4.35,8.31,
Trey Smack,,K,GB,MIN,Green Bay Packers @ Minnesota Vikings,Sun 09/13 04:25 PM ET,8.7,8.7,3.04,5.65,11.74,14.79,4.35,6.21,
Jordan Mason,00-0037525,RB,MIN,GB,Green Bay Packers @ Minnesota Vikings,Sun 09/13 04:25 PM ET,8.54,7.61,2.62,5.01,10.53,16.0,4.09,8.27,
Jake Elliott,,K,PHI,WAS,Washington Commanders @ Philadelphia Eagles,Sun 09/13 04:25 PM ET,8.4,8.4,2.94,5.46,11.34,14.28,4.2,7.47,
Riley Patterson,,K,MIA,LV,Miami Dolphins @ Las Vegas Raiders,Sun 09/13 04:25 PM ET,8.4,8.4,2.94,5.46,11.34,14.28,4.2,6.94,
Chargers,,DST,LAC,ARI,Arizona Cardinals @ Los Angeles Chargers,Sun 09/13 04:25 PM ET,8.4,8.4,2.94,5.46,11.34,14.28,4.2,9.13,
Tucker Kraft,00-0038996,TE,GB,MIN,Green Bay Packers @ Minnesota Vikings,Sun 09/13 04:25 PM ET,8.36,7.43,3.37,5.45,9.87,14.53,3.27,8.17,Q
T.J. Hockenson,00-0035229,TE,MIN,GB,Green Bay Packers @ Minnesota Vikings,Sun 09/13 04:25 PM ET,8.17,7.24,3.18,5.26,9.68,14.34,3.27,7.98,
Malik Washington,00-0039880,WR,MIA,LV,Miami Dolphins @ Las Vegas Raiders,Sun 09/13 04:25 PM ET,7.91,6.98,1.43,4.36,9.88,15.44,4.09,7.67,
Matthew Golden,00-0040667,WR,GB,MIN,Green Bay Packers @ Minnesota Vikings,Sun 09/13 04:25 PM ET,7.85,6.91,1.37,4.3,9.82,15.38,4.09,7.59,
Raiders,,DST,LV,MIA,Miami Dolphins @ Las Vegas Raiders,Sun 09/13 04:25 PM ET,7.8,7.8,2.73,5.07,10.53,13.26,3.9,7.42,
Jacory Croskey-Merritt,00-0040242,RB,WAS,PHI,Washington Commanders @ Philadelphia Eagles,Sun 09/13 04:25 PM ET,7.67,6.74,1.75,4.15,9.67,15.13,4.09,7.41,Q
Rachaad White,00-0037256,RB,WAS,PHI,Washington Commanders @ Philadelphia Eagles,Sun 09/13 04:25 PM ET,7.54,6.61,1.62,4.01,9.53,15.0,4.09,7.27,Q
Greg Dulcich,00-0037252,TE,MIA,LV,Miami Dolphins @ Las Vegas Raiders,Sun 09/13 04:25 PM ET,7.49,6.56,2.5,4.58,9.0,13.65,3.27,7.35,
Chad Ryland,,K,ARI,LAC,Arizona Cardinals @ Los Angeles Chargers,Sun 09/13 04:25 PM ET,7.4,7.4,2.59,4.81,9.99,12.58,3.7,6.78,
Drew Stevens,,K,WAS,PHI,Washington Commanders @ Philadelphia Eagles,Sun 09/13 04:25 PM ET,7.4,7.4,2.59,4.81,9.99,12.58,3.7,5.86,
Eagles,,DST,PHI,WAS,Washington Commanders @ Philadelphia Eagles,Sun 09/13 04:25 PM ET,7.4,7.4,2.59,4.81,9.99,12.58,3.7,7.47,
Oronde Gadsden,00-0040189,TE,LAC,ARI,Arizona Cardinals @ Los Angeles Chargers,Sun 09/13 04:25 PM ET,7.14,6.21,2.15,4.23,8.65,13.31,3.27,7.06,
Jalen Nailor,00-0037291,WR,LV,MIA,Miami Dolphins @ Las Vegas Raiders,Sun 09/13 04:25 PM ET,6.98,6.05,0.5,3.43,8.95,14.52,4.09,6.72,
Makai Lemon,ffa_17499,WR,PHI,WAS,Washington Commanders @ Philadelphia Eagles,Sun 09/13 04:25 PM ET,6.92,5.99,0.45,3.37,8.9,14.46,4.09,6.68,
Jauan Jennings,00-0036259,WR,MIN,GB,Green Bay Packers @ Minnesota Vikings,Sun 09/13 04:25 PM ET,6.67,5.74,0.2,3.12,8.65,14.21,4.09,6.42,
Dontayvion Wicks,00-0038393,WR,PHI,WAS,Washington Commanders @ Philadelphia Eagles,Sun 09/13 04:25 PM ET,6.65,5.72,0.17,3.1,8.62,14.18,4.09,6.41,
Chigoziem Okonkwo,ffa_15889,TE,WAS,PHI,Washington Commanders @ Philadelphia Eagles,Sun 09/13 04:25 PM ET,6.53,5.6,1.54,3.62,8.04,12.69,3.27,6.35,
Tyler Allgeier,00-0037263,RB,ARI,LAC,Arizona Cardinals @ Los Angeles Chargers,Sun 09/13 04:25 PM ET,6.25,5.32,0.33,2.73,8.25,13.71,4.09,5.99,
David Njoku,00-0033885,TE,LAC,ARI,Arizona Cardinals @ Los Angeles Chargers,Sun 09/13 04:25 PM ET,6.17,5.24,1.18,3.26,7.68,12.34,3.27,5.95,
Tre Harris,00-0040727,WR,LAC,ARI,Arizona Cardinals @ Los Angeles Chargers,Sun 09/13 04:25 PM ET,6.16,5.23,-0.32,2.61,8.13,13.7,4.09,5.9,Q
Dolphins,,DST,MIA,LV,Miami Dolphins @ Las Vegas Raiders,Sun 09/13 04:25 PM ET,6.0,6.0,2.1,3.9,8.1,10.2,3.0,6.92,
Packers,,DST,GB,MIN,Green Bay Packers @ Minnesota Vikings,Sun 09/13 04:25 PM ET,6.0,6.0,2.1,3.9,8.1,10.2,3.0,6.93,
Jalen Tolbert,00-0037666,WR,MIA,LV,Miami Dolphins @ Las Vegas Raiders,Sun 09/13 04:25 PM ET,5.83,4.9,-0.64,2.28,7.81,13.37,4.09,5.57,
Mike Washington Jr.,ffa_17482,RB,LV,MIA,Miami Dolphins @ Las Vegas Raiders,Sun 09/13 04:25 PM ET,5.82,4.89,-0.1,2.29,7.81,13.28,4.09,5.55,
Chris Brooks,00-0038685,RB,GB,MIN,Green Bay Packers @ Minnesota Vikings,Sun 09/13 04:25 PM ET,5.39,4.46,-0.53,1.86,7.38,12.85,4.09,5.12,
Caleb Douglas,ffa_17599,WR,MIA,LV,Miami Dolphins @ Las Vegas Raiders,Sun 09/13 04:25 PM ET,5.36,4.43,-1.12,1.81,7.33,12.9,4.09,5.09,
Michael Mayer,00-0039066,TE,LV,MIA,Miami Dolphins @ Las Vegas Raiders,Sun 09/13 04:25 PM ET,5.15,4.22,0.16,2.24,6.66,11.32,3.27,4.84,
Jack Bech,00-0040729,WR,LV,MIA,Miami Dolphins @ Las Vegas Raiders,Sun 09/13 04:25 PM ET,5.14,4.21,-1.33,1.59,7.11,12.68,4.09,4.86,
Marquise Brown,00-0035662,WR,PHI,WAS,Washington Commanders @ Philadelphia Eagles,Sun 09/13 04:25 PM ET,4.99,4.06,-1.48,1.44,6.97,12.53,4.09,4.74,
Tank Bigsby,00-0038555,RB,PHI,WAS,Washington Commanders @ Philadelphia Eagles,Sun 09/13 04:25 PM ET,4.98,4.05,-0.94,1.46,6.98,12.44,4.09,4.72,
Keaton Mitchell,00-0038454,RB,LAC,ARI,Arizona Cardinals @ Los Angeles Chargers,Sun 09/13 04:25 PM ET,4.94,4.01,-0.98,1.41,6.93,12.4,4.09,4.67,Q
Jonnu Smith,00-0033858,TE,GB,MIN,Green Bay Packers @ Minnesota Vikings,Sun 09/13 04:25 PM ET,4.65,3.72,-0.34,1.75,6.16,10.82,3.27,4.39,
Commanders,,DST,WAS,PHI,Washington Commanders @ Philadelphia Eagles,Sun 09/13 04:25 PM ET,4.6,4.6,1.61,2.99,6.21,7.82,2.3,5.14,
Antonio Williams,ffa_17512,WR,WAS,PHI,Washington Commanders @ Philadelphia Eagles,Sun 09/13 04:25 PM ET,4.54,3.61,-1.93,0.99,6.52,12.08,4.09,4.28,
Vikings,,DST,MIN,GB,Green Bay Packers @ Minnesota Vikings,Sun 09/13 04:25 PM ET,4.4,4.4,1.54,2.86,5.94,7.48,2.2,6.09,
Kimani Vidal,00-0039391,RB,LAC,ARI,Arizona Cardinals @ Los Angeles Chargers,Sun 09/13 04:25 PM ET,4.35,3.42,-1.57,0.82,6.34,11.81,4.09,4.08,
Kendrick Bourne,00-0033307,WR,ARI,LAC,Arizona Cardinals @ Los Angeles Chargers,Sun 09/13 04:25 PM ET,4.28,3.35,-2.19,0.73,6.26,11.82,4.09,4.05,
Malik Benson,ffa_17706,WR,LV,MIA,Miami Dolphins @ Las Vegas Raiders,Sun 09/13 04:25 PM ET,3.76,2.83,-2.71,0.21,5.74,11.3,4.09,3.49,
Jaylen Wright,00-0039874,RB,MIA,LV,Miami Dolphins @ Las Vegas Raiders,Sun 09/13 04:25 PM ET,3.69,2.76,-2.23,0.17,5.68,11.15,4.09,3.42,
Charlie Kolar,00-0038046,TE,LAC,ARI,Arizona Cardinals @ Los Angeles Chargers,Sun 09/13 04:25 PM ET,3.69,2.76,-1.3,0.78,5.2,9.86,3.27,3.54,
Josh Oliver,00-0035249,TE,MIN,GB,Green Bay Packers @ Minnesota Vikings,Sun 09/13 04:25 PM ET,3.51,2.57,-1.48,0.6,5.02,9.67,3.27,3.22,
Elijah Higgins,00-0039041,TE,ARI,LAC,Arizona Cardinals @ Los Angeles Chargers,Sun 09/13 04:25 PM ET,3.22,2.29,-1.77,0.31,4.73,9.38,3.27,3.02,
Cardinals,,DST,ARI,LAC,Arizona Cardinals @ Los Angeles Chargers,Sun 09/13 04:25 PM ET,2.9,2.9,1.01,1.88,3.92,4.93,1.45,5.52,
Fernando Mendoza,ffa_17462,QB,LV,MIA,Miami Dolphins @ Las Vegas Raiders,Sun 09/13 04:25 PM ET,2.7,1.77,-6.97,-2.29,6.3,11.53,6.36,2.39,
Zonovan Knight,ffa_15727,RB,ARI,LAC,Arizona Cardinals @ Los Angeles Chargers,Sun 09/13 04:25 PM ET,2.61,1.68,-3.31,-0.91,4.6,10.07,4.09,2.35,
Hunter Long,00-0037004,TE,ARI,LAC,Arizona Cardinals @ Los Angeles Chargers,Sun 09/13 04:25 PM ET,2.52,1.59,-2.47,-0.39,4.03,8.69,3.27,2.32,
Bo Melton,ffa_15785,WR,GB,MIN,Green Bay Packers @ Minnesota Vikings,Sun 09/13 04:25 PM ET,2.47,1.54,-4.0,-1.08,4.45,10.01,4.09,2.2,
Eli Stowers,ffa_17544,TE,PHI,WAS,Washington Commanders @ Philadelphia Eagles,Sun 09/13 04:25 PM ET,2.42,1.49,-2.57,-0.49,3.93,8.58,3.27,2.19,Q
Will Kacmarek,ffa_17605,TE,MIA,LV,Miami Dolphins @ Las Vegas Raiders,Sun 09/13 04:25 PM ET,2.42,1.49,-2.57,-0.48,3.93,8.59,3.27,2.2,
Ben Sinnott,00-0039912,TE,WAS,PHI,Washington Commanders @ Philadelphia Eagles,Sun 09/13 04:25 PM ET,2.4,1.47,-2.59,-0.51,3.91,8.56,3.27,2.13,Q
John Bates,00-0036628,TE,WAS,PHI,Washington Commanders @ Philadelphia Eagles,Sun 09/13 04:25 PM ET,2.37,1.43,-2.62,-0.54,3.88,8.53,3.27,2.1,Q
Kevin Coleman,ffa_17528,WR,MIA,LV,Miami Dolphins @ Las Vegas Raiders,Sun 09/13 04:25 PM ET,2.23,1.3,-4.24,-1.32,4.21,9.77,4.09,1.98,
Chris Bell,ffa_17506,WR,MIA,LV,Miami Dolphins @ Las Vegas Raiders,Sun 09/13 04:25 PM ET,2.21,1.28,-4.26,-1.34,4.18,9.75,4.09,1.95,
Connor Heyward,00-0037304,TE,LV,MIA,Miami Dolphins @ Las Vegas Raiders,Sun 09/13 04:25 PM ET,2.21,1.28,-2.78,-0.7,3.72,8.38,3.27,1.84,
Dyami Brown,00-0036626,WR,WAS,PHI,Washington Commanders @ Philadelphia Eagles,Sun 09/13 04:25 PM ET,2.1,1.17,-4.37,-1.45,4.08,9.64,4.09,1.83,
Treylon Burks,00-0037742,WR,WAS,PHI,Washington Commanders @ Philadelphia Eagles,Sun 09/13 04:25 PM ET,2.1,1.17,-4.38,-1.45,4.07,9.64,4.09,1.83,
Marcus Mariota,00-0032268,QB,WAS,PHI,Washington Commanders @ Philadelphia Eagles,Sun 09/13 04:25 PM ET,2.07,1.14,-7.6,-2.92,5.67,10.89,6.36,1.78,Q
Luke McCaffrey,00-0039355,WR,WAS,PHI,Washington Commanders @ Philadelphia Eagles,Sun 09/13 04:25 PM ET,1.98,1.05,-4.5,-1.57,3.95,9.51,4.09,1.7,
Ian Thomas,00-0034365,TE,LV,MIA,Miami Dolphins @ Las Vegas Raiders,Sun 09/13 04:25 PM ET,1.98,1.05,-3.01,-0.93,3.49,8.15,3.27,1.61,
Ollie Gordon,00-0040198,RB,MIA,LV,Miami Dolphins @ Las Vegas Raiders,Sun 09/13 04:25 PM ET,1.85,0.92,-4.07,-1.68,3.84,9.31,4.09,1.58,Q
Jaylin Lane,00-0040164,WR,WAS,PHI,Washington Commanders @ Philadelphia Eagles,Sun 09/13 04:25 PM ET,1.82,0.89,-4.65,-1.73,3.8,9.36,4.09,1.55,
Kaleb Johnson,00-0040142,RB,GB,MIN,Green Bay Packers @ Minnesota Vikings,Sun 09/13 04:25 PM ET,1.67,0.74,-4.25,-1.85,3.67,9.13,4.09,1.41,
Tai Felton,00-0040154,WR,MIN,GB,Green Bay Packers @ Minnesota Vikings,Sun 09/13 04:25 PM ET,1.63,0.7,-4.85,-1.92,3.6,9.16,4.09,1.35,
Josh Whyle,00-0038589,TE,GB,MIN,Green Bay Packers @ Minnesota Vikings,Sun 09/13 04:25 PM ET,1.63,0.7,-3.36,-1.28,3.14,7.79,3.27,1.26,
Kaytron Allen,ffa_17478,RB,WAS,PHI,Washington Commanders @ Philadelphia Eagles,Sun 09/13 04:25 PM ET,1.62,0.69,-4.3,-1.91,3.61,9.08,4.09,1.35,
KeAndre Lambert-Smith,00-0040184,WR,LAC,ARI,Arizona Cardinals @ Los Angeles Chargers,Sun 09/13 04:25 PM ET,1.61,0.68,-4.87,-1.94,3.58,9.14,4.09,1.34,
Will Shipley,00-0039746,RB,PHI,WAS,Washington Commanders @ Philadelphia Eagles,Sun 09/13 04:25 PM ET,1.54,0.61,-4.38,-1.99,3.53,9.0,4.09,1.27,
Dylan Laube,00-0039407,RB,LV,MIA,Miami Dolphins @ Las Vegas Raiders,Sun 09/13 04:25 PM ET,1.53,0.6,-4.39,-2.0,3.52,8.99,4.09,1.26,
Demond Claiborne,ffa_17481,RB,MIN,GB,Green Bay Packers @ Minnesota Vikings,Sun 09/13 04:25 PM ET,1.51,0.58,-4.41,-2.01,3.5,8.97,4.09,1.24,
J.J. McCarthy,00-0039923,QB,MIN,GB,Green Bay Packers @ Minnesota Vikings,Sun 09/13 04:25 PM ET,1.5,0.57,-8.18,-3.49,5.1,10.32,6.36,1.18,
Johnny Mundt,00-0033246,TE,PHI,WAS,Washington Commanders @ Philadelphia Eagles,Sun 09/13 04:25 PM ET,1.43,0.49,-3.56,-1.48,2.94,7.59,3.27,1.06,
Tyrod Taylor,00-0028118,QB,GB,MIN,Green Bay Packers @ Minnesota Vikings,Sun 09/13 04:25 PM ET,1.41,0.48,-8.27,-3.59,5.0,10.23,6.36,1.08,
Skyy Moore,00-0038090,WR,GB,MIN,Green Bay Packers @ Minnesota Vikings,Sun 09/13 04:25 PM ET,1.39,0.46,-5.08,-2.16,3.37,8.93,4.09,1.1,
Brenen Thompson,ffa_17529,WR,LAC,ARI,Arizona Cardinals @ Los Angeles Chargers,Sun 09/13 04:25 PM ET,1.34,0.41,-5.13,-2.21,3.32,8.88,4.09,1.06,Q
Alec Ingold,ffa_14420,RB,LAC,ARI,Arizona Cardinals @ Los Angeles Chargers,Sun 09/13 04:25 PM ET,1.19,0.26,-4.73,-2.34,3.18,8.65,4.09,0.92,
Darius Cooper,00-0040024,WR,PHI,WAS,Washington Commanders @ Philadelphia Eagles,Sun 09/13 04:25 PM ET,1.18,0.25,-5.3,-2.37,3.15,8.72,4.09,0.9,
Andy Dalton,00-0027973,QB,PHI,WAS,Washington Commanders @ Philadelphia Eagles,Sun 09/13 04:25 PM ET,1.12,0.19,-8.56,-3.87,4.71,9.94,6.36,0.79,
Tanner McKee,00-0038400,QB,PHI,WAS,Washington Commanders @ Philadelphia Eagles,Sun 09/13 04:25 PM ET,1.03,0.1,-8.65,-3.96,4.63,9.85,6.36,0.7,
Jalen Brooks,00-0038640,WR,ARI,LAC,Arizona Cardinals @ Los Angeles Chargers,Sun 09/13 04:25 PM ET,1.03,0.1,-5.44,-2.52,3.01,8.57,4.09,0.75,
Derius Davis,00-0038573,WR,LAC,ARI,Arizona Cardinals @ Los Angeles Chargers,Sun 09/13 04:25 PM ET,1.03,0.1,-5.45,-2.52,3.0,8.57,4.09,0.74,
Trey Lance,00-0037012,QB,LAC,ARI,Arizona Cardinals @ Los Angeles Chargers,Sun 09/13 04:25 PM ET,0.99,0.05,-8.69,-4.01,4.58,9.81,6.36,0.67,
Ryan Miller,00-0038824,WR,MIA,LV,Miami Dolphins @ Las Vegas Raiders,Sun 09/13 04:25 PM ET,0.88,-0.05,-5.59,-2.67,2.86,8.42,4.09,0.59,
Gardner Minshew,00-0035289,QB,ARI,LAC,Arizona Cardinals @ Los Angeles Chargers,Sun 09/13 04:25 PM ET,0.83,-0.1,-8.84,-4.16,4.43,9.65,6.36,0.47,
Elijah Moore,00-0036980,WR,PHI,WAS,Washington Commanders @ Philadelphia Eagles,Sun 09/13 04:25 PM ET,0.73,-0.2,-5.75,-2.82,2.7,8.27,4.09,0.42,
Dak Prescott,00-0033077,QB,DAL,NYG,Dallas Cowboys @ New York Giants,Sun 09/13 08:20 PM ET,18.31,17.38,8.63,13.31,21.9,27.13,6.36,18.15,
Jaxson Dart,00-0040691,QB,NYG,DAL,Dallas Cowboys @ New York Giants,Sun 09/13 08:20 PM ET,18.04,17.11,8.37,13.05,21.64,26.86,6.36,17.88,
CeeDee Lamb,00-0036358,WR,DAL,NYG,Dallas Cowboys @ New York Giants,Sun 09/13 08:20 PM ET,15.63,14.7,9.16,12.08,17.61,23.17,4.09,15.43,
Javonte Williams,00-0036997,RB,DAL,NYG,Dallas Cowboys @ New York Giants,Sun 09/13 08:20 PM ET,15.4,14.47,9.48,11.87,17.39,22.86,4.09,15.13,
George Pickens,00-0037247,WR,DAL,NYG,Dallas Cowboys @ New York Giants,Sun 09/13 08:20 PM ET,14.44,13.51,7.97,10.89,16.42,21.98,4.09,14.21,
Cam Skattebo,00-0040715,RB,NYG,DAL,Dallas Cowboys @ New York Giants,Sun 09/13 08:20 PM ET,13.76,12.83,7.84,10.24,15.76,21.22,4.09,13.5,
Malik Nabers,00-0039337,WR,NYG,DAL,Dallas Cowboys @ New York Giants,Sun 09/13 08:20 PM ET,11.56,10.63,5.08,8.01,13.53,19.09,4.09,11.32,Q
Isaiah Likely,00-0037838,TE,NYG,DAL,Dallas Cowboys @ New York Giants,Sun 09/13 08:20 PM ET,9.77,8.84,4.78,6.86,11.28,15.94,3.27,9.55,
Jake Ferguson,00-0038041,TE,DAL,NYG,Dallas Cowboys @ New York Giants,Sun 09/13 08:20 PM ET,9.46,8.53,4.47,6.55,10.97,15.63,3.27,9.25,
Brandon Aubrey,,K,DAL,NYG,Dallas Cowboys @ New York Giants,Sun 09/13 08:20 PM ET,8.7,8.7,3.04,5.65,11.74,14.79,4.35,10.18,
Dominic Zvada,,K,NYG,DAL,Dallas Cowboys @ New York Giants,Sun 09/13 08:20 PM ET,8.3,8.3,2.9,5.4,11.21,14.11,4.15,4.63,
Cowboys,,DST,DAL,NYG,Dallas Cowboys @ New York Giants,Sun 09/13 08:20 PM ET,5.7,5.7,2.0,3.7,7.7,9.69,2.85,6.36,
Tyrone Tracy,00-0039384,RB,NYG,DAL,Dallas Cowboys @ New York Giants,Sun 09/13 08:20 PM ET,5.65,4.72,-0.27,2.13,7.65,13.11,4.09,5.39,Q
Malachi Fields,ffa_17511,WR,NYG,DAL,Dallas Cowboys @ New York Giants,Sun 09/13 08:20 PM ET,5.37,4.44,-1.11,1.82,7.34,12.91,4.09,5.08,
Ryan Flournoy,00-0039410,WR,DAL,NYG,Dallas Cowboys @ New York Giants,Sun 09/13 08:20 PM ET,5.3,4.37,-1.17,1.75,7.28,12.84,4.09,5.02,
Darnell Mooney,00-0036309,WR,NYG,DAL,Dallas Cowboys @ New York Giants,Sun 09/13 08:20 PM ET,5.16,4.23,-1.32,1.61,7.13,12.69,4.09,4.88,
Theo Johnson,00-0039847,TE,NYG,DAL,Dallas Cowboys @ New York Giants,Sun 09/13 08:20 PM ET,5.16,4.23,0.18,2.26,6.67,11.33,3.27,4.87,Q
Malik Davis,00-0037563,RB,DAL,NYG,Dallas Cowboys @ New York Giants,Sun 09/13 08:20 PM ET,4.77,3.84,-1.15,1.24,6.76,12.23,4.09,4.5,
Najee Harris,00-0036893,RB,NYG,DAL,Dallas Cowboys @ New York Giants,Sun 09/13 08:20 PM ET,4.34,3.4,-1.58,0.81,6.33,11.8,4.09,4.07,
Devin Singletary,00-0035250,RB,NYG,DAL,Dallas Cowboys @ New York Giants,Sun 09/13 08:20 PM ET,4.25,3.32,-1.67,0.72,6.24,11.71,4.09,3.98,
KaVontae Turpin,00-0037801,WR,DAL,NYG,Dallas Cowboys @ New York Giants,Sun 09/13 08:20 PM ET,4.18,3.25,-2.29,0.63,6.16,11.72,4.09,3.91,
Giants,,DST,NYG,DAL,Dallas Cowboys @ New York Giants,Sun 09/13 08:20 PM ET,4.0,4.0,1.4,2.6,5.4,6.8,2.0,5.7,
Luke Schoonmaker,00-0038547,TE,DAL,NYG,Dallas Cowboys @ New York Giants,Sun 09/13 08:20 PM ET,2.64,1.7,-2.35,-0.27,4.15,8.8,3.27,2.34,
Emari Demercado,00-0038705,RB,DAL,NYG,Dallas Cowboys @ New York Giants,Sun 09/13 08:20 PM ET,2.31,1.38,-3.61,-1.22,4.3,9.77,4.09,2.04,
Hunter Luepke,00-0038738,RB,DAL,NYG,Dallas Cowboys @ New York Giants,Sun 09/13 08:20 PM ET,2.18,1.25,-3.74,-1.35,4.17,9.64,4.09,1.91,
Israel Abanikanda,00-0038389,RB,DAL,NYG,Dallas Cowboys @ New York Giants,Sun 09/13 08:20 PM ET,2.06,1.13,-3.86,-1.46,4.05,9.52,4.09,1.79,
Brevyn Spann-Ford,00-0039530,TE,DAL,NYG,Dallas Cowboys @ New York Giants,Sun 09/13 08:20 PM ET,2.0,1.07,-2.98,-0.9,3.51,8.17,3.27,1.67,
Jonathan Mingo,00-0039062,WR,DAL,NYG,Dallas Cowboys @ New York Giants,Sun 09/13 08:20 PM ET,1.9,0.97,-4.58,-1.65,3.87,9.44,4.09,1.62,
Chris Manhertz,00-0031484,TE,NYG,DAL,Dallas Cowboys @ New York Giants,Sun 09/13 08:20 PM ET,1.66,0.73,-3.33,-1.25,3.17,7.83,3.27,1.32,
Jameis Winston,00-0031503,QB,NYG,DAL,Dallas Cowboys @ New York Giants,Sun 09/13 08:20 PM ET,1.51,0.58,-8.16,-3.48,5.11,10.33,6.36,1.19,
Thomas Fidone,00-0040225,TE,NYG,DAL,Dallas Cowboys @ New York Giants,Sun 09/13 08:20 PM ET,1.34,0.41,-3.65,-1.57,2.85,7.51,3.27,0.94,
Sam Howell,00-0037077,QB,DAL,NYG,Dallas Cowboys @ New York Giants,Sun 09/13 08:20 PM ET,0.9,-0.03,-8.77,-4.09,4.5,9.73,6.36,0.55,
Patrick Mahomes,00-0033873,QB,KC,DEN,Denver Broncos @ Kansas City Chiefs,Mon 09/14 08:15 PM ET,16.23,15.3,6.55,11.23,19.82,25.05,6.36,16.0,Q
Bo Nix,00-0039732,QB,DEN,KC,Denver Broncos @ Kansas City Chiefs,Mon 09/14 08:15 PM ET,15.47,14.54,5.79,10.48,19.07,24.29,6.36,15.31,
Rashee Rice,00-0039067,WR,KC,DEN,Denver Broncos @ Kansas City Chiefs,Mon 09/14 08:15 PM ET,14.22,13.29,7.74,10.67,16.19,21.76,4.09,13.98,
Kenneth Walker III,00-0038134,RB,KC,DEN,Denver Broncos @ Kansas City Chiefs,Mon 09/14 08:15 PM ET,12.58,11.65,6.66,9.06,14.58,20.04,4.09,12.32,
J.K. Dobbins,00-0036158,RB,DEN,KC,Denver Broncos @ Kansas City Chiefs,Mon 09/14 08:15 PM ET,11.03,10.1,5.11,7.51,13.02,18.49,4.09,10.76,
Jaylen Waddle,00-0036613,WR,DEN,KC,Denver Broncos @ Kansas City Chiefs,Mon 09/14 08:15 PM ET,10.91,9.98,4.44,7.36,12.89,18.45,4.09,10.69,
Courtland Sutton,00-0034348,WR,DEN,KC,Denver Broncos @ Kansas City Chiefs,Mon 09/14 08:15 PM ET,9.92,8.99,3.45,6.37,11.9,17.46,4.09,9.68,
Travis Kelce,00-0030506,TE,KC,DEN,Denver Broncos @ Kansas City Chiefs,Mon 09/14 08:15 PM ET,9.74,8.81,4.75,6.83,11.25,15.91,3.27,9.5,
RJ Harvey,00-0040730,RB,DEN,KC,Denver Broncos @ Kansas City Chiefs,Mon 09/14 08:15 PM ET,9.2,8.27,3.28,5.67,11.19,16.66,4.09,8.93,
Xavier Worthy,00-0039894,WR,KC,DEN,Denver Broncos @ Kansas City Chiefs,Mon 09/14 08:15 PM ET,8.43,7.5,1.96,4.88,10.41,15.97,4.09,8.17,
Wil Lutz,,K,DEN,KC,Denver Broncos @ Kansas City Chiefs,Mon 09/14 08:15 PM ET,8.0,8.0,2.8,5.2,10.8,13.6,4.0,7.08,
Harrison Butker,,K,KC,DEN,Denver Broncos @ Kansas City Chiefs,Mon 09/14 08:15 PM ET,8.0,8.0,2.8,5.2,10.8,13.6,4.0,7.3,
Chiefs,,DST,KC,DEN,Denver Broncos @ Kansas City Chiefs,Mon 09/14 08:15 PM ET,6.4,6.4,2.24,4.16,8.64,10.88,3.2,5.97,
Evan Engram,00-0033881,TE,DEN,KC,Denver Broncos @ Kansas City Chiefs,Mon 09/14 08:15 PM ET,5.65,4.72,0.66,2.74,7.16,11.82,3.27,5.38,
Broncos,,DST,DEN,KC,Denver Broncos @ Kansas City Chiefs,Mon 09/14 08:15 PM ET,5.6,5.6,1.96,3.64,7.56,9.52,2.8,7.63,
Marvin Mims,00-0038976,WR,DEN,KC,Denver Broncos @ Kansas City Chiefs,Mon 09/14 08:15 PM ET,5.55,4.62,-0.93,2.0,7.52,13.09,4.09,5.28,Q
Troy Franklin,00-0039868,WR,DEN,KC,Denver Broncos @ Kansas City Chiefs,Mon 09/14 08:15 PM ET,4.46,3.52,-2.02,0.91,6.43,11.99,4.09,4.2,
Pat Bryant,00-0040134,WR,DEN,KC,Denver Broncos @ Kansas City Chiefs,Mon 09/14 08:15 PM ET,4.38,3.45,-2.09,0.83,6.36,11.92,4.09,4.13,
Tyquan Thornton,00-0038104,WR,KC,DEN,Denver Broncos @ Kansas City Chiefs,Mon 09/14 08:15 PM ET,4.33,3.4,-2.14,0.78,6.31,11.87,4.09,4.06,
Noah Gray,00-0036637,TE,KC,DEN,Denver Broncos @ Kansas City Chiefs,Mon 09/14 08:15 PM ET,3.57,2.64,-1.42,0.66,5.08,9.73,3.27,3.24,
Brashard Smith,00-0040078,RB,KC,DEN,Denver Broncos @ Kansas City Chiefs,Mon 09/14 08:15 PM ET,3.27,2.34,-2.65,-0.26,5.26,10.73,4.09,3.0,
Emmett Johnson,ffa_17474,RB,KC,DEN,Denver Broncos @ Kansas City Chiefs,Mon 09/14 08:15 PM ET,3.16,2.23,-2.76,-0.36,5.15,10.62,4.09,2.89,
Adam Trautman,00-0036422,TE,DEN,KC,Denver Broncos @ Kansas City Chiefs,Mon 09/14 08:15 PM ET,3.12,2.19,-1.87,0.21,4.63,9.29,3.27,2.89,
Lil'Jordan Humphrey,00-0035406,WR,DEN,KC,Denver Broncos @ Kansas City Chiefs,Mon 09/14 08:15 PM ET,2.94,2.01,-3.53,-0.61,4.92,10.48,4.09,2.68,
Jonah Coleman,ffa_17477,RB,DEN,KC,Denver Broncos @ Kansas City Chiefs,Mon 09/14 08:15 PM ET,2.78,1.85,-3.14,-0.75,4.77,10.24,4.09,2.51,
Nate Adkins,00-0038783,TE,DEN,KC,Denver Broncos @ Kansas City Chiefs,Mon 09/14 08:15 PM ET,1.76,0.83,-3.23,-1.15,3.27,7.93,3.27,1.5,
Tyler Badie,00-0037085,RB,DEN,KC,Denver Broncos @ Kansas City Chiefs,Mon 09/14 08:15 PM ET,1.64,0.71,-4.28,-1.88,3.64,9.1,4.09,1.38,
Jalen Royals,00-0040646,WR,KC,DEN,Denver Broncos @ Kansas City Chiefs,Mon 09/14 08:15 PM ET,1.38,0.45,-5.09,-2.17,3.36,8.92,4.09,1.09,
Justin Fields,00-0036945,QB,KC,DEN,Denver Broncos @ Kansas City Chiefs,Mon 09/14 08:15 PM ET,1.25,0.32,-8.42,-3.74,4.85,10.08,6.36,0.91,
Cyrus Allen,ffa_17518,WR,KC,DEN,Denver Broncos @ Kansas City Chiefs,Mon 09/14 08:15 PM ET,1.19,0.26,-5.28,-2.36,3.16,8.73,4.09,0.89,
Nikko Remigio,00-0038519,WR,KC,DEN,Denver Broncos @ Kansas City Chiefs,Mon 09/14 08:15 PM ET,0.96,0.03,-5.51,-2.59,2.94,8.5,4.09,0.66,
Jarrett Stidham,00-0035264,QB,DEN,KC,Denver Broncos @ Kansas City Chiefs,Mon 09/14 08:15 PM ET,0.85,-0.08,-8.83,-4.15,4.44,9.67,6.36,0.51,
