week,player,pos,rostered,on_my_team,games_after,pts_after,ppg_after
2,Hollywood Brown,WR,True,False,0,0.0,
2,Kayshon Boutte,WR,True,False,13,107.8,8.29
2,Juwan Johnson,TE,True,True,16,166.3,10.39
2,Cedric Tillman,WR,True,False,11,43.8,3.98
2,Harold Fannin,TE,False,False,0,0.0,
2,Dylan Sampson,RB,True,False,14,71.3,5.09
2,Quentin Johnston,WR,True,False,12,147.3,12.28
2,Calvin Austin,WR,False,False,0,0.0,
2,Elic Ayomanor,WR,False,False,15,113.2,7.55
3,Romeo Doubs,WR,False,False,14,144.8,10.34
3,Dontayvion Wicks,WR,False,False,11,62.4,5.67
3,Wan'Dale Robinson,WR,True,False,14,178.2,12.73
3,Jeremy McNichols,RB,False,False,15,71.2,4.75
3,Chris Rodriguez,RB,False,False,0,0.0,
3,Michael Penix,QB,False,False,0,0.0,
3,Troy Franklin,WR,True,False,15,145.7,9.71
3,Daniel Jones,QB,True,False,11,219.1,19.92
3,Blake Corum,RB,True,False,15,109.2,7.28
3,Jalen Coker,WR,False,False,11,91.4,8.31
3,Sam Darnold,QB,False,False,15,277.2,18.48
4,Trey Benson,RB,True,False,1,10.4,10.4
4,Luther Burden,WR,False,False,0,0.0,
4,Woody Marks,RB,True,False,13,134.1,10.32
4,Tre Tucker,WR,True,False,14,102.5,7.32
4,Ollie Gordon,RB,False,False,0,0.0,
4,Tory Horton,WR,False,False,5,35.7,7.14
4,Christian Kirk,WR,True,False,10,52.4,5.24
4,Oronde Gadsden II,TE,False,False,14,122.8,8.77
4,Geno Smith,QB,False,False,12,171.2,14.26
5,Woody Marks,RB,True,False,12,106.2,8.85
5,Wan'Dale Robinson,WR,True,False,12,170.2,14.18
5,Darius Slayton,WR,True,True,10,77.3,7.73
5,Theo Johnson,TE,False,False,11,106.2,9.65
5,Jaxson Dart,QB,True,False,11,256.7,23.34
5,Kenneth Gainwell,RB,True,False,0,0.0,
5,Brashard Smith,RB,False,False,13,55.2,4.25
5,Sean Tucker,RB,False,False,13,91.2,7.02
5,Jaydon Blue,RB,False,False,5,20.4,4.08
6,Michael Carter,RB,True,False,11,80.6,7.33
6,Kendre Miller,RB,True,False,2,4.9,2.45
6,Darnell Mooney,WR,False,False,12,67.4,5.62
6,Kendrick Bourne,WR,True,True,10,51.2,5.12
6,Jake Tonges,TE,True,False,5,39.7,7.94
6,Isaac TeSlaa,WR,False,False,10,55.5,5.55
6,Ryan Flournoy,WR,False,False,11,86.9,7.9
6,Michael Mayer,TE,False,False,10,63.1,6.31
6,Hassan Haskins,RB,True,False,6,7.5,1.25
6,Kimani Vidal,RB,True,True,11,115.0,10.45
7,Kimani Vidal,RB,True,True,10,92.2,9.22
7,Oronde Gadsden II,TE,False,False,11,104.0,9.45
7,Bam Knight,RB,True,False,8,72.1,9.01
7,Tyjae Spears,RB,True,True,11,101.3,9.21
7,Sterling Shepard,WR,False,False,7,33.7,4.81
7,Tez Johnson,WR,False,False,10,68.7,6.87
7,Harold Fannin,TE,False,False,0,0.0,
7,Tutu Atwell,WR,False,False,3,4.8,1.6
7,Jordan Whittington,WR,False,False,9,13.9,1.54
7,Joe Flacco,QB,False,False,8,129.0,16.12
7,Luther Burden,WR,False,False,0,0.0,
8,Oronde Gadsden II,TE,False,False,10,74.6,7.46
8,Brashard Smith,RB,True,False,10,30.4,3.04
8,Kyle Monangai,RB,True,False,11,112.4,10.22
8,Joe Flacco,QB,True,False,7,97.0,13.86
8,Devin Neal,RB,False,False,7,59.0,8.43
8,Colston Loveland,TE,True,False,11,149.3,13.57
8,Darnell Mooney,WR,True,False,11,57.6,5.24
8,Jaxson Dart,QB,True,False,8,173.1,21.64
8,Jack Bech,WR,False,False,8,28.1,3.51
9,Tyrone Tracy,RB,False,False,0,0.0,
9,Devin Singletary,RB,False,False,9,94.6,10.51
9,Bam Knight,RB,True,False,7,62.7,8.96
9,Parker Washington,WR,False,False,9,128.1,14.23
9,Dylan Sampson,RB,False,False,7,44.2,6.31
9,Chimere Dike,WR,True,False,9,68.5,7.61
9,Jaylin Noel,WR,False,False,10,31.5,3.15
9,Christian Watson,WR,True,False,9,119.9,13.32
9,Darius Slayton,WR,False,False,8,67.6,8.45
9,Tank Bigsby,RB,True,False,8,40.2,5.03
10,Parker Washington,WR,False,False,8,111.1,13.89
10,JJ McCarthy,QB,True,False,7,104.4,14.92
10,Devin Singletary,RB,True,False,8,87.5,10.94
10,Tory Horton,WR,False,False,0,0.0,
10,Theo Johnson,TE,True,False,6,47.9,7.98
10,Colston Loveland,TE,True,False,9,112.7,12.52
10,Blake Corum,RB,False,False,9,85.6,9.51
10,Christian Watson,WR,True,False,8,112.1,14.01
10,Marcus Mariota,QB,False,False,6,90.7,15.12
11,Luther Burden,WR,False,False,0,0.0,
11,Alec Pierce,WR,True,True,7,90.8,12.97
11,Tyler Allgeier,RB,True,False,8,53.0,6.63
11,Sean Tucker,RB,True,False,8,61.9,7.74
11,Joe Burrow,QB,True,True,6,153.6,25.6
11,Dalton Schultz,TE,True,False,8,82.9,10.36
11,Dawson Knox,TE,False,False,8,70.2,8.77
11,Keaton Mitchell,RB,False,False,8,42.9,5.36
12,Emanuel Wilson,RB,True,False,7,46.6,6.66
12,Bhayshul Tuten,RB,True,False,5,27.7,5.54
12,Michael Wilson,WR,True,False,7,136.0,19.43
12,Chris Rodriguez,RB,False,False,0,0.0,
12,Luther Burden,WR,False,False,0,0.0,
12,Jayden Higgins,WR,True,False,7,62.9,8.99
12,Darnell Mooney,WR,True,False,7,43.9,6.27
12,Kenneth Gainwell,RB,True,False,0,0.0,
12,Darren Waller,TE,False,False,5,43.0,8.6
13,Devin Neal,RB,True,False,3,35.5,11.83
13,Taysom Hill,TE,False,False,6,26.3,4.39
13,Colston Loveland,TE,True,False,6,81.3,13.55
13,Dylan Sampson,RB,False,False,4,25.2,6.3
13,Andrei Iosivas,WR,False,False,6,27.8,4.63
13,Mike Gesicki,TE,False,False,6,49.1,8.18
13,Brenton Strange,TE,True,False,6,63.3,10.55
13,Jayden Reed,WR,True,False,4,35.0,8.75
13,Raheem Mostert,RB,False,False,4,4.9,1.23
14,Pat Bryant,WR,False,False,3,23.5,7.83
14,Blake Corum,RB,False,False,5,62.0,12.4
14,Isaac TeSlaa,WR,False,False,5,41.9,8.38
14,Adonai Mitchell,WR,True,False,5,33.3,6.66
14,Devaughn Vele,WR,True,False,2,18.9,9.45
14,Keaton Mitchell,RB,False,False,5,21.5,4.3
14,Harold Fannin,TE,False,False,0,0.0,
14,Darren Waller,TE,True,False,4,36.3,9.07
15,Luther Burden,WR,False,False,0,0.0,
15,Chris Rodriguez,RB,False,False,0,0.0,
15,Blake Corum,RB,True,False,4,35.9,8.98
15,Jaylen Wright,RB,False,False,4,25.0,6.25
15,Ryan Flournoy,WR,False,False,3,29.6,9.87
15,Isaiah Likely,TE,True,False,3,10.9,3.63
15,Harold Fannin,TE,False,False,0,0.0,
15,Bam Knight,RB,True,False,1,-0.2,-0.2
15,AJ Barner,TE,False,False,4,37.4,9.35
15,Marcus Mariota,QB,False,False,2,21.4,10.72
16,Michael Carter,RB,True,False,3,19.7,6.57
16,Jayden Reed,WR,True,False,2,15.2,7.6
16,Jalen Coker,WR,False,False,3,28.0,9.33
16,Malik Davis,RB,False,False,2,12.6,6.3
16,Jaleel McLaughlin,RB,False,False,3,14.5,4.83
16,Jacory Croskey-Merritt,RB,True,False,3,33.9,11.3
16,Jawhar Jordan,RB,False,False,3,15.9,5.3
16,Evan Hull,RB,False,False,3,1.7,0.57
16,Audric Estime,RB,False,False,3,39.0,13.0
16,Colby Parkinson,TE,True,False,3,35.0,11.67
16,Tyler Allgeier,RB,True,False,3,13.5,4.5
16,Bryce Young,QB,True,False,3,53.0,17.68
17,Emanuel Wilson,RB,True,True,2,9.2,4.6
17,Dylan Sampson,RB,True,False,2,12.1,6.05
17,Raheim Sanders,RB,False,False,2,8.4,4.2
17,Tre Tucker,WR,False,False,2,15.3,7.65
17,Geno Smith,QB,False,False,1,11.1,11.14
17,Samaje Perine,RB,False,False,2,16.5,8.25
17,Tyler Shough,QB,True,False,2,50.7,25.34
17,Taysom Hill,TE,True,False,2,6.2,3.1
17,Jawhar Jordan,RB,False,False,2,3.9,1.95
17,Chris Rodriguez,RB,False,False,0,0.0,
