week,action,player,pos,team,note
2,ADD,Hollywood Brown,WR,KC,short-term volume with Worthy hurt and Rice suspended
2,SELL,Travis Kelce,TE,KC,low target share age 36
2,HOLD,Jaydon Blue,RB,DAL,rookie stash after healthy scratch
2,ADD,Kayshon Boutte,WR,NE,6-103 week 1
2,BUY,Chris Olave,WR,NO,pace and target share
2,ADD,Juwan Johnson,TE,NO,96 pct route participation
2,ADD,Cedric Tillman,WR,CLE,priority off the wire
2,ADD,Harold Fannin,TE,CLE,21.6 pct target share
2,ADD,Dylan Sampson,RB,CLE,19 pct target share
2,SELL,Deebo Samuel,WR,WAS,sell high on 34 pct target share
2,ADD,Quentin Johnston,WR,LAC,bye week fill-in not league winner
2,BUY,Tyrone Tracy,RB,NYG,high variance bell cow usage
2,ADD,Calvin Austin,WR,PIT,Rodgers number two
2,ADD,Elic Ayomanor,WR,TEN,rookie 28 pct target share
2,ADD,Seahawks DST,DST,SEA,streamer for two weeks
3,ADD,Romeo Doubs,WR,GB,number one with Reed out
3,ADD,Dontayvion Wicks,WR,GB,slot replacement for Reed
3,ADD,Wan'Dale Robinson,WR,NYG,two straight 25 pct target shares
3,SELL,James Conner,RB,ARI,Benson eating passing work
3,ADD,Jeremy McNichols,RB,WAS,Ekeler replacement as pass catcher
3,ADD,Chris Rodriguez,RB,WAS,deeper leagues only
3,BUY,Drake London,WR,ATL,buy the down week
3,ADD,Michael Penix,QB,ATL,streamer with good schedule
3,ADD,Troy Franklin,WR,DEN,route share jump to 88 pct
3,SELL,Travis Etienne,RB,JAX,sell high shares are good not great
3,ADD,Daniel Jones,QB,IND,rostered in almost all 12-team leagues
3,HOLD,TreVeyon Henderson,RB,NE,do not give up on the rookie
3,ADD,Blake Corum,RB,LA,Kyren workload slipping
3,ADD,Jalen Coker,WR,CAR,stash for the IR return
3,BUY,Breece Hall,RB,NYJ,peripherals favour him
3,ADD,Sam Darnold,QB,SEA,streamer
3,ADD,Buccaneers DST,DST,TB,streamer vs Jets
4,ADD,Trey Benson,RB,ARI,blow your budget with Conner out
4,BUY,Tetairoa McMillan,WR,CAR,26 pct target share rookie
4,ADD,Luther Burden,WR,CHI,role could grow
4,ADD,Woody Marks,RB,HOU,snap share climbing
4,SELL,Dalton Kincaid,TE,BUF,sell high route rate too low
4,ADD,Tre Tucker,WR,LV,20 pct target share
4,ADD,Ollie Gordon,RB,MIA,short yardage role
4,BUY,Josh Jacobs,RB,GB,schedule flips
4,BUY,Matthew Golden,WR,GB,targets consolidating
4,ADD,Tory Horton,WR,SEA,stash
4,ADD,Christian Kirk,WR,HOU,22 pct target share
4,ADD,Oronde Gadsden II,TE,LAC,on your radar
4,BUY,Jaylen Warren,RB,PIT,bell cow usage plus TD regression
4,ADD,Geno Smith,QB,LV,week 4 streamer
4,ADD,Patriots DST,DST,NE,streamer
5,ADD,Woody Marks,RB,HOU,fourth mention aggressively target
5,SELL,DK Metcalf,WR,PIT,dink and dunk offence caps him
5,ADD,Wan'Dale Robinson,WR,NYG,Nabers out for the season
5,ADD,Darius Slayton,WR,NYG,low dollar bid
5,ADD,Theo Johnson,TE,NYG,25 pct target share dart
5,ADD,Jaxson Dart,QB,NYG,mobile rookie streamer
5,SELL,Travis Etienne,RB,JAX,repeat sell high
5,ADD,Kenneth Gainwell,RB,PIT,bell cow when Warren sat
5,BUY,Jakobi Meyers,WR,LV,27 pct target share cheap
5,ADD,Brashard Smith,RB,KC,get ahead of the committee
5,BUY,Jameson Williams,WR,DET,32 pct target share no conversion
5,ADD,Sean Tucker,RB,TB,precautionary Irving injury
5,SELL,Khalil Shakir,WR,BUF,TD regression coming
5,BUY,Chris Godwin,WR,TB,91 pct route share
5,ADD,Jaydon Blue,RB,DAL,speculative with Sanders hurt
5,BUY,Jacory Croskey-Merritt,RB,WAS,best success rate in football
5,ADD,Browns DST,DST,CLE,top streamer
6,ADD,Michael Carter,RB,ARI,72 pct rush share with Benson out
6,BUY,Trey McBride,TE,ARI,below expectation buy low
6,ADD,Kendre Miller,RB,NO,snap share climbing
6,SELL,Ja'Marr Chase,WR,CIN,Browning offence is broken
6,ADD,Darnell Mooney,WR,ATL,dropped in two thirds of leagues
6,ADD,Kendrick Bourne,WR,SF,10 of 11 for 142
6,ADD,Jake Tonges,TE,SF,streamer while Kittle out
6,BUY,Jauan Jennings,WR,SF,cheap on injury perception
6,ADD,Isaac TeSlaa,WR,DET,stash behind Raymond injury
6,SELL,Tony Pollard,RB,TEN,Spears returning
6,ADD,Ryan Flournoy,WR,DAL,32 pct target share with Lamb out
6,BUY,Tetairoa McMillan,WR,CAR,repeat TD regression candidate
6,ADD,Michael Mayer,TE,LV,streamer if Bowers out
6,ADD,Hassan Haskins,RB,LAC,Hampton on IR
6,ADD,Kimani Vidal,RB,LAC,second in line
6,ADD,Raiders DST,DST,LV,streamer vs Titans
7,ADD,Kimani Vidal,RB,LAC,top add 75 pct rush share
7,ADD,Oronde Gadsden II,TE,LAC,owns the receiving TE role
7,HOLD,TreVeyon Henderson,RB,NE,admits the bust do not drop
7,ADD,Bam Knight,RB,ARI,do not go nuts
7,SELL,Travis Kelce,TE,KC,Rice returning
7,ADD,Tyjae Spears,RB,TEN,negative game script back
7,ADD,Sterling Shepard,WR,TB,Egbuka hamstring
7,ADD,Tez Johnson,WR,TB,slot role
7,BUY,AJ Brown,WR,PHI,31.7 pct target share underperforming
7,ADD,Harold Fannin,TE,CLE,Njoku knee
7,SELL,Wan'Dale Robinson,WR,NYG,sell the outburst
7,ADD,Tutu Atwell,WR,LA,one week rental if Nacua out
7,ADD,Jordan Whittington,WR,LA,same
7,HOLD,Justin Fields,QB,NYJ,do not drop after 45 yards
7,BUY,Zay Flowers,WR,BAL,30 pct target share buy low
7,ADD,Joe Flacco,QB,CIN,best QB schedule rest of season
7,ADD,Browns DST,DST,CLE,streamer
7,ADD,Luther Burden,WR,CHI,post bye rookie bump
8,ADD,Oronde Gadsden II,TE,LAC,164 yards go get him
8,ADD,Brashard Smith,RB,KC,season high usage
8,BUY,Rome Odunze,WR,CHI,catchable target rate will regress
8,ADD,Kyle Monangai,RB,CHI,bye week fill in and handcuff
8,HOLD,Chase Brown,RB,CIN,pros and cons laid out
8,ADD,Joe Flacco,QB,CIN,best short term schedule
8,ADD,Devin Neal,RB,NO,stash after Miller ACL
8,SELL,Rhamondre Stevenson,RB,NE,two sustainable games only
8,ADD,Colston Loveland,TE,CHI,Kmet back injury
8,BUY,George Kittle,TE,SF,zero catch game will not repeat
8,ADD,Darnell Mooney,WR,ATL,repeat air yards share
8,ADD,Jaxson Dart,QB,NYG,4th in points per game
8,BUY,Justin Jefferson,WR,MIN,worst TD underperformer in football
8,ADD,Jack Bech,WR,LV,if Meyers traded
8,ADD,Falcons DST,DST,ATL,streamer
9,ADD,Tyrone Tracy,RB,NYG,Skattebo season ending injury
9,ADD,Devin Singletary,RB,NYG,deeper formats
9,SELL,JK Dobbins,RB,DEN,schedule flips hard
9,ADD,Bam Knight,RB,ARI,week 9 matchup
9,BUY,Travis Hunter,WR,JAX,route share 86 and 89 pct
9,ADD,Parker Washington,WR,JAX,cheap ahead of news
9,ADD,Dylan Sampson,RB,CLE,Judkins shoulder
9,DROP,Jerry Jeudy,WR,CLE,impossible to trust
9,ADD,Chimere Dike,WR,TEN,91 pct route share
9,BUY,Emeka Egbuka,WR,TB,37.5 pct target share buy the bye
9,ADD,Jaylin Noel,WR,HOU,29 pct targets per route
9,ADD,Christian Watson,WR,GB,back from ACL
9,BUY,Rico Dowdle,RB,CAR,coach signalling bigger role
9,ADD,Darius Slayton,WR,NYG,worth a roster spot
9,HOLD,Caleb Williams,QB,CHI,schedule turns
9,ADD,Tank Bigsby,RB,PHI,dollar bid on Barkley groin
9,ADD,Rams DST,DST,LA,dropped on bye now a top play
10,ADD,Parker Washington,WR,JAX,last man standing
10,BUY,Woody Marks,RB,HOU,top 10 rest of season schedule
10,ADD,JJ McCarthy,QB,MIN,juicy remaining schedule
10,ADD,Devin Singletary,RB,NYG,outsnapped Tracy
10,SELL,Michael Pittman,WR,IND,brutal month of matchups
10,ADD,Tory Horton,WR,SEA,Kupp out temper expectations
10,HOLD,Jacory Croskey-Merritt,RB,WAS,big plays will regress back
10,ADD,Theo Johnson,TE,NYG,low end TE1 since Nabers
10,BUY,Aaron Jones,RB,MIN,clear number one back
10,ADD,Colston Loveland,TE,CHI,29.8 point breakout
10,SELL,DJ Moore,WR,CHI,one off performance
10,ADD,Blake Corum,RB,LA,best handcuff available
10,ADD,Christian Watson,WR,GB,Kraft ACL opens targets
10,ADD,Marcus Mariota,QB,WAS,streamer with Daniels out
10,ADD,Browns DST,DST,CLE,streamer
11,ADD,Luther Burden,WR,CHI,should be playing over Zaccheaus
11,BUY,Lamar Jackson,QB,BAL,best rest of season QB schedule
11,ADD,Alec Pierce,WR,IND,35 targets in four weeks
11,SELL,Marvin Harrison Jr,WR,ARI,playoff matchups turn hard
11,BUY,Trey Benson,RB,ARI,returning for a great playoff draw
11,ADD,Tyler Allgeier,RB,ATL,goal line work and handcuff
11,ADD,Sean Tucker,RB,TB,trending up with Irving out
11,SELL,Tez Johnson,WR,TB,four TDs in four games unsustainable
11,ADD,Joe Burrow,QB,CIN,practice window opened
11,BUY,Jordan Addison,WR,MIN,27 pct target share three catches
11,ADD,Dalton Schultz,TE,HOU,20 pct plus target shares
11,ADD,Dawson Knox,TE,BUF,Kincaid hamstring
11,HOLD,TreVeyon Henderson,RB,NE,best remaining RB schedule in football
11,ADD,Keaton Mitchell,RB,BAL,deep league stash
11,ADD,Falcons DST,DST,ATL,higher floor streamer
12,ADD,Emanuel Wilson,RB,GB,every RB rush with Jacobs hurt
12,BUY,Brock Purdy,QB,SF,playoff schedule and dome games
12,ADD,Bhayshul Tuten,RB,JAX,career day needs to be rostered everywhere
12,ADD,Michael Wilson,WR,ARI,18 targets with Harrison out
12,SELL,Josh Allen,QB,BUF,week 16 and 17 matchups are bottom five
12,ADD,Chris Rodriguez,RB,WAS,playoff matchups
12,BUY,Lamar Jackson,QB,BAL,doubling down after a bad game
12,ADD,Luther Burden,WR,CHI,61 pct route share season high
12,ADD,Jayden Higgins,WR,HOU,finally outran Hutchinson
12,BUY,Jared Goff,QB,DET,every remaining game indoors
12,ADD,Darnell Mooney,WR,ATL,London PCL injury
12,ADD,Kenneth Gainwell,RB,PIT,Warren ankle
12,BUY,RJ Harvey,RB,DEN,clearly his backfield now
12,ADD,Darren Waller,TE,MIA,a week ahead of the room
12,ADD,Raiders DST,DST,LV,streamer vs Browns
13,ADD,Devin Neal,RB,NO,Kamara MCL
13,ADD,Taysom Hill,TE,NO,red zone touchdown bet
13,BUY,Jaylen Waddle,WR,MIA,26 pct target share good playoff draw
13,ADD,Colston Loveland,TE,CHI,1.76 yards per route run
13,SELL,Caleb Williams,QB,CHI,worst remaining QB schedule
13,ADD,Dylan Sampson,RB,CLE,handcuff season Judkins banged up
13,ADD,Andrei Iosivas,WR,CIN,Higgins concussion
13,ADD,Mike Gesicki,TE,CIN,slot role streamer
13,BUY,Tyler Warren,TE,IND,schedule turns from hardest to easiest
13,ADD,Brenton Strange,TE,JAX,back from IR same role
13,ADD,Jayden Reed,WR,GB,practice window open
13,SELL,Hunter Henry,TE,NE,one game vs the worst TE defence
13,ADD,Raheem Mostert,RB,LV,speculative on Jeanty ankle
13,BUY,Saquon Barkley,RB,PHI,90 pct rush share at a low point
13,ADD,Chargers DST,DST,LAC,streamer
13,ADD,Buccaneers DST,DST,TB,hold for the whole playoff run
14,ADD,Pat Bryant,WR,DEN,out-targeted Franklin
14,SELL,Courtland Sutton,WR,DEN,production without target share
14,SELL,RJ Harvey,RB,DEN,bottom five playoff schedule
14,ADD,Blake Corum,RB,LA,most valuable handcuff in football
14,ADD,Isaac TeSlaa,WR,DET,St Brown ankle
14,HOLD,Terry McLaurin,WR,WAS,31 pct target share on return
14,ADD,Adonai Mitchell,WR,NYJ,three straight big target shares
14,ADD,Devaughn Vele,WR,NO,post Shaheed trade role
14,BUY,Bucky Irving,RB,TB,81 pct rush share in game one back
14,ADD,Keaton Mitchell,RB,BAL,handcuff plus
14,SELL,Patrick Mahomes,QB,KC,four hard matchups left
14,ADD,Harold Fannin,TE,CLE,25 pct target share buried by the offence
14,ADD,Darren Waller,TE,MIA,best playoff TE schedule
14,ADD,Dolphins DST,DST,MIA,streamer
14,ADD,Lions DST,DST,DET,stash for weeks 16-17
15,ADD,Luther Burden,WR,CHI,Odunze stress fracture
15,ADD,Chris Rodriguez,RB,WAS,lead early down back
15,HOLD,Emeka Egbuka,WR,TB,catchable target rate worst in league
15,ADD,Blake Corum,RB,LA,26 point game last call
15,ADD,Jaylen Wright,RB,MIA,Achane ribs
15,DROP,Troy Franklin,WR,DEN,behind Sutton and Bryant now
15,ADD,Ryan Flournoy,WR,DAL,Lamb head injury
15,ADD,Isaiah Likely,TE,BAL,outproducing Andrews
15,ADD,Harold Fannin,TE,CLE,first in TE target share with Sanders
15,DROP,Xavier Worthy,WR,KC,sabotage drop candidate
15,ADD,Bam Knight,RB,ARI,70 pct rush shares and a great finish
15,ADD,AJ Barner,TE,SEA,Arroyo knee
15,ADD,Marcus Mariota,QB,WAS,three straight QB1 starts
15,ADD,Jaguars DST,DST,JAX,streamer
15,ADD,Bears DST,DST,CHI,streamer
16,ADD,Michael Carter,RB,ARI,needs to be rostered everywhere
16,ADD,Jayden Reed,WR,GB,startable next two weeks
16,DROP,Stefon Diggs,WR,NE,route share collapsed
16,ADD,Jalen Coker,WR,CAR,17.4 and 14.0 last two
16,ADD,Malik Davis,RB,DAL,Javonte shoulder
16,ADD,Jaleel McLaughlin,RB,DEN,Harvey ribs
16,ADD,Jacory Croskey-Merritt,RB,WAS,if Rodriguez sits
16,HOLD,Justin Jefferson,WR,MIN,do not drop him
16,ADD,Jawhar Jordan,RB,HOU,if Marks out
16,ADD,Evan Hull,RB,NO,deep leagues
16,ADD,Audric Estime,RB,NO,deep leagues
16,ADD,Colby Parkinson,TE,LA,six TDs in six games
16,ADD,Tyler Allgeier,RB,ATL,flex play plus handcuff
16,ADD,Bryce Young,QB,CAR,streamer
16,ADD,Saints DST,DST,NO,streamer
16,ADD,Giants DST,DST,NYG,stash for week 17
17,ADD,Emanuel Wilson,RB,GB,legit starter if Jacobs sits
17,ADD,Dylan Sampson,RB,CLE,Judkins season ending
17,ADD,Raheim Sanders,RB,CLE,ZAP favourite
17,HOLD,Michael Carter,RB,ARI,best matchup on paper
17,ADD,Tre Tucker,WR,LV,deep sleeper
17,ADD,Geno Smith,QB,LV,deep streamer
17,DROP,Emeka Egbuka,WR,TB,route share collapsed
17,ADD,Samaje Perine,RB,CIN,deeper formats
17,ADD,Tyler Shough,QB,NO,four straight 17 plus games
17,ADD,Taysom Hill,TE,NO,volatile outlier upside
17,HOLD,Colston Loveland,TE,CHI,82 pct route share
17,ADD,Jawhar Jordan,RB,HOU,if Marks out again
17,ADD,Chris Rodriguez,RB,WAS,good matchup vs Dallas
17,DROP,Dalton Kincaid,TE,BUF,6 pct target share
17,ADD,Patriots DST,DST,NE,streamer
17,ADD,Giants DST,DST,NYG,go-to streamer
