Analyst,Model,Player,ID,Pos,Team,Opp,Game,Kickoff,Proj,Median,Mean,Floor_p10,p25,p75,Ceiling_p90,StdDev,Injury,Status,Note,pass_yds,pass_tds,pass_int,rush_yds,rush_tds,rec,rec_yds,rec_tds,fumbles_lost,fg_made,fg_40plus,xp_made,sacks,ints,def_td,pts_allowed_exp,Generated
Robert Burke,Model_Burke v1,CeeDee Lamb,00-0036358,WR,DAL,TB,Tampa Bay Buccaneers @ Dallas Cowboys,Thu 10/08 08:15 PM ET,20.41,20.41,21.55,11.06,14.81,26.19,34.02,8.43,,,,0.0,0.0,0.0,1.28,0.01,6.74,89.24,0.76,0.0,,,,,,,,2026-10-08 10:24 ET
Robert Burke,Model_Burke v1,Dak Prescott,00-0033077,QB,DAL,TB,Tampa Bay Buccaneers @ Dallas Cowboys,Thu 10/08 08:15 PM ET,19.05,19.05,19.32,9.1,13.81,25.02,29.21,8.31,,,,266.1,2.12,0.7,11.6,0.06,0.0,0.0,0.0,0.12,,,,,,,,2026-10-08 10:24 ET
Robert Burke,Model_Burke v1,Javonte Williams,00-0036997,RB,DAL,TB,Tampa Bay Buccaneers @ Dallas Cowboys,Thu 10/08 08:15 PM ET,15.73,15.73,16.79,7.87,11.02,21.52,27.58,7.77,,,,0.0,0.0,0.0,64.4,0.78,2.63,13.93,0.13,0.09,,,,,,,,2026-10-08 10:24 ET
Robert Burke,Model_Burke v1,Jalon Daniels,00-0041251,QB,TB,DAL,Tampa Bay Buccaneers @ Dallas Cowboys,Thu 10/08 08:15 PM ET,15.56,15.56,15.48,5.88,10.39,20.3,24.87,7.34,,,+0.0 with Baker Mayfield out,226.98,1.46,0.91,21.53,0.16,0.0,0.0,0.0,0.31,,,,,,,,2026-10-08 10:24 ET
Robert Burke,Model_Burke v1,Bucky Irving,00-0039361,RB,TB,DAL,Tampa Bay Buccaneers @ Dallas Cowboys,Thu 10/08 08:15 PM ET,13.84,13.84,14.49,4.94,9.16,18.62,24.21,7.01,,,,0.0,0.0,0.0,70.47,0.31,2.73,19.28,0.08,0.1,,,,,,,,2026-10-08 10:24 ET
Robert Burke,Model_Burke v1,George Pickens,00-0037247,WR,DAL,TB,Tampa Bay Buccaneers @ Dallas Cowboys,Thu 10/08 08:15 PM ET,13.13,13.13,13.88,4.24,7.98,18.94,24.6,8.12,,,,0.0,0.0,0.0,0.03,0.0,4.7,66.32,0.3,0.0,,,,,,,,2026-10-08 10:24 ET
Robert Burke,Model_Burke v1,Brandon Aubrey,,K,DAL,TB,Tampa Bay Buccaneers @ Dallas Cowboys,Thu 10/08 08:15 PM ET,10.75,10.75,10.75,3.76,6.98,14.51,18.27,5.37,,,,,,,,,,,,,2.14,1.03,2.97,,,,,2026-10-08 10:24 ET
Robert Burke,Model_Burke v1,Emeka Egbuka,00-0040129,WR,TB,DAL,Tampa Bay Buccaneers @ Dallas Cowboys,Thu 10/08 08:15 PM ET,9.68,9.68,11.19,3.21,5.59,16.03,21.38,7.74,,,,0.0,0.0,0.0,0.25,0.0,3.46,47.2,0.25,0.0,,,,,,,,2026-10-08 10:24 ET
Robert Burke,Model_Burke v1,Chris Godwin,00-0033921,WR,TB,DAL,Tampa Bay Buccaneers @ Dallas Cowboys,Thu 10/08 08:15 PM ET,8.54,8.54,10.01,2.32,4.58,13.53,20.19,6.63,,,,0.0,0.0,0.0,1.63,0.0,3.6,37.69,0.17,0.0,,,,,,,,2026-10-08 10:24 ET
Robert Burke,Model_Burke v1,Cade Otton,00-0038129,TE,TB,DAL,Tampa Bay Buccaneers @ Dallas Cowboys,Thu 10/08 08:15 PM ET,8.2,8.2,9.15,1.71,4.09,13.56,17.81,7.02,,,,0.0,0.0,0.0,0.0,0.0,3.53,38.25,0.14,0.0,,,,,,,,2026-10-08 10:24 ET
Robert Burke,Model_Burke v1,Jake Ferguson,00-0038041,TE,DAL,TB,Tampa Bay Buccaneers @ Dallas Cowboys,Thu 10/08 08:15 PM ET,7.99,7.99,8.75,1.66,3.95,12.46,17.15,6.31,,,,0.0,0.0,0.0,0.0,0.0,3.47,27.13,0.35,0.15,,,,,,,,2026-10-08 10:24 ET
Robert Burke,Model_Burke v1,Chase McLaughlin,,K,TB,DAL,Tampa Bay Buccaneers @ Dallas Cowboys,Thu 10/08 08:15 PM ET,7.9,7.9,7.9,2.77,5.14,10.67,13.43,3.95,,,,,,,,,,,,,1.59,0.58,2.23,,,,,2026-10-08 10:24 ET
Robert Burke,Model_Burke v1,Kenneth Gainwell,00-0036919,RB,TB,DAL,Tampa Bay Buccaneers @ Dallas Cowboys,Thu 10/08 08:15 PM ET,6.96,6.96,8.4,2.24,4.12,11.39,16.9,5.39,,,,0.0,0.0,0.0,18.05,0.11,2.29,16.36,0.1,0.03,,,,,,,,2026-10-08 10:24 ET
Robert Burke,Model_Burke v1,Ryan Flournoy,00-0039410,WR,DAL,TB,Tampa Bay Buccaneers @ Dallas Cowboys,Thu 10/08 08:15 PM ET,6.71,6.71,8.13,1.45,3.77,12.0,16.81,6.1,,,,0.0,0.0,0.0,0.38,0.0,2.66,29.33,0.18,0.0,,,,,,,,2026-10-08 10:24 ET
Robert Burke,Model_Burke v1,Cowboys,,DST,DAL,TB,Tampa Bay Buccaneers @ Dallas Cowboys,Thu 10/08 08:15 PM ET,5.98,5.98,5.98,2.09,3.89,8.07,10.16,2.99,,,,,,,,,,,,,,,,2.29,0.82,0.1,24.5,2026-10-08 10:24 ET
Robert Burke,Model_Burke v1,Ted Hurst,00-0041048,WR,TB,DAL,Tampa Bay Buccaneers @ Dallas Cowboys,Thu 10/08 08:15 PM ET,5.33,5.33,6.75,0.28,2.58,9.61,14.56,5.2,,,,0.0,0.0,0.0,0.15,0.0,1.92,26.64,0.13,0.03,,,,,,,,2026-10-08 10:24 ET
Robert Burke,Model_Burke v1,Buccaneers,,DST,TB,DAL,Tampa Bay Buccaneers @ Dallas Cowboys,Thu 10/08 08:15 PM ET,3.99,3.99,3.99,1.4,2.6,5.39,6.79,2.0,,,,,,,,,,,,,,,,1.54,0.68,0.08,28.0,2026-10-08 10:24 ET
Robert Burke,Model_Burke v1,Tez Johnson,00-0040237,WR,TB,DAL,Tampa Bay Buccaneers @ Dallas Cowboys,Thu 10/08 08:15 PM ET,3.51,3.51,4.57,0.64,1.87,6.11,9.71,3.14,,,,0.0,0.0,0.0,1.85,0.0,1.19,15.91,0.09,0.0,,,,,,,,2026-10-08 10:24 ET
Robert Burke,Model_Burke v1,KaVontae Turpin,00-0037801,WR,DAL,TB,Tampa Bay Buccaneers @ Dallas Cowboys,Thu 10/08 08:15 PM ET,1.93,1.93,3.21,0.06,0.37,4.25,8.57,2.88,,,,0.0,0.0,0.0,2.91,0.03,0.52,7.5,0.04,0.02,,,,,,,,2026-10-08 10:24 ET
Robert Burke,Model_Burke v1,Tyler Goodson,00-0037120,RB,DAL,TB,Tampa Bay Buccaneers @ Dallas Cowboys,Thu 10/08 08:15 PM ET,1.67,1.67,2.84,0.0,0.29,4.01,8.76,2.76,,,,0.0,0.0,0.0,9.74,0.04,0.28,1.63,0.0,0.0,,,,,,,,2026-10-08 10:24 ET
Robert Burke,Model_Burke v1,Sean Tucker,00-0038951,RB,TB,DAL,Tampa Bay Buccaneers @ Dallas Cowboys,Thu 10/08 08:15 PM ET,1.54,1.54,2.75,0.0,0.25,3.88,8.62,2.69,,,,0.0,0.0,0.0,6.87,0.1,0.09,0.87,0.01,0.0,,,,,,,,2026-10-08 10:24 ET
Robert Burke,Model_Burke v1,Luke Schoonmaker,00-0038547,TE,DAL,TB,Tampa Bay Buccaneers @ Dallas Cowboys,Thu 10/08 08:15 PM ET,1.51,1.51,2.31,0.0,0.12,3.11,6.13,2.21,,,,0.0,0.0,0.0,0.0,0.0,0.66,6.67,0.03,0.0,,,,,,,,2026-10-08 10:24 ET
Robert Burke,Model_Burke v1,Brevyn Spann-Ford,00-0039530,TE,DAL,TB,Tampa Bay Buccaneers @ Dallas Cowboys,Thu 10/08 08:15 PM ET,1.45,1.45,2.55,0.0,0.0,3.58,6.99,2.65,,,,0.0,0.0,0.0,0.0,0.0,0.57,5.89,0.05,0.0,,,,,,,,2026-10-08 10:24 ET
Robert Burke,Model_Burke v1,Payne Durham,00-0039050,TE,TB,DAL,Tampa Bay Buccaneers @ Dallas Cowboys,Thu 10/08 08:15 PM ET,1.22,1.22,1.76,0.0,0.0,2.08,6.05,1.54,,,,0.0,0.0,0.0,0.0,0.0,0.37,4.08,0.07,0.0,,,,,,,,2026-10-08 10:24 ET
Robert Burke,Model_Burke v1,Hunter Luepke,00-0038738,RB,DAL,TB,Tampa Bay Buccaneers @ Dallas Cowboys,Thu 10/08 08:15 PM ET,0.82,0.82,1.84,0.23,0.44,2.45,4.13,1.49,,,,0.0,0.0,0.0,2.47,0.0,0.26,1.95,0.02,0.0,,,,,,,,2026-10-08 10:24 ET
Robert Burke,Model_Burke v1,Bauer Sharp,00-0041094,TE,TB,DAL,Tampa Bay Buccaneers @ Dallas Cowboys,Thu 10/08 08:15 PM ET,0.74,0.74,1.36,0.0,0.0,1.86,5.67,1.38,,,,0.0,0.0,0.0,0.0,0.0,0.38,3.59,0.0,0.0,,,,,,,,2026-10-08 10:24 ET
Robert Burke,Model_Burke v1,Emari Demercado,00-0038705,RB,DAL,TB,Tampa Bay Buccaneers @ Dallas Cowboys,Thu 10/08 08:15 PM ET,0.68,0.68,1.72,0.17,0.39,2.29,3.97,1.4,,,,0.0,0.0,0.0,3.89,0.01,0.13,0.86,0.0,0.0,,,,,,,,2026-10-08 10:24 ET
Robert Burke,Model_Burke v1,Ko Kieft,00-0037311,TE,TB,DAL,Tampa Bay Buccaneers @ Dallas Cowboys,Thu 10/08 08:15 PM ET,0.48,0.48,1.12,0.0,0.0,1.64,5.18,1.22,Q,,,0.0,0.0,0.0,0.0,0.0,0.24,2.39,0.0,0.0,,,,,,,,2026-10-08 10:24 ET
Robert Burke,Model_Burke v1,Baker Mayfield,00-0034855,QB,TB,DAL,Tampa Bay Buccaneers @ Dallas Cowboys,Thu 10/08 08:15 PM ET,0.0,0.0,0.0,0.0,0.0,0.0,0.0,0.0,O,OUT,OUT,0.0,0.0,0.0,0.0,0.0,0.0,0.0,0.0,0.0,,,,,,,,2026-10-08 10:24 ET
Robert Burke,Model_Burke v1,Trevor Lawrence,00-0036971,QB,JAX,PHI,Philadelphia Eagles @ Jacksonville Jaguars,Sun 10/11 09:30 AM ET,17.72,17.72,17.83,8.15,12.25,23.2,27.87,8.11,,,,229.31,1.89,0.8,15.56,0.21,0.0,0.0,0.0,0.12,,,,,,,,2026-10-08 10:24 ET
Robert Burke,Model_Burke v1,Jalen Hurts,00-0036389,QB,PHI,JAX,Philadelphia Eagles @ Jacksonville Jaguars,Sun 10/11 09:30 AM ET,15.32,15.32,15.12,5.64,9.93,20.24,24.43,7.63,,,,209.1,1.16,0.71,25.03,0.26,0.0,0.0,0.0,0.16,,,,,,,,2026-10-08 10:24 ET
Robert Burke,Model_Burke v1,Parker Washington,00-0038606,WR,JAX,PHI,Philadelphia Eagles @ Jacksonville Jaguars,Sun 10/11 09:30 AM ET,14.72,14.72,15.14,4.65,8.59,20.64,26.21,8.92,,,,0.0,0.0,0.0,0.83,0.0,4.5,65.25,0.6,0.0,,,,,,,,2026-10-08 10:24 ET
Robert Burke,Model_Burke v1,Bhayshul Tuten,00-0040719,RB,JAX,PHI,Philadelphia Eagles @ Jacksonville Jaguars,Sun 10/11 09:30 AM ET,13.83,13.83,14.49,4.89,9.18,18.55,24.14,6.94,,,,0.0,0.0,0.0,68.59,0.61,1.7,12.67,0.08,0.07,,,,,,,,2026-10-08 10:24 ET
Robert Burke,Model_Burke v1,Cam Little,,K,JAX,PHI,Philadelphia Eagles @ Jacksonville Jaguars,Sun 10/11 09:30 AM ET,8.99,8.99,8.99,3.15,5.84,12.14,15.29,4.5,,,,,,,,,,,,,1.74,0.94,2.59,,,,,2026-10-08 10:24 ET
Robert Burke,Model_Burke v1,Dontayvion Wicks,00-0038393,WR,PHI,JAX,Philadelphia Eagles @ Jacksonville Jaguars,Sun 10/11 09:30 AM ET,8.81,8.81,10.13,2.44,4.49,13.72,19.4,6.84,,,,0.0,0.0,0.0,0.07,0.0,3.47,43.88,0.16,0.0,,,,,,,,2026-10-08 10:24 ET
Robert Burke,Model_Burke v1,Brenton Strange,00-0038935,TE,JAX,PHI,Philadelphia Eagles @ Jacksonville Jaguars,Sun 10/11 09:30 AM ET,8.33,8.33,9.6,2.26,4.75,13.71,18.29,6.64,,,,0.0,0.0,0.0,0.0,0.0,3.39,37.11,0.21,0.0,,,,,,,,2026-10-08 10:24 ET
Robert Burke,Model_Burke v1,Jakobi Meyers,00-0034960,WR,JAX,PHI,Philadelphia Eagles @ Jacksonville Jaguars,Sun 10/11 09:30 AM ET,8.26,8.26,9.8,2.46,4.45,13.12,20.07,6.42,,,,0.0,0.0,0.0,0.64,0.0,3.27,37.69,0.2,0.03,,,,,,,,2026-10-08 10:24 ET
Robert Burke,Model_Burke v1,Makai Lemon,00-0040867,WR,PHI,JAX,Philadelphia Eagles @ Jacksonville Jaguars,Sun 10/11 09:30 AM ET,7.37,7.37,8.91,2.14,3.89,12.5,18.47,6.38,,,,0.0,0.0,0.0,0.18,0.0,3.18,35.49,0.11,0.03,,,,,,,,2026-10-08 10:24 ET
Robert Burke,Model_Burke v1,DeVonta Smith,00-0036912,WR,PHI,JAX,Philadelphia Eagles @ Jacksonville Jaguars,Sun 10/11 09:30 AM ET,7.03,7.03,8.53,1.59,4.1,12.49,17.36,6.22,Q,Q,,0.0,0.0,0.0,0.03,0.0,2.55,32.79,0.2,0.0,,,,,,,,2026-10-08 10:24 ET
Robert Burke,Model_Burke v1,Saquon Barkley,00-0034844,RB,PHI,JAX,Philadelphia Eagles @ Jacksonville Jaguars,Sun 10/11 09:30 AM ET,6.8,6.8,7.99,1.83,3.56,10.98,16.51,5.49,Q,Q,,0.0,0.0,0.0,42.81,0.2,0.79,5.11,0.0,0.0,,,,,,,,2026-10-08 10:24 ET
Robert Burke,Model_Burke v1,Darius Cooper,00-0040024,WR,PHI,JAX,Philadelphia Eagles @ Jacksonville Jaguars,Sun 10/11 09:30 AM ET,6.78,6.78,7.82,1.92,3.95,11.01,15.4,5.23,,,,0.0,0.0,0.0,0.02,0.0,2.47,29.43,0.23,0.0,,,,,,,,2026-10-08 10:24 ET
Robert Burke,Model_Burke v1,Jaguars,,DST,JAX,PHI,Philadelphia Eagles @ Jacksonville Jaguars,Sun 10/11 09:30 AM ET,6.7,6.7,6.7,2.34,4.35,9.04,11.38,3.35,,,,,,,,,,,,,,,,2.4,0.87,0.13,23.0,2026-10-08 10:24 ET
Robert Burke,Model_Burke v1,Brian Thomas Jr.,00-0039893,WR,JAX,PHI,Philadelphia Eagles @ Jacksonville Jaguars,Sun 10/11 09:30 AM ET,6.64,6.64,7.7,1.67,3.66,10.75,15.33,5.25,,,,0.0,0.0,0.0,0.36,0.0,2.28,33.39,0.16,0.0,,,,,,,,2026-10-08 10:24 ET
Robert Burke,Model_Burke v1,Will Shipley,00-0039746,RB,PHI,JAX,Philadelphia Eagles @ Jacksonville Jaguars,Sun 10/11 09:30 AM ET,5.89,5.89,7.18,1.4,3.18,9.68,14.75,4.81,,,,0.0,0.0,0.0,28.48,0.1,1.46,10.19,0.03,0.11,,,,,,,,2026-10-08 10:24 ET
Robert Burke,Model_Burke v1,Eagles,,DST,PHI,JAX,Philadelphia Eagles @ Jacksonville Jaguars,Sun 10/11 09:30 AM ET,5.76,5.76,5.76,2.01,3.74,7.77,9.78,2.88,,,,,,,,,,,,,,,,1.74,0.77,0.07,21.5,2026-10-08 10:24 ET
Robert Burke,Model_Burke v1,Jake Elliott,,K,PHI,JAX,Philadelphia Eagles @ Jacksonville Jaguars,Sun 10/11 09:30 AM ET,5.49,5.49,5.49,1.92,3.57,7.41,9.33,2.75,,,,,,,,,,,,,1.02,0.36,1.9,,,,,2026-10-08 10:24 ET
Robert Burke,Model_Burke v1,Zach Ertz,00-0030061,TE,PHI,JAX,Philadelphia Eagles @ Jacksonville Jaguars,Sun 10/11 09:30 AM ET,3.93,3.93,5.53,0.46,1.87,7.79,12.23,4.39,,,,0.0,0.0,0.0,0.0,0.0,1.75,16.64,0.09,0.0,,,,,,,,2026-10-08 10:24 ET
Robert Burke,Model_Burke v1,Chris Rodriguez,00-0038611,RB,JAX,PHI,Philadelphia Eagles @ Jacksonville Jaguars,Sun 10/11 09:30 AM ET,3.77,3.77,5.6,0.99,2.03,7.91,12.22,4.36,,,,0.0,0.0,0.0,22.88,0.22,0.08,0.97,0.0,0.0,,,,,,,,2026-10-08 10:24 ET
Robert Burke,Model_Burke v1,Josh Cameron,00-0041100,WR,JAX,PHI,Philadelphia Eagles @ Jacksonville Jaguars,Sun 10/11 09:30 AM ET,2.92,2.92,4.24,0.0,0.88,5.93,10.52,3.74,,,,0.0,0.0,0.0,0.14,0.0,0.98,12.82,0.12,0.02,,,,,,,,2026-10-08 10:24 ET
Robert Burke,Model_Burke v1,Dallas Goedert,00-0034351,TE,PHI,JAX,Philadelphia Eagles @ Jacksonville Jaguars,Sun 10/11 09:30 AM ET,2.25,2.25,3.18,0.0,1.05,4.48,8.12,2.55,D,Q,,0.0,0.0,0.0,0.06,0.0,0.8,8.46,0.1,0.0,,,,,,,,2026-10-08 10:24 ET
Robert Burke,Model_Burke v1,Travis Hunter,00-0040718,WR,JAX,PHI,Philadelphia Eagles @ Jacksonville Jaguars,Sun 10/11 09:30 AM ET,2.04,2.04,3.44,0.0,0.18,4.88,8.99,3.48,,,,0.0,0.0,0.0,0.66,0.0,0.99,9.86,0.0,0.0,,,,,,,,2026-10-08 10:24 ET
Robert Burke,Model_Burke v1,Nate Boerkircher,00-0041503,TE,JAX,PHI,Philadelphia Eagles @ Jacksonville Jaguars,Sun 10/11 09:30 AM ET,1.53,1.53,2.58,0.0,0.04,3.52,6.94,2.57,,,,0.0,0.0,0.0,0.0,0.0,0.6,6.37,0.05,0.0,,,,,,,,2026-10-08 10:24 ET
Robert Burke,Model_Burke v1,Johnny Mundt,00-0033246,TE,PHI,JAX,Philadelphia Eagles @ Jacksonville Jaguars,Sun 10/11 09:30 AM ET,1.48,1.48,2.46,0.0,0.0,3.48,6.84,2.58,,,,0.0,0.0,0.0,0.0,0.0,0.68,6.01,0.03,0.0,,,,,,,,2026-10-08 10:24 ET
Robert Burke,Model_Burke v1,Marquise Brown,00-0035662,WR,PHI,JAX,Philadelphia Eagles @ Jacksonville Jaguars,Sun 10/11 09:30 AM ET,1.42,1.42,2.51,0.0,0.18,3.46,7.19,2.43,Q,Q,,0.0,0.0,0.0,1.1,0.01,0.46,5.95,0.04,0.0,,,,,,,,2026-10-08 10:24 ET
Robert Burke,Model_Burke v1,Josiah Deguara,00-0036332,TE,PHI,JAX,Philadelphia Eagles @ Jacksonville Jaguars,Sun 10/11 09:30 AM ET,1.31,1.31,1.98,0.0,0.02,2.35,6.31,1.73,,,,0.0,0.0,0.0,0.0,0.0,0.45,3.23,0.09,0.0,,,,,,,,2026-10-08 10:24 ET
Robert Burke,Model_Burke v1,Quintin Morris,00-0036590,TE,JAX,PHI,Philadelphia Eagles @ Jacksonville Jaguars,Sun 10/11 09:30 AM ET,1.17,1.17,1.71,0.0,0.0,2.04,5.97,1.51,,,,0.0,0.0,0.0,0.0,0.0,0.53,5.19,0.02,0.0,,,,,,,,2026-10-08 10:24 ET
Robert Burke,Model_Burke v1,Tanner Koziol,,TE,JAX,PHI,Philadelphia Eagles @ Jacksonville Jaguars,Sun 10/11 09:30 AM ET,0.87,0.87,1.47,0.0,0.0,1.94,5.47,1.44,,,,0.0,0.0,0.0,0.0,0.0,0.26,3.01,0.05,0.0,,,,,,,,2026-10-08 10:24 ET
Robert Burke,Model_Burke v1,LeQuint Allen,00-0040238,RB,JAX,PHI,Philadelphia Eagles @ Jacksonville Jaguars,Sun 10/11 09:30 AM ET,0.76,0.76,1.67,0.22,0.47,2.32,3.92,1.37,,,,0.0,0.0,0.0,2.9,0.0,0.27,1.92,0.0,0.0,,,,,,,,2026-10-08 10:24 ET
Robert Burke,Model_Burke v1,E.J. Jenkins,00-0038498,TE,PHI,JAX,Philadelphia Eagles @ Jacksonville Jaguars,Sun 10/11 09:30 AM ET,0.64,0.64,1.28,0.0,0.0,1.8,5.34,1.33,,,,0.0,0.0,0.0,0.0,0.0,0.31,3.02,0.0,0.0,,,,,,,,2026-10-08 10:24 ET
Robert Burke,Model_Burke v1,Ameer Abdullah,00-0032104,RB,JAX,PHI,Philadelphia Eagles @ Jacksonville Jaguars,Sun 10/11 09:30 AM ET,0.57,0.57,1.49,0.1,0.3,1.92,3.61,1.2,,,,0.0,0.0,0.0,2.66,0.0,0.16,1.24,0.0,0.0,,,,,,,,2026-10-08 10:24 ET
Robert Burke,Model_Burke v1,Joe Burrow,00-0036442,QB,CIN,MIA,Cincinnati Bengals @ Miami Dolphins,Sun 10/11 01:00 PM ET,19.06,19.06,19.32,9.1,13.81,24.97,29.21,8.26,,,,268.66,2.06,0.72,11.71,0.11,0.0,0.0,0.0,0.16,,,,,,,,2026-10-08 10:24 ET
Robert Burke,Model_Burke v1,Ja'Marr Chase,00-0036900,WR,CIN,MIA,Cincinnati Bengals @ Miami Dolphins,Sun 10/11 01:00 PM ET,19.02,19.02,20.18,9.69,13.56,24.76,32.59,8.29,Q,Q,,0.0,0.0,0.0,0.65,0.0,6.65,74.97,0.8,0.0,,,,,,,,2026-10-08 10:24 ET
Robert Burke,Model_Burke v1,Drake Maye,00-0039851,QB,NE,LV,Las Vegas Raiders @ New England Patriots,Sun 10/11 01:00 PM ET,18.83,18.83,19.13,8.75,13.59,24.8,28.98,8.31,,,,247.74,1.86,0.85,29.35,0.15,0.0,0.0,0.0,0.34,,,,,,,,2026-10-08 10:24 ET
Robert Burke,Model_Burke v1,Jonathan Taylor,00-0036223,RB,IND,PIT,Indianapolis Colts @ Pittsburgh Steelers,Sun 10/11 01:00 PM ET,18.61,18.61,19.97,10.37,13.34,25.09,33.07,8.7,,,,0.0,0.0,0.0,86.0,0.88,2.49,20.07,0.07,0.09,,,,,,,,2026-10-08 10:24 ET
Robert Burke,Model_Burke v1,Jayden Daniels,00-0039910,QB,WAS,NYG,New York Giants @ Washington Commanders,Sun 10/11 01:00 PM ET,18.49,18.49,18.44,7.98,13.03,23.94,28.27,8.08,Q,,+0.0 with Marcus Mariota out,196.1,1.54,0.63,45.96,0.23,0.0,0.0,0.0,0.12,,,,,,,,2026-10-08 10:24 ET
Robert Burke,Model_Burke v1,Nico Collins,00-0036554,WR,HOU,TEN,Houston Texans @ Tennessee Titans,Sun 10/11 01:00 PM ET,17.18,17.18,18.22,8.71,11.49,22.8,29.95,8.38,,,,0.0,0.0,0.0,0.78,0.02,5.72,79.93,0.55,0.0,,,,,,,,2026-10-08 10:24 ET
Robert Burke,Model_Burke v1,Chase Brown,00-0038597,RB,CIN,MIA,Cincinnati Bengals @ Miami Dolphins,Sun 10/11 01:00 PM ET,16.91,16.91,17.99,8.86,12.02,22.96,30.1,8.1,,,,0.0,0.0,0.0,64.46,0.35,4.6,27.54,0.19,0.07,,,,,,,,2026-10-08 10:24 ET
Robert Burke,Model_Burke v1,Jordan Love,00-0036264,QB,GB,CHI,Chicago Bears @ Green Bay Packers,Sun 10/11 01:00 PM ET,16.77,16.77,16.69,6.51,11.33,21.36,26.65,7.43,,,,262.91,1.78,0.78,7.46,0.03,0.0,0.0,0.0,0.1,,,,,,,,2026-10-08 10:24 ET
Robert Burke,Model_Burke v1,Aaron Rodgers,00-0023459,QB,PIT,IND,Indianapolis Colts @ Pittsburgh Steelers,Sun 10/11 01:00 PM ET,16.71,16.71,16.64,6.44,11.31,21.3,26.58,7.4,,,,234.32,2.0,0.69,6.89,0.08,0.0,0.0,0.0,0.2,,,,,,,,2026-10-08 10:24 ET
Robert Burke,Model_Burke v1,C.J. Stroud,00-0039163,QB,HOU,TEN,Houston Texans @ Tennessee Titans,Sun 10/11 01:00 PM ET,15.93,15.93,15.91,5.89,10.7,20.99,26.37,7.63,,,,257.73,1.42,0.45,10.7,0.05,0.0,0.0,0.0,0.26,,,,,,,,2026-10-08 10:24 ET
Robert Burke,Model_Burke v1,Malik Willis,00-0038128,QB,MIA,CIN,Cincinnati Bengals @ Miami Dolphins,Sun 10/11 01:00 PM ET,15.67,15.67,15.41,6.01,10.37,20.38,24.78,7.42,,,,213.4,1.21,0.78,33.72,0.18,0.0,0.0,0.0,0.31,,,,,,,,2026-10-08 10:24 ET
Robert Burke,Model_Burke v1,Tyler Shough,00-0040743,QB,NO,MIN,Minnesota Vikings @ New Orleans Saints,Sun 10/11 01:00 PM ET,15.54,15.54,15.42,5.88,10.24,20.38,25.02,7.51,,Q,,240.61,1.37,0.81,18.98,0.16,0.0,0.0,0.0,0.41,,,,,,,,2026-10-08 10:24 ET
Robert Burke,Model_Burke v1,Aaron Jones,00-0033293,RB,MIN,NO,Minnesota Vikings @ New Orleans Saints,Sun 10/11 01:00 PM ET,15.35,15.35,15.78,5.88,9.68,20.37,26.3,7.93,,,,0.0,0.0,0.0,73.73,0.46,2.82,20.94,0.08,0.07,,,,,,,,2026-10-08 10:24 ET
Robert Burke,Model_Burke v1,Ashton Jeanty,00-0040122,RB,LV,NE,Las Vegas Raiders @ New England Patriots,Sun 10/11 01:00 PM ET,15.33,15.33,15.76,5.86,9.65,20.35,26.27,7.93,,,,0.0,0.0,0.0,62.05,0.23,3.88,28.18,0.19,0.07,,,,,,,,2026-10-08 10:24 ET
Robert Burke,Model_Burke v1,Garrett Wilson,00-0037740,WR,NYJ,CLE,Cleveland Browns @ New York Jets,Sun 10/11 01:00 PM ET,15.22,15.22,16.05,5.67,9.52,21.66,26.79,8.99,,,+0.7 with Adonai Mitchell out,0.0,0.0,0.0,0.17,0.0,5.99,67.84,0.4,0.0,,,,,,,,2026-10-08 10:24 ET
Robert Burke,Model_Burke v1,Jaylen Warren,00-0037228,RB,PIT,IND,Indianapolis Colts @ Pittsburgh Steelers,Sun 10/11 01:00 PM ET,15.11,15.11,15.54,5.82,9.64,20.15,25.8,7.78,,,,0.0,0.0,0.0,72.28,0.32,2.99,26.18,0.09,0.1,,,,,,,,2026-10-08 10:24 ET
Robert Burke,Model_Burke v1,Braelon Allen,00-0039794,RB,NYJ,CLE,Cleveland Browns @ New York Jets,Sun 10/11 01:00 PM ET,14.85,14.85,16.19,8.13,11.27,20.68,25.36,6.97,,,+2.9 with Breece Hall out,0.0,0.0,0.0,71.02,0.73,1.98,13.17,0.04,0.08,,,,,,,,2026-10-08 10:24 ET
Robert Burke,Model_Burke v1,Christian Watson,00-0038124,WR,GB,CHI,Chicago Bears @ Green Bay Packers,Sun 10/11 01:00 PM ET,14.62,14.62,15.76,5.94,9.19,20.59,27.32,8.44,,,,0.0,0.0,0.0,0.6,0.0,4.24,68.37,0.58,0.0,,,,,,,,2026-10-08 10:24 ET
Robert Burke,Model_Burke v1,Deshaun Watson,00-0033537,QB,CLE,NYJ,Cleveland Browns @ New York Jets,Sun 10/11 01:00 PM ET,14.61,14.61,14.78,5.21,9.56,19.84,24.1,7.61,,,,209.77,1.36,0.86,24.52,0.09,0.0,0.0,0.0,0.25,,,,,,,,2026-10-08 10:24 ET
Robert Burke,Model_Burke v1,Justin Jefferson,00-0036322,WR,MIN,NO,Minnesota Vikings @ New Orleans Saints,Sun 10/11 01:00 PM ET,14.57,14.57,15.11,4.69,8.71,20.7,25.73,8.88,Q,Q,,0.0,0.0,0.0,0.08,0.0,5.1,63.4,0.52,0.0,,,,,,,,2026-10-08 10:24 ET
Robert Burke,Model_Burke v1,Brock Bowers,00-0039338,TE,LV,NE,Las Vegas Raiders @ New England Patriots,Sun 10/11 01:00 PM ET,14.42,14.42,15.69,7.47,10.16,20.32,26.02,7.53,,Q,,0.0,0.0,0.0,0.27,0.0,5.68,58.52,0.47,0.0,,,,,,,,2026-10-08 10:24 ET
Robert Burke,Model_Burke v1,Cam Skattebo,00-0040715,RB,NYG,WAS,New York Giants @ Washington Commanders,Sun 10/11 01:00 PM ET,14.21,14.21,14.7,5.02,9.21,18.92,24.67,7.19,,Q,,0.0,0.0,0.0,66.97,0.56,2.1,18.02,0.08,0.1,,,,,,,,2026-10-08 10:24 ET
Robert Burke,Model_Burke v1,D'Andre Swift,00-0036275,RB,CHI,GB,Chicago Bears @ Green Bay Packers,Sun 10/11 01:00 PM ET,13.84,13.84,14.42,4.71,8.67,18.78,24.29,7.49,,Q,-0.6 with Caleb Williams out,0.0,0.0,0.0,61.37,0.6,2.18,18.06,0.06,0.12,,,,,,,,2026-10-08 10:24 ET
Robert Burke,Model_Burke v1,Jameis Winston,00-0031503,QB,NYG,WAS,New York Giants @ Washington Commanders,Sun 10/11 01:00 PM ET,13.46,13.46,13.68,4.39,8.34,18.28,23.92,7.37,,,,208.9,1.33,0.96,11.75,0.12,0.0,0.0,0.0,0.1,,,,,,,,2026-10-08 10:24 ET
Robert Burke,Model_Burke v1,Daniel Jones,00-0035710,QB,IND,PIT,Indianapolis Colts @ Pittsburgh Steelers,Sun 10/11 01:00 PM ET,13.4,13.4,13.71,4.33,8.47,18.34,23.39,7.31,,,,222.96,1.27,0.81,10.14,0.12,0.0,0.0,0.0,0.35,,,,,,,,2026-10-08 10:24 ET
Robert Burke,Model_Burke v1,Kirk Cousins,00-0029604,QB,LV,NE,Las Vegas Raiders @ New England Patriots,Sun 10/11 01:00 PM ET,13.39,13.39,13.7,4.31,8.45,18.32,23.37,7.31,,,,226.55,1.4,0.84,4.24,0.03,0.0,0.0,0.0,0.1,,,,,,,,2026-10-08 10:24 ET
Robert Burke,Model_Burke v1,Chris Olave,00-0037239,WR,NO,MIN,Minnesota Vikings @ New Orleans Saints,Sun 10/11 01:00 PM ET,13.3,13.3,14.24,4.28,7.42,19.43,25.91,8.9,,,DNP practice: x0.85,0.0,0.0,0.0,0.38,0.0,5.11,65.65,0.26,0.0,,,,,,,,2026-10-08 10:24 ET
Robert Burke,Model_Burke v1,Kyler Murray,00-0035228,QB,MIN,NO,Minnesota Vikings @ New Orleans Saints,Sun 10/11 01:00 PM ET,12.75,12.75,13.22,3.43,7.73,17.94,24.19,7.56,,,,157.7,1.08,0.68,25.04,0.2,0.0,0.0,0.0,0.1,,,,,,,,2026-10-08 10:24 ET
Robert Burke,Model_Burke v1,Quinshon Judkins,00-0040784,RB,CLE,NYJ,Cleveland Browns @ New York Jets,Sun 10/11 01:00 PM ET,12.47,12.47,13.66,5.7,8.89,17.79,22.98,6.6,,,,0.0,0.0,0.0,56.39,0.34,2.83,18.35,0.04,0.06,,,,,,,,2026-10-08 10:24 ET
Robert Burke,Model_Burke v1,Cam Ward,00-0040676,QB,TEN,HOU,Houston Texans @ Tennessee Titans,Sun 10/11 01:00 PM ET,12.38,12.38,12.86,3.22,7.59,17.58,23.51,7.4,,,,193.73,1.21,0.68,8.39,0.12,0.0,0.0,0.0,0.2,,,,,,,,2026-10-08 10:24 ET
Robert Burke,Model_Burke v1,Tee Higgins,00-0036410,WR,CIN,MIA,Cincinnati Bengals @ Miami Dolphins,Sun 10/11 01:00 PM ET,12.27,12.27,13.52,3.64,7.2,18.5,24.65,8.37,Q,Q,DNP practice: x0.85,0.0,0.0,0.0,0.02,0.0,4.18,59.73,0.35,0.0,,,,,,,,2026-10-08 10:24 ET
Robert Burke,Model_Burke v1,Geno Smith,00-0030565,QB,NYJ,CLE,Cleveland Browns @ New York Jets,Sun 10/11 01:00 PM ET,11.86,11.86,12.68,3.17,7.44,17.42,23.46,7.39,,,,188.87,1.22,0.71,10.34,0.03,0.0,0.0,0.0,0.19,,,,,,,,2026-10-08 10:24 ET
Robert Burke,Model_Burke v1,Tyson Bagent,00-0038416,QB,CHI,GB,Chicago Bears @ Green Bay Packers,Sun 10/11 01:00 PM ET,11.08,11.08,11.6,2.1,6.5,16.45,21.93,7.37,,,+0.0 with Caleb Williams out,172.65,1.03,0.57,8.17,0.06,0.0,0.0,0.0,0.0,,,,,,,,2026-10-08 10:24 ET
Robert Burke,Model_Burke v1,Tyler Warren,00-0040128,TE,IND,PIT,Indianapolis Colts @ Pittsburgh Steelers,Sun 10/11 01:00 PM ET,11.05,11.05,12.12,4.29,6.99,16.12,22.23,6.76,,,,0.0,0.0,0.0,1.04,0.0,4.75,44.97,0.28,0.0,,,,,,,,2026-10-08 10:24 ET
Robert Burke,Model_Burke v1,Carnell Tate,00-0041438,WR,TEN,HOU,Houston Texans @ Tennessee Titans,Sun 10/11 01:00 PM ET,11.04,11.04,12.36,3.97,6.88,16.58,22.58,7.18,,,,0.0,0.0,0.0,0.09,0.0,4.41,58.19,0.17,0.12,,,,,,,,2026-10-08 10:24 ET
Robert Burke,Model_Burke v1,DK Metcalf,00-0035640,WR,PIT,IND,Indianapolis Colts @ Pittsburgh Steelers,Sun 10/11 01:00 PM ET,10.87,10.87,12.22,3.93,6.95,15.98,22.56,6.69,,,,0.0,0.0,0.0,0.17,0.02,3.66,52.87,0.3,0.0,,,,,,,,2026-10-08 10:24 ET
Robert Burke,Model_Burke v1,Harold Fannin,00-0040663,TE,CLE,NYJ,Cleveland Browns @ New York Jets,Sun 10/11 01:00 PM ET,10.87,10.87,11.94,4.07,6.81,15.95,21.27,6.76,,,,0.0,0.0,0.0,0.0,0.03,4.25,39.94,0.41,0.0,,,,,,,,2026-10-08 10:24 ET
Robert Burke,Model_Burke v1,Romeo Doubs,00-0037816,WR,NE,LV,Las Vegas Raiders @ New England Patriots,Sun 10/11 01:00 PM ET,10.86,10.86,12.21,3.92,6.94,15.97,22.55,6.69,,,,0.0,0.0,0.0,0.02,0.0,3.63,53.65,0.31,0.0,,,,,,,,2026-10-08 10:24 ET
Robert Burke,Model_Burke v1,Malik Nabers,00-0039337,WR,NYG,WAS,New York Giants @ Washington Commanders,Sun 10/11 01:00 PM ET,10.77,10.77,11.64,2.23,5.72,16.41,23.04,7.92,,Q,DNP practice: x0.85,0.0,0.0,0.0,0.09,0.0,4.08,52.04,0.25,0.0,,,,,,,,2026-10-08 10:24 ET
Robert Burke,Model_Burke v1,Josh Downs,00-0038997,WR,IND,PIT,Indianapolis Colts @ Pittsburgh Steelers,Sun 10/11 01:00 PM ET,10.71,10.71,12.17,3.96,6.82,16.48,22.7,7.16,,,,0.0,0.0,0.0,0.07,0.0,4.29,50.61,0.23,0.0,,,,,,,,2026-10-08 10:24 ET
Robert Burke,Model_Burke v1,Isaiah Likely,00-0037838,TE,NYG,WAS,New York Giants @ Washington Commanders,Sun 10/11 01:00 PM ET,10.64,10.64,11.76,3.86,6.74,15.71,21.03,6.65,,Q,,0.0,0.0,0.0,0.0,0.0,4.33,46.92,0.28,0.03,,,,,,,,2026-10-08 10:24 ET
Robert Burke,Model_Burke v1,David Montgomery,00-0035685,RB,HOU,TEN,Houston Texans @ Tennessee Titans,Sun 10/11 01:00 PM ET,10.47,10.47,12.08,3.65,7.0,16.25,23.03,6.85,,,,0.0,0.0,0.0,48.94,0.41,1.57,12.53,0.06,0.06,,,,,,,,2026-10-08 10:24 ET
Robert Burke,Model_Burke v1,Matthew Golden,00-0040667,WR,GB,CHI,Chicago Bears @ Green Bay Packers,Sun 10/11 01:00 PM ET,10.34,10.34,11.92,3.96,6.47,16.44,22.63,7.38,,,,0.0,0.0,0.0,1.5,0.0,3.58,53.48,0.21,0.0,,,,,,,,2026-10-08 10:24 ET
Robert Burke,Model_Burke v1,Kaimi Fairbairn,,K,HOU,TEN,Houston Texans @ Tennessee Titans,Sun 10/11 01:00 PM ET,10.33,10.33,10.33,3.61,6.71,13.94,17.55,5.16,,,,,,,,,,,,,2.22,1.07,2.29,,,,,2026-10-08 10:24 ET
Robert Burke,Model_Burke v1,Rhamondre Stevenson,00-0036875,RB,NE,LV,Las Vegas Raiders @ New England Patriots,Sun 10/11 01:00 PM ET,10.25,10.25,11.61,3.49,6.38,15.96,21.84,7.1,Q,Q,,0.0,0.0,0.0,39.38,0.25,2.5,20.85,0.08,0.12,,,,,,,,2026-10-08 10:24 ET
Robert Burke,Model_Burke v1,Will Reichard,,K,MIN,NO,Minnesota Vikings @ New Orleans Saints,Sun 10/11 01:00 PM ET,10.1,10.1,10.1,3.53,6.56,13.63,17.17,5.05,,,,,,,,,,,,,2.13,1.1,2.27,,,,,2026-10-08 10:24 ET
Robert Burke,Model_Burke v1,Denzel Boston,00-0041037,WR,CLE,NYJ,Cleveland Browns @ New York Jets,Sun 10/11 01:00 PM ET,9.96,9.96,11.11,3.12,5.35,15.92,21.04,7.83,,,,0.0,0.0,0.0,0.34,0.0,3.44,50.31,0.25,0.03,,,,,,,,2026-10-08 10:24 ET
Robert Burke,Model_Burke v1,Tucker Kraft,00-0038996,TE,GB,CHI,Chicago Bears @ Green Bay Packers,Sun 10/11 01:00 PM ET,9.92,9.92,11.24,3.51,6.04,15.18,21.15,6.77,,,,0.0,0.0,0.0,0.57,0.0,3.61,45.38,0.29,0.0,,,,,,,,2026-10-08 10:24 ET
Robert Burke,Model_Burke v1,Spencer Shrader,,K,IND,PIT,Indianapolis Colts @ Pittsburgh Steelers,Sun 10/11 01:00 PM ET,9.84,9.84,9.84,3.44,6.4,13.29,16.73,4.92,,,,,,,,,,,,,2.08,1.08,2.24,,,,,2026-10-08 10:24 ET
Robert Burke,Model_Burke v1,Malik Washington,00-0039880,WR,MIA,CIN,Cincinnati Bengals @ Miami Dolphins,Sun 10/11 01:00 PM ET,9.52,9.52,10.88,2.93,5.15,15.35,20.87,7.56,,,,0.0,0.0,0.0,5.94,0.05,3.72,42.27,0.15,0.12,,,,,,,,2026-10-08 10:24 ET
Robert Burke,Model_Burke v1,Juwan Johnson,00-0036040,TE,NO,MIN,Minnesota Vikings @ New Orleans Saints,Sun 10/11 01:00 PM ET,9.19,9.19,10.49,3.01,5.58,14.61,20.11,6.69,,,,0.0,0.0,0.0,0.0,0.0,3.73,41.81,0.23,0.05,,,,,,,,2026-10-08 10:24 ET
Robert Burke,Model_Burke v1,T.J. Hockenson,00-0035229,TE,MIN,NO,Minnesota Vikings @ New Orleans Saints,Sun 10/11 01:00 PM ET,9.06,9.06,10.12,2.77,5.18,14.34,19.06,6.79,,,,0.0,0.0,0.0,0.0,0.0,4.13,37.1,0.2,0.0,,,,,,,,2026-10-08 10:24 ET
Robert Burke,Model_Burke v1,Jacory Croskey-Merritt,00-0040242,RB,WAS,NYG,New York Giants @ Washington Commanders,Sun 10/11 01:00 PM ET,8.95,8.95,10.38,3.05,5.19,14.7,19.62,7.04,,Q,,0.0,0.0,0.0,55.99,0.39,0.7,4.69,0.0,0.09,,,,,,,,2026-10-08 10:24 ET
Robert Burke,Model_Burke v1,Hunter Henry,00-0033090,TE,NE,LV,Las Vegas Raiders @ New England Patriots,Sun 10/11 01:00 PM ET,8.92,8.92,10.03,2.63,5.32,14.16,18.93,6.55,,,,0.0,0.0,0.0,0.0,0.0,3.44,41.51,0.22,0.0,,,,,,,,2026-10-08 10:24 ET
Robert Burke,Model_Burke v1,TreVeyon Henderson,00-0040734,RB,NE,LV,Las Vegas Raiders @ New England Patriots,Sun 10/11 01:00 PM ET,8.9,8.9,10.34,3.13,5.3,14.62,19.54,6.9,,,,0.0,0.0,0.0,47.29,0.32,1.23,8.94,0.05,0.06,,,,,,,,2026-10-08 10:24 ET
Robert Burke,Model_Burke v1,Tony Pollard,00-0035261,RB,TEN,HOU,Houston Texans @ Tennessee Titans,Sun 10/11 01:00 PM ET,8.83,8.83,10.4,2.46,5.13,14.83,20.22,7.19,,Q,DNP practice: x0.94,0.0,0.0,0.0,53.82,0.19,1.53,8.97,0.01,0.08,,,,,,,,2026-10-08 10:24 ET
Robert Burke,Model_Burke v1,Steelers,,DST,PIT,IND,Indianapolis Colts @ Pittsburgh Steelers,Sun 10/11 01:00 PM ET,8.63,8.63,8.63,3.02,5.61,11.66,14.68,4.32,,,,,,,,,,,,,,,,2.67,0.88,0.13,,2026-10-08 10:24 ET
Robert Burke,Model_Burke v1,Kenyon Sadiq,00-0041032,TE,NYJ,CLE,Cleveland Browns @ New York Jets,Sun 10/11 01:00 PM ET,8.61,8.61,9.8,2.47,5.01,13.8,18.57,6.51,,,,0.0,0.0,0.0,0.05,0.02,3.39,36.61,0.25,0.03,,,,,,,,2026-10-08 10:24 ET
Robert Burke,Model_Burke v1,Ollie Gordon,00-0040198,RB,MIA,CIN,Cincinnati Bengals @ Miami Dolphins,Sun 10/11 01:00 PM ET,8.59,8.59,9.92,3.14,5.25,13.82,18.71,6.35,,,,0.0,0.0,0.0,45.22,0.35,1.1,6.72,0.04,0.03,,,,,,,,2026-10-08 10:24 ET
Robert Burke,Model_Burke v1,Luther Burden,00-0040735,WR,CHI,GB,Chicago Bears @ Green Bay Packers,Sun 10/11 01:00 PM ET,8.57,8.57,10.51,2.3,4.92,15.94,21.2,8.17,,,-1.2 with Caleb Williams out,0.0,0.0,0.0,2.35,0.0,3.41,39.93,0.17,0.05,,,,,,,,2026-10-08 10:24 ET
Robert Burke,Model_Burke v1,Bengals,,DST,CIN,MIA,Cincinnati Bengals @ Miami Dolphins,Sun 10/11 01:00 PM ET,8.56,8.56,8.56,3.0,5.56,11.55,14.55,4.28,,,,,,,,,,,,,,,,2.81,0.76,0.14,,2026-10-08 10:24 ET
Robert Burke,Model_Burke v1,Colston Loveland,00-0040126,TE,CHI,GB,Chicago Bears @ Green Bay Packers,Sun 10/11 01:00 PM ET,8.38,8.38,9.44,2.08,4.53,13.67,18.34,6.77,,,-0.7 with Caleb Williams out,0.0,0.0,0.0,-0.03,0.0,3.54,36.54,0.2,0.0,,,,,,,,2026-10-08 10:24 ET
Robert Burke,Model_Burke v1,Rome Odunze,00-0039919,WR,CHI,GB,Chicago Bears @ Green Bay Packers,Sun 10/11 01:00 PM ET,8.34,8.34,9.42,1.33,3.59,13.35,18.32,7.23,,,-1.0 with Caleb Williams out,0.0,0.0,0.0,0.26,0.0,3.0,42.46,0.18,0.0,,,,,,,,2026-10-08 10:24 ET
Robert Burke,Model_Burke v1,Wan'Dale Robinson,00-0038117,WR,TEN,HOU,Houston Texans @ Tennessee Titans,Sun 10/11 01:00 PM ET,8.34,8.34,9.82,2.41,4.64,13.13,19.54,6.29,,,,0.0,0.0,0.0,0.37,0.0,3.67,35.17,0.18,0.0,,,,,,,,2026-10-08 10:24 ET
Robert Burke,Model_Burke v1,Dalton Schultz,00-0034383,TE,HOU,TEN,Houston Texans @ Tennessee Titans,Sun 10/11 01:00 PM ET,8.27,8.27,9.58,2.14,4.64,13.97,18.4,6.91,,,,0.0,0.0,0.0,0.0,0.0,3.78,36.09,0.15,0.0,,,,,,,,2026-10-08 10:24 ET
Robert Burke,Model_Burke v1,KC Concepcion,00-0041547,WR,CLE,NYJ,Cleveland Browns @ New York Jets,Sun 10/11 01:00 PM ET,8.26,8.26,9.77,2.63,4.47,13.2,20.09,6.47,,,,0.0,0.0,0.0,2.0,0.0,3.57,38.62,0.14,0.12,,,,,,,,2026-10-08 10:24 ET
Robert Burke,Model_Burke v1,Alvin Kamara,00-0033906,RB,NO,MIN,Minnesota Vikings @ New Orleans Saints,Sun 10/11 01:00 PM ET,8.23,8.23,9.7,2.51,4.67,13.94,18.86,6.87,,Q,DNP practice: x0.94,0.0,0.0,0.0,33.61,0.16,2.35,14.54,0.04,0.06,,,,,,,,2026-10-08 10:24 ET
Robert Burke,Model_Burke v1,Devaughn Vele,00-0039424,WR,NO,MIN,Minnesota Vikings @ New Orleans Saints,Sun 10/11 01:00 PM ET,8.22,8.22,9.74,2.74,4.53,13.11,20.1,6.36,,,,0.0,0.0,0.0,0.03,0.0,3.35,37.5,0.19,0.0,,,,,,,,2026-10-08 10:24 ET
Robert Burke,Model_Burke v1,Terry McLaurin,00-0035659,WR,WAS,NYG,New York Giants @ Washington Commanders,Sun 10/11 01:00 PM ET,8.09,8.09,9.77,1.76,4.29,14.75,19.94,7.74,Q,Q,DNP practice: x0.85,0.0,0.0,0.0,0.02,0.0,2.64,38.89,0.26,0.0,,,,,,,,2026-10-08 10:24 ET
Robert Burke,Model_Burke v1,Browns,,DST,CLE,NYJ,Cleveland Browns @ New York Jets,Sun 10/11 01:00 PM ET,8.0,8.0,8.0,2.8,5.2,10.79,13.59,4.0,,,,,,,,,,,,,,,,3.55,0.86,0.11,21.5,2026-10-08 10:24 ET
Robert Burke,Model_Burke v1,Jason Sanders,,K,NYJ,CLE,Cleveland Browns @ New York Jets,Sun 10/11 01:00 PM ET,7.99,7.99,7.99,2.8,5.2,10.79,13.59,4.0,,,,,,,,,,,,,1.74,0.71,1.74,,,,,2026-10-08 10:24 ET
Robert Burke,Model_Burke v1,Stefon Diggs,00-0031588,WR,WAS,NYG,New York Giants @ Washington Commanders,Sun 10/11 01:00 PM ET,7.94,7.94,8.95,0.59,2.99,13.1,18.1,7.49,Q,Q,DNP practice: x0.85,0.0,0.0,0.0,0.04,0.0,3.06,33.78,0.25,0.0,,,,,,,,2026-10-08 10:24 ET
Robert Burke,Model_Burke v1,Evan McPherson,,K,CIN,MIA,Cincinnati Bengals @ Miami Dolphins,Sun 10/11 01:00 PM ET,7.91,7.91,7.91,2.77,5.14,10.67,13.44,3.95,,,,,,,,,,,,,1.42,0.53,2.82,,,,,2026-10-08 10:24 ET
Robert Burke,Model_Burke v1,Cairo Santos,,K,CHI,GB,Chicago Bears @ Green Bay Packers,Sun 10/11 01:00 PM ET,7.83,7.83,7.83,2.74,5.09,10.57,13.31,3.92,,,,,,,,,,,,,1.55,0.56,2.41,,,,,2026-10-08 10:24 ET
Robert Burke,Model_Burke v1,Chris Boswell,,K,PIT,IND,Indianapolis Colts @ Pittsburgh Steelers,Sun 10/11 01:00 PM ET,7.83,7.83,7.83,2.74,5.09,10.57,13.31,3.92,,,,,,,,,,,,,1.56,0.62,2.27,,,,,2026-10-08 10:24 ET
Robert Burke,Model_Burke v1,Patriots,,DST,NE,LV,Las Vegas Raiders @ New England Patriots,Sun 10/11 01:00 PM ET,7.82,7.82,7.82,2.74,5.08,10.56,13.3,3.91,,,,,,,,,,,,,,,,2.34,0.86,0.15,18.0,2026-10-08 10:24 ET
Robert Burke,Model_Burke v1,Texans,,DST,HOU,TEN,Houston Texans @ Tennessee Titans,Sun 10/11 01:00 PM ET,7.8,7.8,7.8,2.73,5.07,10.53,13.26,3.9,,,,,,,,,,,,,,,,2.76,0.71,0.19,20.0,2026-10-08 10:24 ET
Robert Burke,Model_Burke v1,Tre Tucker,00-0038563,WR,LV,NE,Las Vegas Raiders @ New England Patriots,Sun 10/11 01:00 PM ET,7.76,7.76,9.39,2.59,4.43,12.66,20.17,6.1,,,,0.0,0.0,0.0,1.08,0.0,2.93,38.27,0.15,0.0,,,,,,,,2026-10-08 10:24 ET
Robert Burke,Model_Burke v1,Kyle Monangai,00-0040236,RB,CHI,GB,Chicago Bears @ Green Bay Packers,Sun 10/11 01:00 PM ET,7.66,7.66,9.05,2.09,4.2,13.23,17.91,6.69,Q,Q,DNP practice: x0.94; -0.4 with Caleb Williams out,0.0,0.0,0.0,40.58,0.25,1.08,8.75,0.03,0.0,,,,,,,,2026-10-08 10:24 ET
Robert Burke,Model_Burke v1,Vikings,,DST,MIN,NO,Minnesota Vikings @ New Orleans Saints,Sun 10/11 01:00 PM ET,7.61,7.61,7.61,2.66,4.95,10.27,12.93,3.8,,,,,,,,,,,,,,,,3.28,0.8,0.11,21.5,2026-10-08 10:24 ET
Robert Burke,Model_Burke v1,Jets,,DST,NYJ,CLE,Cleveland Browns @ New York Jets,Sun 10/11 01:00 PM ET,7.57,7.57,7.57,2.65,4.92,10.23,12.88,3.79,,,,,,,,,,,,,,,,2.67,0.75,0.12,19.0,2026-10-08 10:24 ET
Robert Burke,Model_Burke v1,Roman Wilson,00-0039739,WR,PIT,IND,Indianapolis Colts @ Pittsburgh Steelers,Sun 10/11 01:00 PM ET,7.46,7.46,9.13,2.47,4.06,12.75,19.36,6.44,,,,0.0,0.0,0.0,0.0,0.0,2.58,35.68,0.23,0.03,,,,,,,,2026-10-08 10:24 ET
Robert Burke,Model_Burke v1,Pat Freiermuth,00-0036894,TE,PIT,IND,Indianapolis Colts @ Pittsburgh Steelers,Sun 10/11 01:00 PM ET,7.45,7.45,8.28,1.59,3.83,11.11,16.13,5.39,,,,0.0,0.0,0.0,0.37,0.0,2.88,30.52,0.25,0.0,,,,,,,,2026-10-08 10:24 ET
Robert Burke,Model_Burke v1,Jordan Addison,00-0038994,WR,MIN,NO,Minnesota Vikings @ New Orleans Saints,Sun 10/11 01:00 PM ET,7.27,7.27,8.62,1.01,2.98,12.12,17.88,6.77,,Q,DNP practice: x0.85,0.0,0.0,0.0,1.19,0.02,2.44,33.81,0.21,0.0,,,,,,,,2026-10-08 10:24 ET
Robert Burke,Model_Burke v1,Daniel Carlson,,K,NO,MIN,Minnesota Vikings @ New Orleans Saints,Sun 10/11 01:00 PM ET,7.27,7.27,7.27,2.54,4.72,9.81,12.35,3.63,,,,,,,,,,,,,1.54,0.48,1.93,,,,,2026-10-08 10:24 ET
Robert Burke,Model_Burke v1,Colts,,DST,IND,PIT,Indianapolis Colts @ Pittsburgh Steelers,Sun 10/11 01:00 PM ET,7.23,7.23,7.23,2.53,4.7,9.76,12.29,3.61,,,,,,,,,,,,,,,,2.06,0.67,0.07,,2026-10-08 10:24 ET
Robert Burke,Model_Burke v1,Dominic Zvada,,K,NYG,WAS,New York Giants @ Washington Commanders,Sun 10/11 01:00 PM ET,7.16,7.16,7.16,2.51,4.66,9.67,12.18,3.58,,,,,,,,,,,,,1.55,0.4,1.89,,,,,2026-10-08 10:24 ET
Robert Burke,Model_Burke v1,Dolphins,,DST,MIA,CIN,Cincinnati Bengals @ Miami Dolphins,Sun 10/11 01:00 PM ET,7.13,7.13,7.13,2.49,4.63,9.62,12.12,3.56,,,,,,,,,,,,,,,,1.8,0.69,0.09,,2026-10-08 10:24 ET
Robert Burke,Model_Burke v1,Drew Stevens,,K,WAS,NYG,New York Giants @ Washington Commanders,Sun 10/11 01:00 PM ET,7.11,7.11,7.11,2.49,4.62,9.6,12.08,3.55,,,,,,,,,,,,,1.47,0.45,2.07,,,,,2026-10-08 10:24 ET
Robert Burke,Model_Burke v1,Andre Szmyt,,K,CLE,NYJ,Cleveland Browns @ New York Jets,Sun 10/11 01:00 PM ET,7.1,7.1,7.1,2.49,4.62,9.59,12.07,3.55,,,,,,,,,,,,,1.47,0.54,1.93,,,,,2026-10-08 10:24 ET
Robert Burke,Model_Burke v1,Mike Gesicki,00-0034829,TE,CIN,MIA,Cincinnati Bengals @ Miami Dolphins,Sun 10/11 01:00 PM ET,7.08,7.08,8.12,1.43,3.51,11.19,16.66,5.69,,,,0.0,0.0,0.0,0.0,0.0,2.62,29.65,0.25,0.0,,,,,,,,2026-10-08 10:24 ET
Robert Burke,Model_Burke v1,Trey Smack,,K,GB,CHI,Chicago Bears @ Green Bay Packers,Sun 10/11 01:00 PM ET,7.04,7.04,7.04,2.46,4.57,9.5,11.96,3.52,,,,,,,,,,,,,1.47,0.41,2.04,,,,,2026-10-08 10:24 ET
Robert Burke,Model_Burke v1,Commanders,,DST,WAS,NYG,New York Giants @ Washington Commanders,Sun 10/11 01:00 PM ET,7.03,7.03,7.03,2.46,4.57,9.5,11.96,3.52,,,,,,,,,,,,,,,,2.55,0.99,0.13,23.0,2026-10-08 10:24 ET
Robert Burke,Model_Burke v1,Andres Borregales,,K,NE,LV,Las Vegas Raiders @ New England Patriots,Sun 10/11 01:00 PM ET,7.0,7.0,7.0,2.45,4.55,9.44,11.89,3.5,,,,,,,,,,,,,1.34,0.42,2.42,,,,,2026-10-08 10:24 ET
Robert Burke,Model_Burke v1,Joey Slye,,K,TEN,HOU,Houston Texans @ Tennessee Titans,Sun 10/11 01:00 PM ET,7.0,7.0,7.0,2.45,4.55,9.44,11.89,3.5,,,,,,,,,,,,,1.51,0.52,1.72,,,,,2026-10-08 10:24 ET
Robert Burke,Model_Burke v1,Isaiah Williams,00-0039451,WR,NYJ,CLE,Cleveland Browns @ New York Jets,Sun 10/11 01:00 PM ET,6.84,6.84,7.87,1.64,3.7,10.43,14.59,4.98,,,+0.8 with Adonai Mitchell out,0.0,0.0,0.0,1.75,0.0,2.9,31.45,0.1,0.0,,,,,,,,2026-10-08 10:24 ET
Robert Burke,Model_Burke v1,Woody Marks,00-0040583,RB,HOU,TEN,Houston Texans @ Tennessee Titans,Sun 10/11 01:00 PM ET,6.83,6.83,8.07,1.97,3.7,11.06,16.65,5.45,,,,0.0,0.0,0.0,29.63,0.21,1.33,8.95,0.06,0.0,,,,,,,,2026-10-08 10:24 ET
Robert Burke,Model_Burke v1,MarShawn Lloyd,00-0039811,RB,GB,CHI,Chicago Bears @ Green Bay Packers,Sun 10/11 01:00 PM ET,6.79,6.79,8.23,2.1,3.98,10.93,16.95,5.15,,,,0.0,0.0,0.0,31.24,0.15,1.5,10.76,0.07,0.11,,,,,,,,2026-10-08 10:24 ET
Robert Burke,Model_Burke v1,Saints,,DST,NO,MIN,Minnesota Vikings @ New Orleans Saints,Sun 10/11 01:00 PM ET,6.77,6.77,6.77,2.37,4.4,9.14,11.51,3.39,,,,,,,,,,,,,,,,2.77,0.81,0.11,23.0,2026-10-08 10:24 ET
Robert Burke,Model_Burke v1,Keenan Allen,00-0030279,WR,IND,PIT,Indianapolis Colts @ Pittsburgh Steelers,Sun 10/11 01:00 PM ET,6.67,6.67,7.94,1.87,3.89,11.18,16.21,5.4,Q,Q,,0.0,0.0,0.0,-0.02,0.0,2.92,30.58,0.12,0.0,,,,,,,,2026-10-08 10:24 ET
Robert Burke,Model_Burke v1,Michael Pittman,00-0036252,WR,PIT,IND,Indianapolis Colts @ Pittsburgh Steelers,Sun 10/11 01:00 PM ET,6.65,6.65,7.86,1.84,3.86,11.01,16.14,5.29,,Q,,0.0,0.0,0.0,0.03,0.0,2.99,29.22,0.12,0.0,,,,,,,,2026-10-08 10:24 ET
Robert Burke,Model_Burke v1,Matt Gay,,K,LV,NE,Las Vegas Raiders @ New England Patriots,Sun 10/11 01:00 PM ET,6.61,6.61,6.61,2.31,4.29,8.92,11.23,3.3,,,,,,,,,,,,,1.36,0.49,1.94,,,,,2026-10-08 10:24 ET
Robert Burke,Model_Burke v1,Michael Mayer,00-0039066,TE,LV,NE,Las Vegas Raiders @ New England Patriots,Sun 10/11 01:00 PM ET,6.6,6.6,7.59,1.55,3.3,10.27,14.81,5.17,,,,0.0,0.0,0.0,0.0,0.0,3.2,27.06,0.12,0.0,,,,,,,,2026-10-08 10:24 ET
Robert Burke,Model_Burke v1,Riley Patterson,,K,MIA,CIN,Cincinnati Bengals @ Miami Dolphins,Sun 10/11 01:00 PM ET,6.46,6.46,6.46,2.26,4.2,8.73,10.99,3.23,,,,,,,,,,,,,1.48,0.38,1.57,,,,,2026-10-08 10:24 ET
Robert Burke,Model_Burke v1,Kalif Raymond,00-0032464,WR,CHI,GB,Chicago Bears @ Green Bay Packers,Sun 10/11 01:00 PM ET,6.27,6.27,7.52,0.91,3.09,11.54,16.06,6.26,,,-0.8 with Caleb Williams out,0.0,0.0,0.0,0.21,0.0,2.74,27.65,0.12,0.0,,,,,,,,2026-10-08 10:24 ET
Robert Burke,Model_Burke v1,Xavier Hutchinson,00-0038618,WR,HOU,TEN,Houston Texans @ Tennessee Titans,Sun 10/11 01:00 PM ET,6.17,6.17,7.24,1.01,3.16,10.21,14.35,5.22,,,,0.0,0.0,0.0,0.65,0.0,2.35,31.05,0.11,0.0,,,,,,,,2026-10-08 10:24 ET
Robert Burke,Model_Burke v1,Malachi Fields,00-0041042,WR,NYG,WAS,New York Giants @ Washington Commanders,Sun 10/11 01:00 PM ET,6.03,6.03,7.05,0.8,2.86,9.71,13.76,5.07,,,,0.0,0.0,0.0,0.14,0.0,2.15,29.49,0.15,0.0,,,,,,,,2026-10-08 10:24 ET
Robert Burke,Model_Burke v1,Chris Bell,00-0041525,WR,MIA,CIN,Cincinnati Bengals @ Miami Dolphins,Sun 10/11 01:00 PM ET,5.95,5.95,7.03,0.76,2.9,9.84,14.03,5.14,,Q,,0.0,0.0,0.0,0.37,0.0,2.17,32.32,0.09,0.0,,,,,,,,2026-10-08 10:24 ET
Robert Burke,Model_Burke v1,Raiders,,DST,LV,NE,Las Vegas Raiders @ New England Patriots,Sun 10/11 01:00 PM ET,5.92,5.92,5.92,2.07,3.85,7.99,10.06,2.96,,,,,,,,,,,,,,,,2.69,0.79,0.09,26.5,2026-10-08 10:24 ET
Robert Burke,Model_Burke v1,Carson Wentz,00-0032950,QB,MIN,NO,Minnesota Vikings @ New Orleans Saints,Sun 10/11 01:00 PM ET,5.81,5.81,7.27,-0.75,3.2,11.47,16.84,6.12,,,,78.22,0.76,0.23,1.05,0.0,0.0,0.0,0.0,0.0,,,,,,,,2026-10-08 10:24 ET
Robert Burke,Model_Burke v1,Tyjae Spears,00-0039032,RB,TEN,HOU,Houston Texans @ Tennessee Titans,Sun 10/11 01:00 PM ET,5.7,5.7,7.14,1.49,3.29,9.53,14.25,4.63,,,,0.0,0.0,0.0,19.82,0.08,1.81,12.49,0.03,0.0,,,,,,,,2026-10-08 10:24 ET
Robert Burke,Model_Burke v1,Demario Douglas,00-0038621,WR,NE,LV,Las Vegas Raiders @ New England Patriots,Sun 10/11 01:00 PM ET,5.56,5.56,6.94,0.4,2.5,9.86,14.4,5.45,,,,0.0,0.0,0.0,0.34,0.0,2.17,27.05,0.11,0.0,,,,,,,,2026-10-08 10:24 ET
Robert Burke,Model_Burke v1,Greg Dulcich,00-0037252,TE,MIA,CIN,Cincinnati Bengals @ Miami Dolphins,Sun 10/11 01:00 PM ET,5.5,5.5,6.43,0.76,2.45,8.98,13.53,4.84,,,,0.0,0.0,0.0,-0.11,0.0,2.31,27.48,0.09,0.06,,,,,,,,2026-10-08 10:24 ET
Robert Burke,Model_Burke v1,Bears,,DST,CHI,GB,Chicago Bears @ Green Bay Packers,Sun 10/11 01:00 PM ET,5.43,5.43,5.43,1.9,3.53,7.33,9.23,2.71,,,,,,,,,,,,,,,,2.05,0.86,0.12,26.2,2026-10-08 10:24 ET
Robert Burke,Model_Burke v1,Jaylen Wright,00-0039874,RB,MIA,CIN,Cincinnati Bengals @ Miami Dolphins,Sun 10/11 01:00 PM ET,5.35,5.35,6.87,1.59,2.99,9.36,13.51,4.73,,,,0.0,0.0,0.0,28.35,0.16,0.86,6.75,0.02,0.06,,,,,,,,2026-10-08 10:24 ET
Robert Burke,Model_Burke v1,Kayshon Boutte,00-0038608,WR,HOU,TEN,Houston Texans @ Tennessee Titans,Sun 10/11 01:00 PM ET,5.31,5.31,6.68,0.19,2.48,9.51,14.46,5.2,,,,0.0,0.0,0.0,0.0,0.0,1.97,26.23,0.12,0.0,,,,,,,,2026-10-08 10:24 ET
Robert Burke,Model_Burke v1,Packers,,DST,GB,CHI,Chicago Bears @ Green Bay Packers,Sun 10/11 01:00 PM ET,5.26,5.26,5.26,1.84,3.42,7.1,8.94,2.63,,,,,,,,,,,,,,,,1.68,0.75,0.07,23.2,2026-10-08 10:24 ET
Robert Burke,Model_Burke v1,Titans,,DST,TEN,HOU,Houston Texans @ Tennessee Titans,Sun 10/11 01:00 PM ET,5.18,5.18,5.18,1.81,3.37,7.0,8.81,2.59,,,,,,,,,,,,,,,,2.18,0.38,0.09,23.5,2026-10-08 10:24 ET
Robert Burke,Model_Burke v1,Giants,,DST,NYG,WAS,New York Giants @ Washington Commanders,Sun 10/11 01:00 PM ET,5.03,5.03,5.03,1.76,3.27,6.79,8.55,2.51,,,,,,,,,,,,,,,,1.68,0.72,0.13,25.5,2026-10-08 10:24 ET
Robert Burke,Model_Burke v1,Rico Dowdle,00-0036139,RB,PIT,IND,Indianapolis Colts @ Pittsburgh Steelers,Sun 10/11 01:00 PM ET,4.78,4.78,6.14,1.49,2.78,8.65,12.33,4.34,Q,Q,,0.0,0.0,0.0,24.77,0.08,0.95,7.68,0.03,0.04,,,,,,,,2026-10-08 10:24 ET
Robert Burke,Model_Burke v1,Rachaad White,00-0037256,RB,WAS,NYG,New York Giants @ Washington Commanders,Sun 10/11 01:00 PM ET,4.67,4.67,6.0,1.55,2.79,8.6,12.04,4.31,Q,Q,,0.0,0.0,0.0,21.2,0.04,1.23,7.9,0.05,0.0,,,,,,,,2026-10-08 10:24 ET
Robert Burke,Model_Burke v1,Raheim Sanders,00-0040466,RB,CLE,NYJ,Cleveland Browns @ New York Jets,Sun 10/11 01:00 PM ET,4.67,4.67,6.04,1.52,2.75,8.62,12.18,4.35,,,,0.0,0.0,0.0,11.14,0.09,1.62,11.43,0.04,0.0,,,,,,,,2026-10-08 10:24 ET
Robert Burke,Model_Burke v1,Antonio Williams,00-0041040,WR,WAS,NYG,New York Giants @ Washington Commanders,Sun 10/11 01:00 PM ET,4.57,4.57,6.12,0.31,2.2,8.49,13.92,4.66,,,,0.0,0.0,0.0,0.39,0.0,1.78,21.39,0.11,0.03,,,,,,,,2026-10-08 10:24 ET
Robert Burke,Model_Burke v1,Mack Hollins,00-0033555,WR,NE,LV,Las Vegas Raiders @ New England Patriots,Sun 10/11 01:00 PM ET,4.52,4.52,5.9,0.0,1.43,8.79,13.33,5.45,Q,Q,DNP practice: x0.85,0.0,0.0,0.0,0.04,0.0,1.67,22.91,0.09,0.0,,,,,,,,2026-10-08 10:24 ET
Robert Burke,Model_Burke v1,Caleb Douglas,00-0041523,WR,MIA,CIN,Cincinnati Bengals @ Miami Dolphins,Sun 10/11 01:00 PM ET,4.48,4.48,5.88,0.0,1.3,8.79,13.56,5.55,Q,Q,DNP practice: x0.85,0.0,0.0,0.0,0.3,0.02,1.63,22.34,0.09,0.02,,,,,,,,2026-10-08 10:24 ET
Robert Burke,Model_Burke v1,Gunnar Helm,00-0040584,TE,TEN,HOU,Houston Texans @ Tennessee Titans,Sun 10/11 01:00 PM ET,4.46,4.46,5.89,0.56,2.23,8.34,12.46,4.52,,,,0.0,0.0,0.0,0.0,0.0,2.19,18.33,0.07,0.0,,,,,,,,2026-10-08 10:24 ET
Robert Burke,Model_Burke v1,Dohnte Meyers,00-0040785,WR,CIN,MIA,Cincinnati Bengals @ Miami Dolphins,Sun 10/11 01:00 PM ET,4.45,4.45,6.04,0.27,2.02,8.62,13.98,4.89,,,,0.0,0.0,0.0,0.61,0.0,1.82,22.2,0.08,0.08,,,,,,,,2026-10-08 10:24 ET
Robert Burke,Model_Burke v1,Chigoziem Okonkwo,,TE,WAS,NYG,New York Giants @ Washington Commanders,Sun 10/11 01:00 PM ET,4.43,4.43,5.85,0.69,2.26,8.01,12.27,4.26,,,,0.0,0.0,0.0,0.0,0.0,1.88,19.05,0.11,0.0,,,,,,,,2026-10-08 10:24 ET
Robert Burke,Model_Burke v1,Darnell Washington,00-0038558,TE,PIT,IND,Indianapolis Colts @ Pittsburgh Steelers,Sun 10/11 01:00 PM ET,4.4,4.4,5.8,0.57,2.14,8.07,12.32,4.39,,,,0.0,0.0,0.0,0.03,0.0,1.79,19.68,0.11,0.02,,,,,,,,2026-10-08 10:24 ET
Robert Burke,Model_Burke v1,Jaylin Noel,00-0040138,WR,HOU,TEN,Houston Texans @ Tennessee Titans,Sun 10/11 01:00 PM ET,4.13,4.13,5.91,0.04,1.71,7.93,15.18,4.61,,,,0.0,0.0,0.0,1.93,0.0,1.47,21.25,0.06,0.0,,,,,,,,2026-10-08 10:24 ET
Robert Burke,Model_Burke v1,Jalen Nailor,00-0037291,WR,LV,NE,Las Vegas Raiders @ New England Patriots,Sun 10/11 01:00 PM ET,3.94,3.94,5.7,0.06,1.68,7.31,14.8,4.17,Q,Q,,0.0,0.0,0.0,0.08,0.0,1.43,18.77,0.1,0.0,,,,,,,,2026-10-08 10:24 ET
Robert Burke,Model_Burke v1,Laquon Treadwell,00-0032951,WR,IND,PIT,Indianapolis Colts @ Pittsburgh Steelers,Sun 10/11 01:00 PM ET,3.94,3.94,4.92,0.89,2.13,6.67,9.92,3.36,,,,0.0,0.0,0.0,0.02,0.0,1.54,21.07,0.05,0.0,,,,,,,,2026-10-08 10:24 ET
Robert Burke,Model_Burke v1,Noah Fant,00-0035644,TE,NO,MIN,Minnesota Vikings @ New Orleans Saints,Sun 10/11 01:00 PM ET,3.93,3.93,5.52,0.43,1.83,7.75,12.19,4.39,Q,Q,,0.0,0.0,0.0,0.24,0.0,1.64,14.83,0.15,0.05,,,,,,,,2026-10-08 10:24 ET
Robert Burke,Model_Burke v1,Kaleb Johnson,00-0040142,RB,GB,CHI,Chicago Bears @ Green Bay Packers,Sun 10/11 01:00 PM ET,3.88,3.88,5.64,1.05,2.1,7.99,12.26,4.37,,,,0.0,0.0,0.0,27.25,0.09,0.48,3.6,0.0,0.12,,,,,,,,2026-10-08 10:24 ET
Robert Burke,Model_Burke v1,Elic Ayomanor,00-0040170,WR,TEN,HOU,Houston Texans @ Tennessee Titans,Sun 10/11 01:00 PM ET,3.78,3.78,5.22,0.49,1.87,6.64,11.76,3.53,,,,0.0,0.0,0.0,0.0,0.0,1.28,20.2,0.08,0.0,,,,,,,,2026-10-08 10:24 ET
Robert Burke,Model_Burke v1,Jerry Jeudy,00-0036407,WR,CLE,NYJ,Cleveland Browns @ New York Jets,Sun 10/11 01:00 PM ET,3.78,3.78,5.39,0.34,1.74,7.42,12.79,4.2,,,,0.0,0.0,0.0,0.06,0.0,1.58,18.5,0.06,0.0,,,,,,,,2026-10-08 10:24 ET
Robert Burke,Model_Burke v1,Kevin Coleman,00-0041529,WR,MIA,CIN,Cincinnati Bengals @ Miami Dolphins,Sun 10/11 01:00 PM ET,3.75,3.75,5.25,0.45,1.83,6.87,11.85,3.73,,,,0.0,0.0,0.0,0.38,0.0,1.57,19.02,0.04,0.0,,,,,,,,2026-10-08 10:24 ET
Robert Burke,Model_Burke v1,Darnell Mooney,00-0036309,WR,NYG,WAS,New York Giants @ Washington Commanders,Sun 10/11 01:00 PM ET,3.71,3.71,5.3,0.39,1.78,6.97,12.02,3.85,,,,0.0,0.0,0.0,0.51,0.0,1.34,20.44,0.05,0.0,,,,,,,,2026-10-08 10:24 ET
Robert Burke,Model_Burke v1,Isaiah Davis,00-0039798,RB,NYJ,CLE,Cleveland Browns @ New York Jets,Sun 10/11 01:00 PM ET,3.7,3.7,5.64,0.91,1.94,7.69,13.31,4.26,,,+0.6 with Breece Hall out,0.0,0.0,0.0,18.91,0.07,0.75,6.11,0.0,0.0,,,,,,,,2026-10-08 10:24 ET
Robert Burke,Model_Burke v1,Kendre Miller,00-0038551,RB,NO,MIN,Minnesota Vikings @ New Orleans Saints,Sun 10/11 01:00 PM ET,3.69,3.69,5.37,0.74,1.86,7.72,12.14,4.34,,,,0.0,0.0,0.0,20.0,0.1,0.71,5.03,0.0,0.07,,,,,,,,2026-10-08 10:24 ET
Robert Burke,Model_Burke v1,Theo Johnson,00-0039847,TE,NYG,WAS,New York Giants @ Washington Commanders,Sun 10/11 01:00 PM ET,3.39,3.39,4.6,0.43,1.5,6.68,10.23,3.83,,,,0.0,0.0,0.0,0.0,0.0,1.22,15.54,0.1,0.0,,,,,,,,2026-10-08 10:24 ET
Robert Burke,Model_Burke v1,Samaje Perine,00-0033526,RB,CIN,MIA,Cincinnati Bengals @ Miami Dolphins,Sun 10/11 01:00 PM ET,3.33,3.33,5.28,0.72,1.83,7.44,12.12,4.16,,,,0.0,0.0,0.0,12.79,0.06,0.85,7.68,0.02,0.04,,,,,,,,2026-10-08 10:24 ET
Robert Burke,Model_Burke v1,Jauan Jennings,00-0036259,WR,MIN,NO,Minnesota Vikings @ New Orleans Saints,Sun 10/11 01:00 PM ET,3.3,3.3,4.37,0.01,1.16,5.94,9.91,3.54,,,,0.0,0.0,0.0,0.02,0.0,1.21,13.35,0.12,0.0,,,,,,,,2026-10-08 10:24 ET
Robert Burke,Model_Burke v1,Kyle Williams,00-0040131,WR,NE,LV,Las Vegas Raiders @ New England Patriots,Sun 10/11 01:00 PM ET,3.16,3.16,4.33,0.0,1.11,6.42,9.91,3.94,,,,0.0,0.0,0.0,0.06,0.0,1.05,17.38,0.06,0.0,,,,,,,,2026-10-08 10:24 ET
Robert Burke,Model_Burke v1,Mike Washington Jr.,00-0040878,RB,LV,NE,Las Vegas Raiders @ New England Patriots,Sun 10/11 01:00 PM ET,3.15,3.15,5.12,0.49,1.59,7.43,12.04,4.33,,,,0.0,0.0,0.0,16.82,0.11,0.47,2.82,0.01,0.02,,,,,,,,2026-10-08 10:24 ET
Robert Burke,Model_Burke v1,Efton Chism,00-0040563,WR,NE,LV,Las Vegas Raiders @ New England Patriots,Sun 10/11 01:00 PM ET,3.0,3.0,4.3,0.0,0.98,6.26,10.2,3.91,,,,0.0,0.0,0.0,0.11,0.0,1.05,14.79,0.08,0.0,,,,,,,,2026-10-08 10:24 ET
Robert Burke,Model_Burke v1,Mason Taylor,00-0040736,TE,NYJ,CLE,Cleveland Browns @ New York Jets,Sun 10/11 01:00 PM ET,2.96,2.96,4.33,0.27,1.54,6.33,9.97,3.54,Q,,,0.0,0.0,0.0,0.0,0.0,1.42,11.38,0.07,0.0,,,,,,,,2026-10-08 10:24 ET
Robert Burke,Model_Burke v1,Jeremy Ruckert,00-0037805,TE,NYJ,CLE,Cleveland Browns @ New York Jets,Sun 10/11 01:00 PM ET,2.93,2.93,4.36,0.24,1.5,6.42,9.98,3.65,,,,0.0,0.0,0.0,0.0,0.0,1.26,9.97,0.11,0.0,,,,,,,,2026-10-08 10:24 ET
Robert Burke,Model_Burke v1,Skyy Moore,00-0038090,WR,GB,CHI,Chicago Bears @ Green Bay Packers,Sun 10/11 01:00 PM ET,2.85,2.85,4.21,0.0,0.89,5.89,10.61,3.71,,,,0.0,0.0,0.0,0.37,0.0,1.23,12.79,0.05,0.0,,,,,,,,2026-10-08 10:24 ET
Robert Burke,Model_Burke v1,Eli Raridon,00-0041395,TE,NE,LV,Las Vegas Raiders @ New England Patriots,Sun 10/11 01:00 PM ET,2.85,2.85,4.12,0.38,1.63,5.99,9.54,3.23,Q,,,0.0,0.0,0.0,0.0,0.0,1.07,12.31,0.09,0.0,,,,,,,,2026-10-08 10:24 ET
Robert Burke,Model_Burke v1,Najee Harris,00-0036893,RB,NYG,WAS,New York Giants @ Washington Commanders,Sun 10/11 01:00 PM ET,2.74,2.74,4.49,0.16,0.91,6.32,11.21,4.01,,,DNP practice: x0.94,0.0,0.0,0.0,18.24,0.09,0.24,1.95,0.01,0.06,,,,,,,,2026-10-08 10:24 ET
Robert Burke,Model_Burke v1,Bryce Lance,00-0041067,WR,NO,MIN,Minnesota Vikings @ New Orleans Saints,Sun 10/11 01:00 PM ET,2.73,2.73,4.14,0.0,0.82,5.96,11.13,3.81,,,,0.0,0.0,0.0,0.07,0.0,1.18,13.48,0.04,0.02,,,,,,,,2026-10-08 10:24 ET
Robert Burke,Model_Burke v1,Cody White,00-0035891,WR,LV,NE,Las Vegas Raiders @ New England Patriots,Sun 10/11 01:00 PM ET,2.73,2.73,4.14,0.0,0.79,6.01,11.35,3.87,,Q,,0.0,0.0,0.0,0.0,0.0,0.9,11.97,0.11,0.0,,,,,,,,2026-10-08 10:24 ET
Robert Burke,Model_Burke v1,Calvin Ridley,00-0034837,WR,TEN,HOU,Houston Texans @ Tennessee Titans,Sun 10/11 01:00 PM ET,2.66,2.66,4.07,0.0,0.82,5.8,10.25,3.68,,,,0.0,0.0,0.0,0.0,0.0,0.94,14.04,0.05,0.0,,,,,,,,2026-10-08 10:24 ET
Robert Burke,Model_Burke v1,Chris Brooks,00-0038685,RB,GB,CHI,Chicago Bears @ Green Bay Packers,Sun 10/11 01:00 PM ET,2.62,2.62,4.04,0.15,0.91,5.58,10.1,3.46,Q,Q,DNP practice: x0.94,0.0,0.0,0.0,13.53,0.05,0.54,3.95,0.01,0.0,,,,,,,,2026-10-08 10:24 ET
Robert Burke,Model_Burke v1,Daniel Bellinger,00-0038115,TE,TEN,HOU,Houston Texans @ Tennessee Titans,Sun 10/11 01:00 PM ET,2.47,2.47,3.68,0.27,1.3,5.2,8.9,2.89,,,,0.0,0.0,0.0,0.0,0.0,1.03,10.2,0.07,0.0,,,,,,,,2026-10-08 10:24 ET
Robert Burke,Model_Burke v1,Jonnu Smith,00-0033858,TE,GB,CHI,Chicago Bears @ Green Bay Packers,Sun 10/11 01:00 PM ET,2.46,2.46,3.61,0.3,1.19,5.02,8.91,2.84,,,,0.0,0.0,0.0,0.63,0.0,1.04,10.62,0.05,0.0,,,,,,,,2026-10-08 10:24 ET
Robert Burke,Model_Burke v1,Foster Moreau,00-0034981,TE,HOU,TEN,Houston Texans @ Tennessee Titans,Sun 10/11 01:00 PM ET,2.44,2.44,3.58,0.26,1.21,4.89,8.83,2.72,,,,0.0,0.0,0.0,0.02,0.0,0.96,9.3,0.09,0.0,,,,,,,,2026-10-08 10:24 ET
Robert Burke,Model_Burke v1,Cole Kmet,00-0036290,TE,CHI,GB,Chicago Bears @ Green Bay Packers,Sun 10/11 01:00 PM ET,2.28,2.28,3.49,0.04,1.17,5.01,8.68,2.84,,,-0.3 with Caleb Williams out,0.0,0.0,0.0,0.02,0.0,0.91,8.86,0.08,0.0,,,,,,,,2026-10-08 10:24 ET
Robert Burke,Model_Burke v1,Germie Bernard,00-0041489,WR,PIT,IND,Indianapolis Colts @ Pittsburgh Steelers,Sun 10/11 01:00 PM ET,2.12,2.12,3.74,0.0,0.18,5.59,9.94,4.01,,,,0.0,0.0,0.0,0.1,0.0,0.89,9.54,0.04,0.0,,,,,,,,2026-10-08 10:24 ET
Robert Burke,Model_Burke v1,Austin Ekeler,00-0033699,RB,WAS,NYG,New York Giants @ Washington Commanders,Sun 10/11 01:00 PM ET,2.1,2.1,3.61,0.0,0.53,5.43,10.34,3.63,,,,0.0,0.0,0.0,8.67,0.05,0.55,4.47,0.0,0.02,,,,,,,,2026-10-08 10:24 ET
Robert Burke,Model_Burke v1,Colbie Young,00-0041069,WR,CIN,MIA,Cincinnati Bengals @ Miami Dolphins,Sun 10/11 01:00 PM ET,2.09,2.09,3.55,0.0,0.29,5.21,9.1,3.65,Q,Q,,0.0,0.0,0.0,0.1,0.0,0.8,10.04,0.05,0.02,,,,,,,,2026-10-08 10:24 ET
Robert Burke,Model_Burke v1,Treylon Burks,00-0037742,WR,WAS,NYG,New York Giants @ Washington Commanders,Sun 10/11 01:00 PM ET,2.05,2.05,3.51,0.0,0.2,5.27,8.99,3.75,,,,0.0,0.0,0.0,0.06,0.0,0.6,9.42,0.08,0.0,,,,,,,,2026-10-08 10:24 ET
Robert Burke,Model_Burke v1,Dyami Brown,00-0036626,WR,WAS,NYG,New York Giants @ Washington Commanders,Sun 10/11 01:00 PM ET,1.97,1.97,3.2,0.05,0.36,4.37,8.55,2.97,,,,0.0,0.0,0.0,0.9,0.01,0.84,8.83,0.04,0.06,,,,,,,,2026-10-08 10:24 ET
Robert Burke,Model_Burke v1,Drew Sample,00-0035631,TE,CIN,MIA,Cincinnati Bengals @ Miami Dolphins,Sun 10/11 01:00 PM ET,1.84,1.84,2.9,0.0,0.89,4.05,7.43,2.34,,,,0.0,0.0,0.0,0.0,0.0,0.9,6.5,0.05,0.0,,,,,,,,2026-10-08 10:24 ET
Robert Burke,Model_Burke v1,Tanner Hudson,00-0034613,TE,CIN,MIA,Cincinnati Bengals @ Miami Dolphins,Sun 10/11 01:00 PM ET,1.83,1.83,2.94,0.0,0.88,4.12,7.53,2.4,,,,0.0,0.0,0.0,0.0,0.0,0.76,6.97,0.06,0.0,,,,,,,,2026-10-08 10:24 ET
Robert Burke,Model_Burke v1,CJ Donaldson,00-0041326,RB,NO,MIN,Minnesota Vikings @ New Orleans Saints,Sun 10/11 01:00 PM ET,1.76,1.76,3.01,0.0,0.34,4.33,9.29,2.96,,,,0.0,0.0,0.0,6.41,0.05,0.45,3.4,0.0,0.0,,,,,,,,2026-10-08 10:24 ET
Robert Burke,Model_Burke v1,John Bates,00-0036628,TE,WAS,NYG,New York Giants @ Washington Commanders,Sun 10/11 01:00 PM ET,1.72,1.72,2.72,0.0,0.23,3.75,7.12,2.61,,,,0.0,0.0,0.0,0.0,0.0,0.72,6.9,0.05,0.0,,,,,,,,2026-10-08 10:24 ET
Robert Burke,Model_Burke v1,Devin Singletary,00-0035250,RB,NYG,WAS,New York Giants @ Washington Commanders,Sun 10/11 01:00 PM ET,1.68,1.68,3.1,0.0,0.25,4.46,9.46,3.12,,,,0.0,0.0,0.0,5.84,0.06,0.24,2.03,0.05,0.0,,,,,,,,2026-10-08 10:24 ET
Robert Burke,Model_Burke v1,Erick All,00-0039814,TE,CIN,MIA,Cincinnati Bengals @ Miami Dolphins,Sun 10/11 01:00 PM ET,1.68,1.68,2.8,0.0,0.05,3.92,7.27,2.87,,,,0.0,0.0,0.0,0.02,0.0,0.78,6.17,0.05,0.0,,,,,,,,2026-10-08 10:24 ET
Robert Burke,Model_Burke v1,Tyrone Tracy,00-0039384,RB,NYG,WAS,New York Giants @ Washington Commanders,Sun 10/11 01:00 PM ET,1.66,1.66,2.48,0.01,0.4,3.32,6.35,2.16,,,,0.0,0.0,0.0,7.87,0.02,0.38,2.78,0.01,0.0,,,,,,,,2026-10-08 10:24 ET
Robert Burke,Model_Burke v1,Jalen Tolbert,00-0037666,WR,MIA,CIN,Cincinnati Bengals @ Miami Dolphins,Sun 10/11 01:00 PM ET,1.66,1.66,2.87,0.0,0.12,4.02,8.12,2.89,,,,0.0,0.0,0.0,0.0,0.0,0.65,8.11,0.03,0.0,,,,,,,,2026-10-08 10:24 ET
Robert Burke,Model_Burke v1,Luke McCaffrey,00-0039355,WR,WAS,NYG,New York Giants @ Washington Commanders,Sun 10/11 01:00 PM ET,1.66,1.66,2.86,0.0,0.16,4.03,8.08,2.87,,,,0.0,0.0,0.0,0.0,0.0,0.61,7.35,0.05,0.0,,,,,,,,2026-10-08 10:24 ET
Robert Burke,Model_Burke v1,Will Kacmarek,00-0041524,TE,MIA,CIN,Cincinnati Bengals @ Miami Dolphins,Sun 10/11 01:00 PM ET,1.66,1.66,2.81,0.0,0.04,3.94,7.31,2.89,,,,0.0,0.0,0.0,0.0,0.0,0.73,7.32,0.04,0.02,,,,,,,,2026-10-08 10:24 ET
Robert Burke,Model_Burke v1,Chimere Dike,00-0040705,WR,TEN,HOU,Houston Texans @ Tennessee Titans,Sun 10/11 01:00 PM ET,1.64,1.64,2.86,0.0,0.16,4.03,8.08,2.87,,,,0.0,0.0,0.0,0.12,0.0,0.68,6.41,0.05,0.0,,,,,,,,2026-10-08 10:24 ET
Robert Burke,Model_Burke v1,Seth McGowan,00-0041125,RB,IND,PIT,Indianapolis Colts @ Pittsburgh Steelers,Sun 10/11 01:00 PM ET,1.62,1.62,2.68,0.0,0.36,3.43,7.89,2.28,,,,0.0,0.0,0.0,8.75,0.05,0.24,2.17,0.0,0.0,,,,,,,,2026-10-08 10:24 ET
Robert Burke,Model_Burke v1,DeeJay Dallas,00-0036425,RB,MIN,NO,Minnesota Vikings @ New Orleans Saints,Sun 10/11 01:00 PM ET,1.61,1.61,2.4,0.0,0.4,3.19,5.95,2.07,,,,0.0,0.0,0.0,7.41,0.02,0.42,3.06,0.0,0.0,,,,,,,,2026-10-08 10:24 ET
Robert Burke,Model_Burke v1,Roschon Johnson,00-0039021,RB,CHI,GB,Chicago Bears @ Green Bay Packers,Sun 10/11 01:00 PM ET,1.57,1.57,2.35,0.0,0.33,3.13,6.06,2.08,,,-0.1 with Caleb Williams out,0.0,0.0,0.0,5.61,0.05,0.42,2.32,0.0,0.0,,,,,,,,2026-10-08 10:24 ET
Robert Burke,Model_Burke v1,Ian Thomas,00-0034365,TE,LV,NE,Las Vegas Raiders @ New England Patriots,Sun 10/11 01:00 PM ET,1.57,1.57,2.38,0.0,0.14,3.2,6.21,2.27,,,,0.0,0.0,0.0,0.0,0.0,0.6,5.83,0.06,0.0,,,,,,,,2026-10-08 10:24 ET
Robert Burke,Model_Burke v1,Blake Whiteheart,00-0038710,TE,CLE,NYJ,Cleveland Browns @ New York Jets,Sun 10/11 01:00 PM ET,1.57,1.57,2.62,0.0,0.09,3.57,6.99,2.57,,,,0.0,0.0,0.0,0.0,0.0,0.57,5.25,0.08,0.0,,,,,,,,2026-10-08 10:24 ET
Robert Burke,Model_Burke v1,Ashton Dulin,00-0035021,WR,IND,PIT,Indianapolis Colts @ Pittsburgh Steelers,Sun 10/11 01:00 PM ET,1.56,1.56,2.89,0.0,0.0,3.84,8.44,2.85,,Q,DNP practice: x0.85,0.0,0.0,0.0,0.52,0.0,0.54,8.0,0.03,0.0,,,,,,,,2026-10-08 10:24 ET
Robert Burke,Model_Burke v1,Demond Claiborne,00-0041104,RB,MIN,NO,Minnesota Vikings @ New Orleans Saints,Sun 10/11 01:00 PM ET,1.54,1.54,2.37,0.0,0.39,3.11,5.92,2.02,,,,0.0,0.0,0.0,8.09,0.05,0.24,1.9,0.0,0.0,,,,,,,,2026-10-08 10:24 ET
Robert Burke,Model_Burke v1,Connor Heyward,00-0037304,TE,LV,NE,Las Vegas Raiders @ New England Patriots,Sun 10/11 01:00 PM ET,1.54,1.54,2.32,0.0,0.15,3.08,6.16,2.17,,,,0.0,0.0,0.0,0.26,0.03,0.55,4.04,0.07,0.0,,,,,,,,2026-10-08 10:24 ET
Robert Burke,Model_Burke v1,Jaleel McLaughlin,00-0038794,RB,CLE,NYJ,Cleveland Browns @ New York Jets,Sun 10/11 01:00 PM ET,1.53,1.53,2.33,0.0,0.4,3.08,5.71,1.99,,,,0.0,0.0,0.0,9.06,0.04,0.23,1.34,0.0,0.0,,,,,,,,2026-10-08 10:24 ET
Robert Burke,Model_Burke v1,Ben Skowronek,00-0036862,WR,PIT,IND,Indianapolis Colts @ Pittsburgh Steelers,Sun 10/11 01:00 PM ET,1.49,1.49,2.68,0.1,0.34,3.61,7.59,2.42,,,,0.0,0.0,0.0,0.0,0.0,0.48,6.19,0.07,0.0,,,,,,,,2026-10-08 10:24 ET
Robert Burke,Model_Burke v1,Kaytron Allen,00-0041096,RB,WAS,NYG,New York Giants @ Washington Commanders,Sun 10/11 01:00 PM ET,1.48,1.48,2.26,0.0,0.43,3.08,5.63,1.97,,,,0.0,0.0,0.0,9.85,0.06,0.08,0.5,0.0,0.0,,,,,,,,2026-10-08 10:24 ET
Robert Burke,Model_Burke v1,Darius Slayton,00-0035535,WR,IND,PIT,Indianapolis Colts @ Pittsburgh Steelers,Sun 10/11 01:00 PM ET,1.48,1.48,2.56,0.0,0.19,3.61,7.25,2.54,,,,0.0,0.0,0.0,0.1,0.0,0.48,7.83,0.03,0.0,,,,,,,,2026-10-08 10:24 ET
Robert Burke,Model_Burke v1,Isaiah Bond,00-0040782,WR,CLE,NYJ,Cleveland Browns @ New York Jets,Sun 10/11 01:00 PM ET,1.46,1.46,2.67,0.06,0.31,3.61,7.55,2.44,,,,0.0,0.0,0.0,0.64,0.0,0.47,7.47,0.03,0.0,,,,,,,,2026-10-08 10:24 ET
Robert Burke,Model_Burke v1,Gavin Bartholomew,00-0040215,TE,MIN,NO,Minnesota Vikings @ New Orleans Saints,Sun 10/11 01:00 PM ET,1.45,1.45,2.27,0.0,0.01,3.09,6.1,2.28,,,,0.0,0.0,0.0,0.0,0.0,0.55,5.2,0.06,0.0,,,,,,,,2026-10-08 10:24 ET
Robert Burke,Model_Burke v1,Josh Whyle,00-0038589,TE,GB,CHI,Chicago Bears @ Green Bay Packers,Sun 10/11 01:00 PM ET,1.43,1.43,2.13,0.0,0.13,2.58,5.92,1.81,,,,0.0,0.0,0.0,0.0,0.0,0.5,5.16,0.07,0.0,,,,,,,,2026-10-08 10:24 ET
Robert Burke,Model_Burke v1,Andrew Ogletree,00-0037292,TE,IND,PIT,Indianapolis Colts @ Pittsburgh Steelers,Sun 10/11 01:00 PM ET,1.36,1.36,2.04,0.0,0.08,2.44,5.52,1.75,,,,0.0,0.0,0.0,0.0,0.0,0.47,5.08,0.06,0.0,,,,,,,,2026-10-08 10:24 ET
Robert Burke,Model_Burke v1,Ben Sinnott,00-0039912,TE,WAS,NYG,New York Giants @ Washington Commanders,Sun 10/11 01:00 PM ET,1.34,1.34,2.01,0.0,0.04,2.4,6.34,1.75,,Q,,0.0,0.0,0.0,0.0,0.0,0.61,5.36,0.03,0.0,,,,,,,,2026-10-08 10:24 ET
Robert Burke,Model_Burke v1,Bo Melton,00-0037091,WR,GB,CHI,Chicago Bears @ Green Bay Packers,Sun 10/11 01:00 PM ET,1.32,1.32,2.44,0.0,0.16,3.49,6.99,2.47,,,,0.0,0.0,0.0,0.63,0.0,0.69,5.65,0.0,0.0,,,,,,,,2026-10-08 10:24 ET
Robert Burke,Model_Burke v1,Chris Manhertz,00-0031484,TE,NYG,WAS,New York Giants @ Washington Commanders,Sun 10/11 01:00 PM ET,1.32,1.32,1.98,0.0,0.03,2.36,6.33,1.73,,Q,,0.0,0.0,0.0,0.0,0.0,0.42,4.59,0.07,0.0,,,,,,,,2026-10-08 10:24 ET
Robert Burke,Model_Burke v1,Sam Roush,00-0041558,TE,CHI,GB,Chicago Bears @ Green Bay Packers,Sun 10/11 01:00 PM ET,1.31,1.31,1.99,0.0,0.02,2.45,5.49,1.8,,,-0.1 with Caleb Williams out,0.0,0.0,0.0,0.03,0.0,0.64,5.98,0.01,0.0,,,,,,,,2026-10-08 10:24 ET
Robert Burke,Model_Burke v1,Mo Alie-Cox,00-0033217,TE,IND,PIT,Indianapolis Colts @ Pittsburgh Steelers,Sun 10/11 01:00 PM ET,1.29,1.29,1.84,0.0,0.0,2.24,6.85,1.66,,,,0.0,0.0,0.0,0.0,0.0,0.59,6.42,0.01,0.0,,,,,,,,2026-10-08 10:24 ET
Robert Burke,Model_Burke v1,Cade Stover,00-0039359,TE,HOU,TEN,Houston Texans @ Tennessee Titans,Sun 10/11 01:00 PM ET,1.12,1.12,1.67,0.0,0.0,2.12,6.12,1.57,,,,0.0,0.0,0.0,0.53,0.0,0.56,5.07,0.0,0.0,,,,,,,,2026-10-08 10:24 ET
Robert Burke,Model_Burke v1,Marlin Klein,00-0041472,TE,HOU,TEN,Houston Texans @ Tennessee Titans,Sun 10/11 01:00 PM ET,1.1,1.1,1.63,0.0,0.0,2.05,5.7,1.52,,,,0.0,0.0,0.0,0.0,0.0,0.45,5.0,0.03,0.0,,,,,,,,2026-10-08 10:24 ET
Robert Burke,Model_Burke v1,Colson Yankoff,00-0039686,TE,WAS,NYG,New York Giants @ Washington Commanders,Sun 10/11 01:00 PM ET,1.06,1.06,1.58,0.0,0.0,2.08,5.64,1.54,,,,0.0,0.0,0.0,0.0,0.0,0.5,4.3,0.02,0.0,,,,,,,,2026-10-08 10:24 ET
Robert Burke,Model_Burke v1,Jared Wayne,00-0038728,WR,HOU,TEN,Houston Texans @ Tennessee Titans,Sun 10/11 01:00 PM ET,0.95,0.95,1.99,0.0,0.0,2.86,6.02,2.12,,,,0.0,0.0,0.0,0.0,0.0,0.37,4.42,0.02,0.0,,,,,,,,2026-10-08 10:24 ET
Robert Burke,Model_Burke v1,Jack Endries,,TE,CIN,MIA,Cincinnati Bengals @ Miami Dolphins,Sun 10/11 01:00 PM ET,0.93,0.93,1.49,0.0,0.0,1.97,5.63,1.46,,,,0.0,0.0,0.0,0.0,0.0,0.4,3.27,0.03,0.0,,,,,,,,2026-10-08 10:24 ET
Robert Burke,Model_Burke v1,Robert Tonyan,00-0033757,TE,PIT,IND,Indianapolis Colts @ Pittsburgh Steelers,Sun 10/11 01:00 PM ET,0.89,0.89,1.46,0.0,0.0,1.96,5.48,1.45,,,,0.0,0.0,0.0,0.97,0.0,0.47,2.63,0.01,0.0,,,,,,,,2026-10-08 10:24 ET
Robert Burke,Model_Burke v1,David Martin-Robinson,00-0039648,TE,TEN,HOU,Houston Texans @ Tennessee Titans,Sun 10/11 01:00 PM ET,0.8,0.8,1.41,0.0,0.0,1.88,5.74,1.39,,,,0.0,0.0,0.0,0.0,0.0,0.3,2.01,0.05,0.0,,,,,,,,2026-10-08 10:24 ET
Robert Burke,Model_Burke v1,Malik Benson,00-0040894,WR,LV,NE,Las Vegas Raiders @ New England Patriots,Sun 10/11 01:00 PM ET,0.79,0.79,1.83,0.0,0.0,2.69,5.7,1.99,,,,0.0,0.0,0.0,0.25,0.0,0.31,4.12,0.01,0.0,,,,,,,,2026-10-08 10:24 ET
Robert Burke,Model_Burke v1,Dareke Young,00-0037093,WR,LV,NE,Las Vegas Raiders @ New England Patriots,Sun 10/11 01:00 PM ET,0.79,0.79,1.83,0.0,0.0,2.69,5.7,1.99,,,,0.0,0.0,0.0,-0.13,0.0,0.34,4.04,0.01,0.0,,,,,,,,2026-10-08 10:24 ET
Robert Burke,Model_Burke v1,Oscar Delp,00-0041041,TE,NO,MIN,Minnesota Vikings @ New Orleans Saints,Sun 10/11 01:00 PM ET,0.76,0.76,1.38,0.0,0.0,1.88,5.69,1.39,,,,0.0,0.0,0.0,0.0,0.0,0.44,3.77,0.01,0.05,,,,,,,,2026-10-08 10:24 ET
Robert Burke,Model_Burke v1,Spencer Rattler,00-0039376,QB,NO,MIN,Minnesota Vikings @ New Orleans Saints,Sun 10/11 01:00 PM ET,0.75,0.75,2.3,0.0,0.0,3.23,8.95,2.39,,,,9.39,0.11,0.04,1.05,0.0,0.0,0.0,0.0,0.04,,,,,,,,2026-10-08 10:24 ET
Robert Burke,Model_Burke v1,Thomas Fidone,00-0040225,TE,NYG,WAS,New York Giants @ Washington Commanders,Sun 10/11 01:00 PM ET,0.75,0.75,1.38,0.0,0.0,1.88,5.69,1.39,,,,0.0,0.0,0.0,0.0,0.0,0.35,4.08,0.0,0.0,,,,,,,,2026-10-08 10:24 ET
Robert Burke,Model_Burke v1,Andrew Beck,00-0034959,RB,NYJ,CLE,Cleveland Browns @ New York Jets,Sun 10/11 01:00 PM ET,0.68,0.68,1.52,0.23,0.43,1.78,3.66,1.0,,,+0.2 with Breece Hall out,0.0,0.0,0.0,0.11,0.0,0.19,1.52,0.06,0.0,,,,,,,,2026-10-08 10:24 ET
Robert Burke,Model_Burke v1,J Michael Sturdivant,00-0040948,WR,GB,CHI,Chicago Bears @ Green Bay Packers,Sun 10/11 01:00 PM ET,0.58,0.58,1.78,0.0,0.0,2.47,5.64,1.83,,,,0.0,0.0,0.0,0.33,0.0,0.25,2.32,0.01,0.0,,,,,,,,2026-10-08 10:24 ET
Robert Burke,Model_Burke v1,Malachi Corley,00-0039920,WR,CLE,NYJ,Cleveland Browns @ New York Jets,Sun 10/11 01:00 PM ET,0.57,0.57,1.77,0.0,0.0,2.47,5.64,1.83,,,,0.0,0.0,0.0,1.93,0.01,0.18,1.4,0.0,0.0,,,,,,,,2026-10-08 10:24 ET
Robert Burke,Model_Burke v1,Seydou Traore,,TE,MIA,CIN,Cincinnati Bengals @ Miami Dolphins,Sun 10/11 01:00 PM ET,0.53,0.53,1.17,0.0,0.0,1.69,5.23,1.25,,,,0.0,0.0,0.0,0.0,0.0,0.27,2.56,0.0,0.0,,,,,,,,2026-10-08 10:24 ET
Robert Burke,Model_Burke v1,Tahj Brooks,00-0040208,RB,CIN,MIA,Cincinnati Bengals @ Miami Dolphins,Sun 10/11 01:00 PM ET,0.47,0.47,1.32,0.01,0.22,1.61,3.46,1.03,,,,0.0,0.0,0.0,2.97,0.01,0.08,0.59,0.0,0.0,,,,,,,,2026-10-08 10:24 ET
Robert Burke,Model_Burke v1,Michael Burton,,RB,CLE,NYJ,Cleveland Browns @ New York Jets,Sun 10/11 01:00 PM ET,0.47,0.47,1.35,0.0,0.2,1.61,3.79,1.04,,,,0.0,0.0,0.0,0.62,0.03,0.13,0.82,0.0,0.0,,,,,,,,2026-10-08 10:24 ET
Robert Burke,Model_Burke v1,Dare Ogunbowale,00-0033854,RB,LV,NE,Las Vegas Raiders @ New England Patriots,Sun 10/11 01:00 PM ET,0.47,0.47,1.33,0.0,0.2,1.6,3.73,1.04,,,,0.0,0.0,0.0,1.01,0.02,0.14,1.23,0.0,0.0,,,,,,,,2026-10-08 10:24 ET
Robert Burke,Model_Burke v1,Justin Joly,,TE,MIA,CIN,Cincinnati Bengals @ Miami Dolphins,Sun 10/11 01:00 PM ET,0.47,0.47,1.12,0.0,0.0,1.64,5.18,1.21,,,,0.0,0.0,0.0,0.0,0.0,0.23,2.48,0.0,0.0,,,,,,,,2026-10-08 10:24 ET
Robert Burke,Model_Burke v1,Nicholas Singleton,00-0040886,RB,TEN,HOU,Houston Texans @ Tennessee Titans,Sun 10/11 01:00 PM ET,0.44,0.44,1.29,0.0,0.16,1.56,3.69,1.04,,,,0.0,0.0,0.0,3.05,0.01,0.03,0.23,0.0,0.0,,,,,,,,2026-10-08 10:24 ET
Robert Burke,Model_Burke v1,Kylen Granson,00-0036876,TE,TEN,HOU,Houston Texans @ Tennessee Titans,Sun 10/11 01:00 PM ET,0.44,0.44,1.08,0.0,0.0,1.6,5.14,1.19,,,,0.0,0.0,0.0,0.0,0.0,0.23,2.11,0.0,0.0,,,,,,,,2026-10-08 10:24 ET
Robert Burke,Model_Burke v1,Davis Mills,00-0036898,QB,HOU,TEN,Houston Texans @ Tennessee Titans,Sun 10/11 01:00 PM ET,0.43,0.43,1.98,0.0,0.0,2.91,8.62,2.15,,,,4.87,0.06,0.02,0.47,0.0,0.0,0.0,0.0,0.0,,,,,,,,2026-10-08 10:24 ET
Robert Burke,Model_Burke v1,Audric Estime,,RB,MIN,NO,Minnesota Vikings @ New Orleans Saints,Sun 10/11 01:00 PM ET,0.42,0.42,1.25,0.0,0.13,1.52,3.31,1.03,,,,0.0,0.0,0.0,1.86,0.0,0.12,1.06,0.0,0.0,,,,,,,,2026-10-08 10:24 ET
Robert Burke,Model_Burke v1,Corey Kiner,00-0040556,RB,NE,LV,Las Vegas Raiders @ New England Patriots,Sun 10/11 01:00 PM ET,0.4,0.4,1.28,0.0,0.12,1.54,3.73,1.05,,,,0.0,0.0,0.0,2.8,0.0,0.05,0.46,0.0,0.0,,,,,,,,2026-10-08 10:24 ET
Robert Burke,Model_Burke v1,Dylan Laube,00-0039407,RB,LV,NE,Las Vegas Raiders @ New England Patriots,Sun 10/11 01:00 PM ET,0.37,0.37,1.13,0.0,0.07,1.32,3.17,0.93,,,,0.0,0.0,0.0,2.46,0.01,0.06,0.24,0.0,0.0,,,,,,,,2026-10-08 10:24 ET
Robert Burke,Model_Burke v1,Tyrod Taylor,00-0028118,QB,GB,CHI,Chicago Bears @ Green Bay Packers,Sun 10/11 01:00 PM ET,0.34,0.34,1.89,0.0,0.0,2.82,8.53,2.09,,,,3.75,0.04,0.02,0.54,0.0,0.0,0.0,0.0,0.0,,,,,,,,2026-10-08 10:24 ET
Robert Burke,Model_Burke v1,Travis Homer,00-0035594,RB,PIT,IND,Indianapolis Colts @ Pittsburgh Steelers,Sun 10/11 01:00 PM ET,0.32,0.32,1.11,0.0,0.03,1.34,3.14,0.97,,,,0.0,0.0,0.0,2.36,0.01,0.03,0.23,0.0,0.0,,,,,,,,2026-10-08 10:24 ET
Robert Burke,Model_Burke v1,Carsen Ryan,00-0041131,TE,CLE,NYJ,Cleveland Browns @ New York Jets,Sun 10/11 01:00 PM ET,0.32,0.32,0.96,0.0,0.0,1.48,5.03,1.1,,,,0.0,0.0,0.0,0.0,0.0,0.11,2.12,0.0,0.0,,,,,,,,2026-10-08 10:24 ET
Robert Burke,Model_Burke v1,DJ Giddens,00-0040179,RB,IND,PIT,Indianapolis Colts @ Pittsburgh Steelers,Sun 10/11 01:00 PM ET,0.31,0.31,1.04,0.0,0.01,1.23,3.08,0.9,,,,0.0,0.0,0.0,2.71,0.0,0.03,0.13,0.0,0.0,,,,,,,,2026-10-08 10:24 ET
Robert Burke,Model_Burke v1,Caleb Williams,00-0039918,QB,CHI,GB,Chicago Bears @ Green Bay Packers,Sun 10/11 01:00 PM ET,0.0,0.0,0.0,0.0,0.0,0.0,0.0,0.0,O,OUT,OUT,0.0,0.0,0.0,0.0,0.0,0.0,0.0,0.0,0.0,,,,,,,,2026-10-08 10:24 ET
Robert Burke,Model_Burke v1,Marcus Mariota,00-0032268,QB,WAS,NYG,New York Giants @ Washington Commanders,Sun 10/11 01:00 PM ET,0.0,0.0,0.0,0.0,0.0,0.0,0.0,0.0,D,OUT,OUT,0.0,0.0,0.0,0.0,0.0,0.0,0.0,0.0,0.0,,,,,,,,2026-10-08 10:24 ET
Robert Burke,Model_Burke v1,Breece Hall,00-0038120,RB,NYJ,CLE,Cleveland Browns @ New York Jets,Sun 10/11 01:00 PM ET,0.0,0.0,0.0,0.0,0.0,0.0,0.0,0.0,D,OUT,OUT,0.0,0.0,0.0,0.0,0.0,0.0,0.0,0.0,0.0,,,,,,,,2026-10-08 10:24 ET
Robert Burke,Model_Burke v1,Adonai Mitchell,00-0039890,WR,NYJ,CLE,Cleveland Browns @ New York Jets,Sun 10/11 01:00 PM ET,0.0,0.0,0.0,0.0,0.0,0.0,0.0,0.0,D,OUT,OUT,0.0,0.0,0.0,0.0,0.0,0.0,0.0,0.0,0.0,,,,,,,,2026-10-08 10:24 ET
Robert Burke,Model_Burke v1,Bo Nix,00-0039732,QB,DEN,LAC,Denver Broncos @ Los Angeles Chargers,Sun 10/11 04:05 PM ET,15.66,15.66,15.61,5.98,10.47,20.58,25.12,7.48,,,,226.31,1.44,0.8,16.95,0.16,0.0,0.0,0.0,0.1,,,,,,,,2026-10-08 10:24 ET
Robert Burke,Model_Burke v1,Justin Herbert,00-0036355,QB,LAC,DEN,Denver Broncos @ Los Angeles Chargers,Sun 10/11 04:05 PM ET,14.38,14.38,14.58,5.04,9.33,19.58,23.89,7.59,,,,218.68,1.25,0.86,22.78,0.08,0.0,0.0,0.0,0.2,,,,,,,,2026-10-08 10:24 ET
Robert Burke,Model_Burke v1,Jaylen Waddle,00-0036613,WR,DEN,LAC,Denver Broncos @ Los Angeles Chargers,Sun 10/11 04:05 PM ET,11.67,11.67,13.05,4.55,7.49,17.47,23.14,7.39,,,+0.6 with Pat Bryant out,0.0,0.0,0.0,1.15,0.0,4.18,56.99,0.28,0.0,,,,,,,,2026-10-08 10:24 ET
Robert Burke,Model_Burke v1,RJ Harvey,00-0040730,RB,DEN,LAC,Denver Broncos @ Los Angeles Chargers,Sun 10/11 04:05 PM ET,8.93,8.93,10.5,2.95,5.42,14.76,19.92,6.92,,,,0.0,0.0,0.0,18.78,0.13,3.22,23.99,0.12,0.03,,,,,,,,2026-10-08 10:24 ET
Robert Burke,Model_Burke v1,Cameron Dicker,,K,LAC,DEN,Denver Broncos @ Los Angeles Chargers,Sun 10/11 04:05 PM ET,8.89,8.89,8.89,3.11,5.78,12.01,15.12,4.45,,,,,,,,,,,,,2.02,0.8,1.91,,,,,2026-10-08 10:24 ET
Robert Burke,Model_Burke v1,Omarion Hampton,00-0040666,RB,LAC,DEN,Denver Broncos @ Los Angeles Chargers,Sun 10/11 04:05 PM ET,8.33,8.33,9.83,3.04,5.0,13.51,18.68,6.31,,,,0.0,0.0,0.0,43.87,0.3,1.26,8.12,0.06,0.14,,,,,,,,2026-10-08 10:24 ET
Robert Burke,Model_Burke v1,J.K. Dobbins,00-0036158,RB,DEN,LAC,Denver Broncos @ Los Angeles Chargers,Sun 10/11 04:05 PM ET,8.32,8.32,9.81,3.03,4.99,13.5,18.66,6.31,,,,0.0,0.0,0.0,54.86,0.26,0.88,4.81,0.01,0.06,,,,,,,,2026-10-08 10:24 ET
Robert Burke,Model_Burke v1,Courtland Sutton,00-0034348,WR,DEN,LAC,Denver Broncos @ Los Angeles Chargers,Sun 10/11 04:05 PM ET,7.91,7.91,9.5,2.7,4.49,13.1,19.32,6.38,,,+0.3 with Pat Bryant out,0.0,0.0,0.0,0.0,0.0,2.85,38.56,0.2,0.0,,,,,,,,2026-10-08 10:24 ET
Robert Burke,Model_Burke v1,Broncos,,DST,DEN,LAC,Denver Broncos @ Los Angeles Chargers,Sun 10/11 04:05 PM ET,7.8,7.8,7.8,2.73,5.07,10.54,13.27,3.9,,,,,,,,,,,,,,,,3.22,0.91,0.18,23.5,2026-10-08 10:24 ET
Robert Burke,Model_Burke v1,Wil Lutz,,K,DEN,LAC,Denver Broncos @ Los Angeles Chargers,Sun 10/11 04:05 PM ET,7.69,7.69,7.69,2.69,5.0,10.39,13.08,3.85,,,,,,,,,,,,,1.6,0.47,2.21,,,,,2026-10-08 10:24 ET
Robert Burke,Model_Burke v1,Keaton Mitchell,00-0038454,RB,LAC,DEN,Denver Broncos @ Los Angeles Chargers,Sun 10/11 04:05 PM ET,7.68,7.68,8.97,2.31,4.0,12.06,17.66,5.97,,,,0.0,0.0,0.0,34.31,0.15,1.78,11.47,0.07,0.0,,,,,,,,2026-10-08 10:24 ET
Robert Burke,Model_Burke v1,Tre Harris,00-0040727,WR,LAC,DEN,Denver Broncos @ Los Angeles Chargers,Sun 10/11 04:05 PM ET,7.11,7.11,8.57,1.53,4.1,12.49,17.36,6.22,,,,0.0,0.0,0.0,0.36,0.0,2.79,36.89,0.1,0.0,,,,,,,,2026-10-08 10:24 ET
Robert Burke,Model_Burke v1,Quentin Johnston,00-0038544,WR,LAC,DEN,Denver Broncos @ Los Angeles Chargers,Sun 10/11 04:05 PM ET,7.11,7.11,8.35,1.72,3.89,12.35,16.87,6.26,,Q,,0.0,0.0,0.0,0.98,0.0,2.42,34.6,0.19,0.0,,,,,,,,2026-10-08 10:24 ET
Robert Burke,Model_Burke v1,Ladd McConkey,00-0039915,WR,LAC,DEN,Denver Broncos @ Los Angeles Chargers,Sun 10/11 04:05 PM ET,6.75,6.75,7.96,1.71,3.85,11.5,16.19,5.67,Q,Q,,0.0,0.0,0.0,0.05,0.0,2.56,33.32,0.14,0.0,,,,,,,,2026-10-08 10:24 ET
Robert Burke,Model_Burke v1,Oronde Gadsden,00-0040189,TE,LAC,DEN,Denver Broncos @ Los Angeles Chargers,Sun 10/11 04:05 PM ET,6.39,6.39,7.09,0.82,2.79,9.97,14.8,5.31,,,,0.0,0.0,0.0,0.26,0.0,2.48,30.4,0.15,0.03,,,,,,,,2026-10-08 10:24 ET
Robert Burke,Model_Burke v1,Chargers,,DST,LAC,DEN,Denver Broncos @ Los Angeles Chargers,Sun 10/11 04:05 PM ET,6.33,6.33,6.33,2.21,4.11,8.54,10.75,3.16,,,,,,,,,,,,,,,,1.99,0.87,0.07,21.0,2026-10-08 10:24 ET
Robert Burke,Model_Burke v1,Troy Franklin,00-0039868,WR,DEN,LAC,Denver Broncos @ Los Angeles Chargers,Sun 10/11 04:05 PM ET,4.41,4.41,6.06,0.45,2.09,7.94,14.32,4.33,,,+0.2 with Pat Bryant out,0.0,0.0,0.0,0.52,0.0,1.62,20.83,0.11,0.0,,,,,,,,2026-10-08 10:24 ET
Robert Burke,Model_Burke v1,Kimani Vidal,00-0039391,RB,LAC,DEN,Denver Broncos @ Los Angeles Chargers,Sun 10/11 04:05 PM ET,4.16,4.16,5.77,1.2,2.24,8.21,12.18,4.42,,,,0.0,0.0,0.0,15.02,0.06,1.0,8.91,0.07,0.0,,,,,,,,2026-10-08 10:24 ET
Robert Burke,Model_Burke v1,Marvin Mims,00-0038976,WR,DEN,LAC,Denver Broncos @ Los Angeles Chargers,Sun 10/11 04:05 PM ET,4.15,4.15,5.18,1.09,2.31,6.92,10.25,3.42,,,+0.2 with Pat Bryant out,0.0,0.0,0.0,2.4,0.0,1.67,17.75,0.07,0.0,,,,,,,,2026-10-08 10:24 ET
Robert Burke,Model_Burke v1,Evan Engram,00-0033881,TE,DEN,LAC,Denver Broncos @ Los Angeles Chargers,Sun 10/11 04:05 PM ET,3.84,3.84,5.43,0.42,1.76,7.74,12.18,4.43,,,,0.0,0.0,0.0,0.0,0.0,1.76,16.89,0.06,0.0,,,,,,,,2026-10-08 10:24 ET
Robert Burke,Model_Burke v1,Charlie Kolar,00-0038046,TE,LAC,DEN,Denver Broncos @ Los Angeles Chargers,Sun 10/11 04:05 PM ET,2.27,2.27,3.15,0.0,1.09,4.45,7.89,2.49,Q,Q,,0.0,0.0,0.0,0.0,0.0,0.94,10.08,0.05,0.0,,,,,,,,2026-10-08 10:24 ET
Robert Burke,Model_Burke v1,Nate Adkins,00-0038783,TE,DEN,LAC,Denver Broncos @ Los Angeles Chargers,Sun 10/11 04:05 PM ET,1.77,1.77,2.79,0.0,0.32,3.91,7.25,2.66,,,,0.0,0.0,0.0,0.0,0.0,0.63,5.2,0.1,0.0,,,,,,,,2026-10-08 10:24 ET
Robert Burke,Model_Burke v1,Adam Trautman,00-0036422,TE,DEN,LAC,Denver Broncos @ Los Angeles Chargers,Sun 10/11 04:05 PM ET,1.73,1.73,2.82,0.0,0.09,3.94,7.29,2.85,,Q,,0.0,0.0,0.0,0.0,0.0,0.74,7.49,0.04,0.0,,,,,,,,2026-10-08 10:24 ET
Robert Burke,Model_Burke v1,Tyler Badie,00-0037085,RB,DEN,LAC,Denver Broncos @ Los Angeles Chargers,Sun 10/11 04:05 PM ET,1.68,1.68,2.84,0.0,0.3,4.02,8.76,2.75,,,,0.0,0.0,0.0,4.3,0.0,0.62,5.24,0.02,0.02,,,,,,,,2026-10-08 10:24 ET
Robert Burke,Model_Burke v1,Hayden Rucci,00-0039489,TE,LAC,DEN,Denver Broncos @ Los Angeles Chargers,Sun 10/11 04:05 PM ET,1.42,1.42,2.13,0.0,0.13,2.57,5.91,1.81,,,,0.0,0.0,0.0,0.0,0.0,0.59,5.8,0.04,0.0,,,,,,,,2026-10-08 10:24 ET
Robert Burke,Model_Burke v1,Amar Johnson,00-0040039,RB,LAC,DEN,Denver Broncos @ Los Angeles Chargers,Sun 10/11 04:05 PM ET,1.2,1.2,2.17,0.25,0.59,2.9,4.85,1.71,,,,0.0,0.0,0.0,6.51,0.01,0.27,1.81,0.0,0.0,,,,,,,,2026-10-08 10:24 ET
Robert Burke,Model_Burke v1,Brenen Thompson,00-0041550,WR,LAC,DEN,Denver Broncos @ Los Angeles Chargers,Sun 10/11 04:05 PM ET,1.03,1.03,2.07,0.0,0.0,2.97,6.13,2.2,Q,Q,,0.0,0.0,0.0,0.3,0.0,0.5,4.54,0.01,0.0,,,,,,,,2026-10-08 10:24 ET
Robert Burke,Model_Burke v1,Alec Ingold,,RB,LAC,DEN,Denver Broncos @ Los Angeles Chargers,Sun 10/11 04:05 PM ET,0.7,0.7,1.72,0.19,0.41,2.33,4.14,1.42,,Q,,0.0,0.0,0.0,0.45,0.0,0.34,3.01,0.0,0.0,,,,,,,,2026-10-08 10:24 ET
Robert Burke,Model_Burke v1,Dallen Bentley,,TE,DEN,LAC,Denver Broncos @ Los Angeles Chargers,Sun 10/11 04:05 PM ET,0.61,0.61,1.25,0.0,0.0,1.77,5.31,1.31,,,,0.0,0.0,0.0,0.0,0.0,0.31,3.0,0.0,0.0,,,,,,,,2026-10-08 10:24 ET
Robert Burke,Model_Burke v1,Adam Prentice,00-0036727,RB,DEN,LAC,Denver Broncos @ Los Angeles Chargers,Sun 10/11 04:05 PM ET,0.41,0.41,1.26,0.0,0.12,1.52,3.62,1.04,,,,0.0,0.0,0.0,0.7,0.0,0.2,1.29,0.0,0.0,,,,,,,,2026-10-08 10:24 ET
Robert Burke,Model_Burke v1,Pat Bryant,00-0040134,WR,DEN,LAC,Denver Broncos @ Los Angeles Chargers,Sun 10/11 04:05 PM ET,0.0,0.0,0.0,0.0,0.0,0.0,0.0,0.0,D,OUT,OUT,0.0,0.0,0.0,0.0,0.0,0.0,0.0,0.0,0.0,,,,,,,,2026-10-08 10:24 ET
Robert Burke,Model_Burke v1,Jahmyr Gibbs,00-0039139,RB,DET,ARI,Detroit Lions @ Arizona Cardinals,Sun 10/11 04:25 PM ET,24.57,24.57,25.97,16.39,19.38,31.22,38.02,8.77,,,,0.0,0.0,0.0,89.26,1.0,4.42,38.09,0.27,0.1,,,,,,,,2026-10-08 10:24 ET
Robert Burke,Model_Burke v1,Jaxon Smith-Njigba,00-0038543,WR,SEA,SF,San Francisco 49ers @ Seattle Seahawks,Sun 10/11 04:25 PM ET,22.11,22.11,23.24,12.76,16.5,27.89,35.72,8.43,,,,0.0,0.0,0.0,0.9,0.0,6.98,99.39,0.85,0.0,,,,,,,,2026-10-08 10:24 ET
Robert Burke,Model_Burke v1,Amon-Ra St. Brown,00-0036963,WR,DET,ARI,Detroit Lions @ Arizona Cardinals,Sun 10/11 04:25 PM ET,20.85,20.85,21.99,11.5,15.25,26.63,34.46,8.43,,,,0.0,0.0,0.0,0.93,0.0,7.13,84.12,0.87,0.0,,,,,,,,2026-10-08 10:24 ET
Robert Burke,Model_Burke v1,Jared Goff,00-0033106,QB,DET,ARI,Detroit Lions @ Arizona Cardinals,Sun 10/11 04:25 PM ET,19.77,19.77,19.83,8.89,14.42,25.35,29.26,8.1,,,,293.77,2.25,0.67,6.0,0.01,0.0,0.0,0.0,0.16,,,,,,,,2026-10-08 10:24 ET
Robert Burke,Model_Burke v1,Christian McCaffrey,00-0033280,RB,SF,SEA,San Francisco 49ers @ Seattle Seahawks,Sun 10/11 04:25 PM ET,18.72,18.72,20.04,10.48,13.5,25.19,32.95,8.66,,,+1.1 with Kyle Juszczyk out,0.0,0.0,0.0,59.57,0.56,4.77,38.68,0.15,0.07,,,,,,,,2026-10-08 10:24 ET
Robert Burke,Model_Burke v1,Trey McBride,00-0037744,TE,ARI,DET,Detroit Lions @ Arizona Cardinals,Sun 10/11 04:25 PM ET,18.14,18.14,19.42,11.2,13.89,24.05,29.74,7.53,,,,0.0,0.0,0.0,0.03,0.0,7.34,66.29,0.69,0.0,,,,,,,,2026-10-08 10:24 ET
Robert Burke,Model_Burke v1,Jacoby Brissett,00-0033119,QB,ARI,DET,Detroit Lions @ Arizona Cardinals,Sun 10/11 04:25 PM ET,17.41,17.41,17.57,7.69,11.81,23.01,27.74,8.29,,,,239.43,2.01,0.7,10.75,0.09,0.0,0.0,0.0,0.2,,,,,,,,2026-10-08 10:24 ET
Robert Burke,Model_Burke v1,Brock Purdy,00-0037834,QB,SF,SEA,San Francisco 49ers @ Seattle Seahawks,Sun 10/11 04:25 PM ET,16.73,16.73,16.79,6.67,11.49,21.51,26.93,7.42,,,,247.45,1.59,0.89,18.34,0.14,0.0,0.0,0.0,0.2,,,,,,,,2026-10-08 10:24 ET
Robert Burke,Model_Burke v1,Sam Darnold,00-0034869,QB,SEA,SF,San Francisco 49ers @ Seattle Seahawks,Sun 10/11 04:25 PM ET,16.71,16.71,16.65,6.54,11.22,21.39,26.8,7.53,,,,249.47,2.0,0.84,7.44,0.03,0.0,0.0,0.0,0.26,,,,,,,,2026-10-08 10:24 ET
Robert Burke,Model_Burke v1,Michael Wilson,00-0038559,WR,ARI,DET,Detroit Lions @ Arizona Cardinals,Sun 10/11 04:25 PM ET,16.04,16.04,16.97,7.05,10.27,22.27,28.39,8.89,,,,0.0,0.0,0.0,0.05,0.0,5.4,66.67,0.66,0.0,,,,,,,,2026-10-08 10:24 ET
Robert Burke,Model_Burke v1,Jeremiyah Love,00-0041027,RB,ARI,DET,Detroit Lions @ Arizona Cardinals,Sun 10/11 04:25 PM ET,14.46,14.46,14.93,5.35,9.44,19.15,24.86,7.19,Q,Q,,0.0,0.0,0.0,60.47,0.55,2.8,17.9,0.12,0.1,,,,,,,,2026-10-08 10:24 ET
Robert Burke,Model_Burke v1,Sam LaPorta,00-0039065,TE,DET,ARI,Detroit Lions @ Arizona Cardinals,Sun 10/11 04:25 PM ET,13.68,13.68,14.81,6.57,9.26,19.52,25.12,7.6,,,,0.0,0.0,0.0,0.0,0.0,4.55,51.61,0.66,0.0,,,,,,,,2026-10-08 10:24 ET
Robert Burke,Model_Burke v1,George Kittle,00-0033288,TE,SF,SEA,San Francisco 49ers @ Seattle Seahawks,Sun 10/11 04:25 PM ET,12.49,12.49,13.52,5.26,8.1,18.08,23.78,7.39,,,,0.0,0.0,0.0,-0.03,0.0,4.65,57.98,0.34,0.0,,,,,,,,2026-10-08 10:24 ET
Robert Burke,Model_Burke v1,Emanuel Wilson,00-0038797,RB,SEA,SF,San Francisco 49ers @ Seattle Seahawks,Sun 10/11 04:25 PM ET,11.75,11.75,13.09,5.63,8.57,17.06,22.25,6.29,,,,0.0,0.0,0.0,59.24,0.47,1.54,11.8,0.07,0.06,,,,,,,,2026-10-08 10:24 ET
Robert Burke,Model_Burke v1,Jameson Williams,00-0037240,WR,DET,ARI,Detroit Lions @ Arizona Cardinals,Sun 10/11 04:25 PM ET,11.32,11.32,12.58,4.3,7.09,16.67,22.76,7.1,,,,0.0,0.0,0.0,1.5,0.02,3.66,57.67,0.27,0.0,,,,,,,,2026-10-08 10:24 ET
Robert Burke,Model_Burke v1,Mike Evans,00-0031408,WR,SF,SEA,San Francisco 49ers @ Seattle Seahawks,Sun 10/11 04:25 PM ET,10.87,10.87,12.22,3.92,6.95,15.98,22.56,6.69,,Q,,0.0,0.0,0.0,0.0,0.0,4.02,50.92,0.29,0.0,,,,,,,,2026-10-08 10:24 ET
Robert Burke,Model_Burke v1,Deebo Samuel,00-0035719,WR,SF,SEA,San Francisco 49ers @ Seattle Seahawks,Sun 10/11 04:25 PM ET,9.29,9.29,10.66,2.48,4.8,15.12,20.52,7.65,,,,0.0,0.0,0.0,8.73,0.01,3.41,37.28,0.2,0.0,,,,,,,,2026-10-08 10:24 ET
Robert Burke,Model_Burke v1,Jake Bates,,K,DET,ARI,Detroit Lions @ Arizona Cardinals,Sun 10/11 04:25 PM ET,8.96,8.96,8.96,3.14,5.83,12.1,15.24,4.48,,,,,,,,,,,,,1.63,0.58,3.29,,,,,2026-10-08 10:24 ET
Robert Burke,Model_Burke v1,Jason Myers,,K,SEA,SF,San Francisco 49ers @ Seattle Seahawks,Sun 10/11 04:25 PM ET,8.37,8.37,8.37,2.93,5.44,11.3,14.23,4.19,,,,,,,,,,,,,1.67,0.55,2.56,,,,,2026-10-08 10:24 ET
Robert Burke,Model_Burke v1,Chad Ryland,,K,ARI,DET,Detroit Lions @ Arizona Cardinals,Sun 10/11 04:25 PM ET,7.97,7.97,7.97,2.79,5.18,10.76,13.55,3.99,,,,,,,,,,,,,1.52,0.62,2.57,,,,,2026-10-08 10:24 ET
Robert Burke,Model_Burke v1,Lions,,DST,DET,ARI,Detroit Lions @ Arizona Cardinals,Sun 10/11 04:25 PM ET,7.41,7.41,7.41,2.59,4.82,10.01,12.6,3.71,,,,,,,,,,,,,,,,2.97,0.73,0.12,20.5,2026-10-08 10:24 ET
Robert Burke,Model_Burke v1,Marvin Harrison Jr.,00-0039849,WR,ARI,DET,Detroit Lions @ Arizona Cardinals,Sun 10/11 04:25 PM ET,7.09,7.09,8.4,1.75,3.92,12.25,16.99,6.17,,,,0.0,0.0,0.0,-0.02,0.0,2.35,33.48,0.23,0.0,,,,,,,,2026-10-08 10:24 ET
Robert Burke,Model_Burke v1,Eddy Pineiro,,K,SF,SEA,San Francisco 49ers @ Seattle Seahawks,Sun 10/11 04:25 PM ET,6.98,6.98,6.98,2.44,4.53,9.42,11.86,3.49,,,,,,,,,,,,,1.35,0.53,2.16,,,,,2026-10-08 10:24 ET
Robert Burke,Model_Burke v1,Tyler Allgeier,00-0037263,RB,ARI,DET,Detroit Lions @ Arizona Cardinals,Sun 10/11 04:25 PM ET,6.89,6.89,8.3,2.14,4.24,11.25,16.76,5.19,,,,0.0,0.0,0.0,27.33,0.21,1.66,10.38,0.04,0.0,,,,,,,,2026-10-08 10:24 ET
Robert Burke,Model_Burke v1,Rashid Shaheed,00-0037545,WR,SEA,SF,San Francisco 49ers @ Seattle Seahawks,Sun 10/11 04:25 PM ET,6.73,6.73,8.09,1.54,3.86,11.78,16.69,5.86,,,,0.0,0.0,0.0,5.98,0.07,2.12,28.52,0.13,0.0,,,,,,,,2026-10-08 10:24 ET
Robert Burke,Model_Burke v1,AJ Barner,00-0039793,TE,SEA,SF,San Francisco 49ers @ Seattle Seahawks,Sun 10/11 04:25 PM ET,6.73,6.73,7.51,1.24,3.02,10.2,14.93,5.32,,,,0.0,0.0,0.0,0.28,0.02,2.74,27.85,0.17,0.0,,,,,,,,2026-10-08 10:24 ET
Robert Burke,Model_Burke v1,Cooper Kupp,00-0033908,WR,SEA,SF,San Francisco 49ers @ Seattle Seahawks,Sun 10/11 04:25 PM ET,6.2,6.2,7.17,0.94,3.19,9.92,13.92,4.98,,,,0.0,0.0,0.0,0.03,0.0,2.33,29.0,0.16,0.0,,,,,,,,2026-10-08 10:24 ET
Robert Burke,Model_Burke v1,Seahawks,,DST,SEA,SF,San Francisco 49ers @ Seattle Seahawks,Sun 10/11 04:25 PM ET,6.18,6.18,6.18,2.16,4.02,8.34,10.5,3.09,,,,,,,,,,,,,,,,1.69,0.86,0.16,22.5,2026-10-08 10:24 ET
Robert Burke,Model_Burke v1,Isaac TeSlaa,00-0040669,WR,DET,ARI,Detroit Lions @ Arizona Cardinals,Sun 10/11 04:25 PM ET,5.59,5.59,6.93,0.35,2.45,9.82,14.34,5.46,,,,0.0,0.0,0.0,0.04,0.0,1.66,27.93,0.19,0.0,,,,,,,,2026-10-08 10:24 ET
Robert Burke,Model_Burke v1,George Holani,00-0039299,RB,SEA,SF,San Francisco 49ers @ Seattle Seahawks,Sun 10/11 04:25 PM ET,5.19,5.19,6.74,1.37,2.91,9.31,13.45,4.74,,Q,,0.0,0.0,0.0,19.87,0.11,1.38,10.01,0.03,0.0,,,,,,,,2026-10-08 10:24 ET
Robert Burke,Model_Burke v1,Kendrick Bourne,00-0033307,WR,ARI,DET,Detroit Lions @ Arizona Cardinals,Sun 10/11 04:25 PM ET,5.02,5.02,6.42,0.11,2.36,9.03,14.16,4.94,,,,0.0,0.0,0.0,0.02,0.0,2.1,24.04,0.09,0.0,,,,,,,,2026-10-08 10:24 ET
Robert Burke,Model_Burke v1,49ers,,DST,SF,SEA,San Francisco 49ers @ Seattle Seahawks,Sun 10/11 04:25 PM ET,4.71,4.71,4.71,1.65,3.06,6.35,8.0,2.35,,,,,,,,,,,,,,,,1.52,0.75,0.11,26.0,2026-10-08 10:24 ET
Robert Burke,Model_Burke v1,Cardinals,,DST,ARI,DET,Detroit Lions @ Arizona Cardinals,Sun 10/11 04:25 PM ET,3.98,3.98,3.98,1.39,2.58,5.37,6.76,1.99,,,,,,,,,,,,,,,,1.85,0.63,0.07,29.0,2026-10-08 10:24 ET
Robert Burke,Model_Burke v1,Kaelon Black,00-0041052,RB,SF,SEA,San Francisco 49ers @ Seattle Seahawks,Sun 10/11 04:25 PM ET,2.9,2.9,4.27,0.44,1.19,5.95,10.08,3.53,,Q,+0.2 with Kyle Juszczyk out,0.0,0.0,0.0,17.66,0.07,0.43,3.3,0.0,0.03,,,,,,,,2026-10-08 10:24 ET
Robert Burke,Model_Burke v1,Sione Vaki,00-0039364,RB,DET,ARI,Detroit Lions @ Arizona Cardinals,Sun 10/11 04:25 PM ET,2.62,2.62,3.87,0.11,0.93,5.65,9.86,3.5,,,,0.0,0.0,0.0,12.14,0.04,0.59,5.18,0.0,0.0,,,,,,,,2026-10-08 10:24 ET
Robert Burke,Model_Burke v1,Tory Horton,00-0040648,WR,SEA,SF,San Francisco 49ers @ Seattle Seahawks,Sun 10/11 04:25 PM ET,2.59,2.59,3.99,0.0,0.71,5.89,10.39,3.84,,,,0.0,0.0,0.0,0.06,0.0,0.87,10.99,0.1,0.0,,,,,,,,2026-10-08 10:24 ET
Robert Burke,Model_Burke v1,Elijah Higgins,00-0039041,TE,ARI,DET,Detroit Lions @ Arizona Cardinals,Sun 10/11 04:25 PM ET,2.57,2.57,3.8,0.31,1.42,5.53,9.23,3.04,,,,0.0,0.0,0.0,0.0,0.0,1.12,10.73,0.06,0.0,,,,,,,,2026-10-08 10:24 ET
Robert Burke,Model_Burke v1,Brock Wright,00-0036754,TE,DET,ARI,Detroit Lions @ Arizona Cardinals,Sun 10/11 04:25 PM ET,2.53,2.53,3.78,0.26,1.36,5.52,9.1,3.08,,,,0.0,0.0,0.0,0.0,0.0,1.05,8.91,0.1,0.0,,,,,,,,2026-10-08 10:24 ET
Robert Burke,Model_Burke v1,Jacob Cowing,00-0039365,WR,SF,SEA,San Francisco 49ers @ Seattle Seahawks,Sun 10/11 04:25 PM ET,2.06,2.06,3.38,0.0,0.31,4.31,8.96,2.96,,,,0.0,0.0,0.0,0.43,0.0,0.75,9.8,0.05,0.0,,,,,,,,2026-10-08 10:24 ET
Robert Burke,Model_Burke v1,Jordan Watkins,00-0040172,WR,SF,SEA,San Francisco 49ers @ Seattle Seahawks,Sun 10/11 04:25 PM ET,2.04,2.04,3.37,0.0,0.31,4.3,8.95,2.95,,,,0.0,0.0,0.0,0.1,0.0,0.79,10.51,0.04,0.02,,,,,,,,2026-10-08 10:24 ET
Robert Burke,Model_Burke v1,Zonovan Knight,,RB,ARI,DET,Detroit Lions @ Arizona Cardinals,Sun 10/11 04:25 PM ET,1.51,1.51,2.72,0.0,0.21,3.85,8.59,2.69,,,,0.0,0.0,0.0,5.82,0.07,0.29,1.88,0.0,0.0,,,,,,,,2026-10-08 10:24 ET
Robert Burke,Model_Burke v1,Brayden Willis,00-0038643,TE,SF,SEA,San Francisco 49ers @ Seattle Seahawks,Sun 10/11 04:25 PM ET,1.45,1.45,2.27,0.0,0.08,2.95,7.25,2.13,,,,0.0,0.0,0.0,0.0,0.0,0.67,6.95,0.01,0.0,,,,,,,,2026-10-08 10:24 ET
Robert Burke,Model_Burke v1,Luke Farrell,00-0036887,TE,SF,SEA,San Francisco 49ers @ Seattle Seahawks,Sun 10/11 04:25 PM ET,1.44,1.44,2.2,0.0,0.16,2.72,6.04,1.9,,,,0.0,0.0,0.0,0.0,0.0,0.7,6.15,0.03,0.04,,,,,,,,2026-10-08 10:24 ET
Robert Burke,Model_Burke v1,Elijah Arroyo,00-0040739,TE,SEA,SF,San Francisco 49ers @ Seattle Seahawks,Sun 10/11 04:25 PM ET,1.4,1.4,2.06,0.0,0.07,2.45,4.95,1.76,,,,0.0,0.0,0.0,0.0,0.0,0.56,6.79,0.04,0.03,,,,,,,,2026-10-08 10:24 ET
Robert Burke,Model_Burke v1,Eric Saubert,00-0033576,TE,SEA,SF,San Francisco 49ers @ Seattle Seahawks,Sun 10/11 04:25 PM ET,1.36,1.36,1.97,0.0,0.0,2.32,6.56,1.72,,,,0.0,0.0,0.0,0.0,0.0,0.44,3.34,0.1,0.0,,,,,,,,2026-10-08 10:24 ET
Robert Burke,Model_Burke v1,Tyler Conklin,00-0034270,TE,DET,ARI,Detroit Lions @ Arizona Cardinals,Sun 10/11 04:25 PM ET,1.2,1.2,1.79,0.0,0.0,2.15,6.36,1.59,,,,0.0,0.0,0.0,0.0,0.0,0.4,4.98,0.05,0.0,,,,,,,,2026-10-08 10:24 ET
Robert Burke,Model_Burke v1,Drew Lock,00-0035704,QB,SEA,SF,San Francisco 49ers @ Seattle Seahawks,Sun 10/11 04:25 PM ET,0.62,0.62,2.17,0.0,0.0,3.1,8.82,2.3,,,,6.77,0.08,0.01,0.38,0.0,0.0,0.0,0.0,0.0,,,,,,,,2026-10-08 10:24 ET
Robert Burke,Model_Burke v1,Jordan James,00-0040177,RB,SF,SEA,San Francisco 49ers @ Seattle Seahawks,Sun 10/11 04:25 PM ET,0.48,0.48,1.31,0.0,0.2,1.58,3.38,1.03,,,+0.1 with Kyle Juszczyk out,0.0,0.0,0.0,3.12,0.0,0.1,0.72,0.0,0.0,,,,,,,,2026-10-08 10:24 ET
Robert Burke,Model_Burke v1,Jacob Saylors,00-0038896,RB,DET,ARI,Detroit Lions @ Arizona Cardinals,Sun 10/11 04:25 PM ET,0.41,0.41,1.24,0.0,0.13,1.52,3.31,1.03,,,,0.0,0.0,0.0,3.06,0.01,0.03,0.2,0.0,0.0,,,,,,,,2026-10-08 10:24 ET
Robert Burke,Model_Burke v1,Brady Russell,00-0038488,RB,SEA,SF,San Francisco 49ers @ Seattle Seahawks,Sun 10/11 04:25 PM ET,0.32,0.32,1.05,0.0,0.02,1.23,3.08,0.9,,,,0.0,0.0,0.0,0.0,0.0,0.15,1.68,0.0,0.0,,,,,,,,2026-10-08 10:24 ET
Robert Burke,Model_Burke v1,Kyle Juszczyk,,RB,SF,SEA,San Francisco 49ers @ Seattle Seahawks,Sun 10/11 04:25 PM ET,0.0,0.0,0.0,0.0,0.0,0.0,0.0,0.0,D,OUT,OUT,0.0,0.0,0.0,-0.0,0.0,0.0,0.0,0.0,0.0,,,,,,,,2026-10-08 10:24 ET
Robert Burke,Model_Burke v1,Bijan Robinson,00-0038542,RB,ATL,BAL,Baltimore Ravens @ Atlanta Falcons,Sun 10/11 08:20 PM ET,20.98,20.98,22.38,12.8,15.79,27.63,34.43,8.77,,,,0.0,0.0,0.0,86.97,0.71,3.61,35.17,0.18,0.09,,,,,,,,2026-10-08 10:24 ET
Robert Burke,Model_Burke v1,Drake London,00-0037238,WR,ATL,BAL,Baltimore Ravens @ Atlanta Falcons,Sun 10/11 08:20 PM ET,16.75,16.75,17.76,8.08,11.18,22.82,29.71,8.62,,,,0.0,0.0,0.0,0.85,0.0,5.75,85.49,0.39,0.0,,,,,,,,2026-10-08 10:24 ET
Robert Burke,Model_Burke v1,Derrick Henry,00-0032764,RB,BAL,ATL,Baltimore Ravens @ Atlanta Falcons,Sun 10/11 08:20 PM ET,16.48,16.48,17.64,8.38,11.68,22.72,29.32,8.18,,,,0.0,0.0,0.0,90.67,0.87,1.33,9.94,0.01,0.09,,,,,,,,2026-10-08 10:24 ET
Robert Burke,Model_Burke v1,Zay Flowers,00-0039064,WR,BAL,ATL,Baltimore Ravens @ Atlanta Falcons,Sun 10/11 08:20 PM ET,14.37,14.37,15.49,5.45,8.77,21.03,26.44,9.08,,Q,,0.0,0.0,0.0,2.54,0.0,5.44,70.82,0.3,0.09,,,,,,,,2026-10-08 10:24 ET
Robert Burke,Model_Burke v1,Michael Penix Jr.,00-0039917,QB,ATL,BAL,Baltimore Ravens @ Atlanta Falcons,Sun 10/11 08:20 PM ET,13.71,13.71,14.09,4.53,8.89,18.83,24.59,7.37,,,,232.03,1.36,0.77,6.04,0.05,0.0,0.0,0.0,0.2,,,,,,,,2026-10-08 10:24 ET
Robert Burke,Model_Burke v1,Tyler Huntley,00-0035993,QB,BAL,ATL,Baltimore Ravens @ Atlanta Falcons,Sun 10/11 08:20 PM ET,10.32,10.32,10.77,1.17,5.6,15.48,21.06,7.32,,,,148.96,0.9,0.59,16.01,0.07,0.0,0.0,0.0,0.05,,,,,,,,2026-10-08 10:24 ET
Robert Burke,Model_Burke v1,Mark Andrews,00-0034753,TE,BAL,ATL,Baltimore Ravens @ Atlanta Falcons,Sun 10/11 08:20 PM ET,8.16,8.16,9.39,1.99,4.29,13.73,18.25,7.0,,,,0.0,0.0,0.0,0.71,0.0,3.61,30.9,0.23,0.0,,,,,,,,2026-10-08 10:24 ET
Robert Burke,Model_Burke v1,Nick Folk,,K,ATL,BAL,Baltimore Ravens @ Atlanta Falcons,Sun 10/11 08:20 PM ET,7.68,7.68,7.68,2.69,4.99,10.36,13.05,3.84,,,,,,,,,,,,,1.51,0.66,2.29,,,,,2026-10-08 10:24 ET
Robert Burke,Model_Burke v1,Tyler Loop,,K,BAL,ATL,Baltimore Ravens @ Atlanta Falcons,Sun 10/11 08:20 PM ET,7.47,7.47,7.47,2.61,4.85,10.08,12.69,3.73,,,,,,,,,,,,,1.47,0.49,2.37,,,,,2026-10-08 10:24 ET
Robert Burke,Model_Burke v1,Kyle Pitts,00-0036970,TE,ATL,BAL,Baltimore Ravens @ Atlanta Falcons,Sun 10/11 08:20 PM ET,7.22,7.22,8.11,1.43,3.5,11.06,16.64,5.6,,,,0.0,0.0,0.0,0.0,0.0,2.91,32.93,0.17,0.0,,,,,,,,2026-10-08 10:24 ET
Robert Burke,Model_Burke v1,Ravens,,DST,BAL,ATL,Baltimore Ravens @ Atlanta Falcons,Sun 10/11 08:20 PM ET,5.71,5.71,5.71,2.0,3.71,7.71,9.71,2.85,,,,,,,,,,,,,,,,1.62,0.75,0.11,22.0,2026-10-08 10:24 ET
Robert Burke,Model_Burke v1,Falcons,,DST,ATL,BAL,Baltimore Ravens @ Atlanta Falcons,Sun 10/11 08:20 PM ET,5.37,5.37,5.37,1.88,3.49,7.25,9.13,2.69,,,,,,,,,,,,,,,,2.41,0.74,0.1,26.5,2026-10-08 10:24 ET
Robert Burke,Model_Burke v1,Brian Robinson,00-0037746,RB,ATL,BAL,Baltimore Ravens @ Atlanta Falcons,Sun 10/11 08:20 PM ET,4.94,4.94,6.49,1.26,2.68,9.12,13.08,4.77,,,,0.0,0.0,0.0,28.32,0.23,0.4,2.89,0.0,0.0,,,,,,,,2026-10-08 10:24 ET
Robert Burke,Model_Burke v1,Rashod Bateman,00-0036550,WR,BAL,ATL,Baltimore Ravens @ Atlanta Falcons,Sun 10/11 08:20 PM ET,4.69,4.69,6.3,0.57,2.28,8.86,14.13,4.87,,Q,,0.0,0.0,0.0,0.14,0.0,1.64,21.7,0.14,0.0,,,,,,,,2026-10-08 10:24 ET
Robert Burke,Model_Burke v1,Jahan Dotson,00-0037741,WR,ATL,BAL,Baltimore Ravens @ Atlanta Falcons,Sun 10/11 08:20 PM ET,3.9,3.9,5.66,0.17,1.78,7.28,14.23,4.07,,,,0.0,0.0,0.0,0.04,0.0,1.32,18.57,0.12,0.0,,,,,,,,2026-10-08 10:24 ET
Robert Burke,Model_Burke v1,Lamar Jackson,00-0034796,QB,BAL,ATL,Baltimore Ravens @ Atlanta Falcons,Sun 10/11 08:20 PM ET,3.44,3.44,5.15,1.39,2.6,6.76,11.94,3.09,Q,Q,DNP practice: x0.88,38.45,0.34,0.08,6.27,0.03,0.0,0.0,0.0,0.06,,,,,,,,2026-10-08 10:24 ET
Robert Burke,Model_Burke v1,Justice Hill,00-0034975,RB,BAL,ATL,Baltimore Ravens @ Atlanta Falcons,Sun 10/11 08:20 PM ET,3.32,3.32,5.26,0.7,1.78,7.42,12.1,4.17,,,,0.0,0.0,0.0,9.49,0.06,1.0,7.5,0.05,0.0,,,,,,,,2026-10-08 10:24 ET
Robert Burke,Model_Burke v1,Matthew Hibner,00-0040879,TE,BAL,ATL,Baltimore Ravens @ Atlanta Falcons,Sun 10/11 08:20 PM ET,2.66,2.66,3.88,0.39,1.54,5.56,9.27,2.98,,,,0.0,0.0,0.0,0.12,0.0,1.05,10.97,0.08,0.0,,,,,,,,2026-10-08 10:24 ET
Robert Burke,Model_Burke v1,Austin Hooper,00-0032392,TE,ATL,BAL,Baltimore Ravens @ Atlanta Falcons,Sun 10/11 08:20 PM ET,2.4,2.4,3.31,0.0,1.09,4.79,8.32,2.74,,,,0.0,0.0,0.0,0.03,0.0,0.96,10.43,0.07,0.0,,,,,,,,2026-10-08 10:24 ET
Robert Burke,Model_Burke v1,Olamide Zaccheaus,00-0035208,WR,ATL,BAL,Baltimore Ravens @ Atlanta Falcons,Sun 10/11 08:20 PM ET,2.06,2.06,3.39,0.0,0.29,4.35,8.94,3.01,,,,0.0,0.0,0.0,0.08,0.0,0.92,8.93,0.04,0.0,,,,,,,,2026-10-08 10:24 ET
Robert Burke,Model_Burke v1,Devontez Walker,00-0039792,WR,BAL,ATL,Baltimore Ravens @ Atlanta Falcons,Sun 10/11 08:20 PM ET,2.01,2.01,3.44,0.0,0.15,4.95,8.97,3.55,,,,0.0,0.0,0.0,0.11,0.0,0.67,9.74,0.06,0.0,,,,,,,,2026-10-08 10:24 ET
Robert Burke,Model_Burke v1,Zachariah Branch,00-0041044,WR,ATL,BAL,Baltimore Ravens @ Atlanta Falcons,Sun 10/11 08:20 PM ET,1.82,1.82,3.27,0.0,0.24,4.28,8.94,2.99,,,,0.0,0.0,0.0,0.07,0.0,0.76,8.51,0.03,0.0,,,,,,,,2026-10-08 10:24 ET
Robert Burke,Model_Burke v1,Nick Vannett,00-0032394,TE,BAL,ATL,Baltimore Ravens @ Atlanta Falcons,Sun 10/11 08:20 PM ET,1.39,1.39,2.05,0.0,0.1,2.37,4.99,1.69,,,,0.0,0.0,0.0,0.0,0.0,0.45,3.97,0.09,0.0,,,,,,,,2026-10-08 10:24 ET
Robert Burke,Model_Burke v1,Charlie Woerner,00-0036429,TE,ATL,BAL,Baltimore Ravens @ Atlanta Falcons,Sun 10/11 08:20 PM ET,1.31,1.31,1.94,0.0,0.0,2.29,7.26,1.69,,,,0.0,0.0,0.0,0.03,0.0,0.64,5.18,0.02,0.0,,,,,,,,2026-10-08 10:24 ET
Robert Burke,Model_Burke v1,Josh Cuevas,00-0040887,TE,BAL,ATL,Baltimore Ravens @ Atlanta Falcons,Sun 10/11 08:20 PM ET,1.28,1.28,1.9,0.0,0.0,2.27,6.92,1.68,,,,0.0,0.0,0.0,0.23,0.0,0.59,6.08,0.01,0.0,,,,,,,,2026-10-08 10:24 ET
Robert Burke,Model_Burke v1,Elijah Sarratt,00-0040876,WR,BAL,ATL,Baltimore Ravens @ Atlanta Falcons,Sun 10/11 08:20 PM ET,1.08,1.08,2.09,0.0,0.0,2.98,6.16,2.21,,,,0.0,0.0,0.0,0.15,0.0,0.5,4.79,0.01,0.0,,,,,,,,2026-10-08 10:24 ET
Robert Burke,Model_Burke v1,Rasheen Ali,00-0039796,RB,BAL,ATL,Baltimore Ravens @ Atlanta Falcons,Sun 10/11 08:20 PM ET,0.32,0.32,1.15,0.0,0.04,1.37,3.18,0.98,,,,0.0,0.0,0.0,0.62,0.0,0.11,0.76,0.01,0.0,,,,,,,,2026-10-08 10:24 ET
Robert Burke,Model_Burke v1,Puka Nacua,00-0039075,WR,LA,BUF,Buffalo Bills @ Los Angeles Rams,Mon 10/12 08:15 PM ET,22.07,22.07,23.2,12.72,16.47,27.85,35.68,8.43,,,,0.0,0.0,0.0,4.43,0.08,7.03,98.35,0.71,0.0,,,,,,,,2026-10-08 10:24 ET
Robert Burke,Model_Burke v1,Josh Allen,00-0034857,QB,BUF,LA,Buffalo Bills @ Los Angeles Rams,Mon 10/12 08:15 PM ET,21.59,21.59,21.51,10.02,16.39,26.33,30.86,7.37,,,,243.92,1.44,0.84,33.17,0.81,0.0,0.0,0.0,0.2,,,,,,,,2026-10-08 10:24 ET
Robert Burke,Model_Burke v1,Matthew Stafford,00-0026498,QB,LA,BUF,Buffalo Bills @ Los Angeles Rams,Mon 10/12 08:15 PM ET,18.44,18.44,18.76,8.47,13.3,24.28,28.55,8.13,,,,277.2,2.16,0.78,4.96,0.01,0.0,0.0,0.0,0.12,,,,,,,,2026-10-08 10:24 ET
Robert Burke,Model_Burke v1,Kyren Williams,00-0037840,RB,LA,BUF,Buffalo Bills @ Los Angeles Rams,Mon 10/12 08:15 PM ET,17.4,17.4,18.55,9.33,12.51,23.78,31.19,8.35,,,,0.0,0.0,0.0,71.95,0.72,2.88,21.5,0.18,0.1,,,,,,,,2026-10-08 10:24 ET
Robert Burke,Model_Burke v1,Davante Adams,00-0031381,WR,LA,BUF,Buffalo Bills @ Los Angeles Rams,Mon 10/12 08:15 PM ET,15.4,15.4,16.48,6.46,9.46,21.65,28.26,9.03,,,,0.0,0.0,0.0,0.0,0.0,4.17,66.2,0.77,0.0,,,,,,,,2026-10-08 10:24 ET
Robert Burke,Model_Burke v1,James Cook,00-0037248,RB,BUF,LA,Buffalo Bills @ Los Angeles Rams,Mon 10/12 08:15 PM ET,15.03,15.03,16.27,7.17,10.41,20.43,27.5,7.43,,,,0.0,0.0,0.0,81.51,0.63,1.68,12.81,0.08,0.15,,,,,,,,2026-10-08 10:24 ET
Robert Burke,Model_Burke v1,D.J. Moore,00-0034827,WR,BUF,LA,Buffalo Bills @ Los Angeles Rams,Mon 10/12 08:15 PM ET,9.63,9.63,10.96,3.22,5.29,15.43,20.53,7.51,Q,Q,,0.0,0.0,0.0,1.91,0.0,3.51,45.77,0.23,0.0,,,,,,,,2026-10-08 10:24 ET
Robert Burke,Model_Burke v1,Dalton Kincaid,00-0038933,TE,BUF,LA,Buffalo Bills @ Los Angeles Rams,Mon 10/12 08:15 PM ET,9.35,9.35,10.43,2.99,5.56,14.58,19.39,6.68,,,,0.0,0.0,0.0,0.0,0.0,3.57,45.12,0.23,0.05,,,,,,,,2026-10-08 10:24 ET
Robert Burke,Model_Burke v1,Khalil Shakir,00-0037261,WR,BUF,LA,Buffalo Bills @ Los Angeles Rams,Mon 10/12 08:15 PM ET,8.79,8.79,10.12,2.53,4.56,13.46,19.4,6.59,,,,0.0,0.0,0.0,0.07,0.0,3.95,40.63,0.15,0.06,,,,,,,,2026-10-08 10:24 ET
Robert Burke,Model_Burke v1,Harrison Mevis,,K,LA,BUF,Buffalo Bills @ Los Angeles Rams,Mon 10/12 08:15 PM ET,7.68,7.68,7.68,2.69,4.99,10.37,13.06,3.84,,,,,,,,,,,,,1.34,0.51,3.08,,,,,2026-10-08 10:24 ET
Robert Burke,Model_Burke v1,Keon Coleman,00-0039901,WR,BUF,LA,Buffalo Bills @ Los Angeles Rams,Mon 10/12 08:15 PM ET,6.75,6.75,8.07,1.57,3.91,11.78,16.68,5.83,,,,0.0,0.0,0.0,0.05,0.0,2.48,32.91,0.16,0.0,,,,,,,,2026-10-08 10:24 ET
Robert Burke,Model_Burke v1,Tyler Higbee,00-0033110,TE,LA,BUF,Buffalo Bills @ Los Angeles Rams,Mon 10/12 08:15 PM ET,6.63,6.63,7.4,1.14,2.98,10.04,14.64,5.23,,,,0.0,0.0,0.0,0.0,0.0,2.49,27.22,0.25,0.06,,,,,,,,2026-10-08 10:24 ET
Robert Burke,Model_Burke v1,Tyler Bass,,K,BUF,LA,Buffalo Bills @ Los Angeles Rams,Mon 10/12 08:15 PM ET,6.59,6.59,6.59,2.31,4.28,8.89,11.2,3.29,,,,,,,,,,,,,1.18,0.28,2.67,,,,,2026-10-08 10:24 ET
Robert Burke,Model_Burke v1,Rams,,DST,LA,BUF,Buffalo Bills @ Los Angeles Rams,Mon 10/12 08:15 PM ET,5.77,5.77,5.77,2.02,3.75,7.79,9.8,2.88,,,,,,,,,,,,,,,,2.01,0.89,0.13,25.2,2026-10-08 10:24 ET
Robert Burke,Model_Burke v1,Blake Corum,00-0039738,RB,LA,BUF,Buffalo Bills @ Los Angeles Rams,Mon 10/12 08:15 PM ET,5.28,5.28,6.75,1.55,2.91,9.29,13.41,4.72,,,,0.0,0.0,0.0,32.75,0.14,0.65,4.43,0.01,0.0,,,,,,,,2026-10-08 10:24 ET
Robert Burke,Model_Burke v1,Colby Parkinson,00-0036244,TE,LA,BUF,Buffalo Bills @ Los Angeles Rams,Mon 10/12 08:15 PM ET,4.63,4.63,5.92,0.44,2.23,8.64,12.63,4.75,Q,Q,,0.0,0.0,0.0,0.0,0.0,1.82,18.22,0.16,0.0,,,,,,,,2026-10-08 10:24 ET
Robert Burke,Model_Burke v1,Bills,,DST,BUF,LA,Buffalo Bills @ Los Angeles Rams,Mon 10/12 08:15 PM ET,4.36,4.36,4.36,1.53,2.84,5.89,7.42,2.18,,,,,,,,,,,,,,,,1.58,0.81,0.11,28.2,2026-10-08 10:24 ET
Robert Burke,Model_Burke v1,Josh Palmer,00-0036988,WR,BUF,LA,Buffalo Bills @ Los Angeles Rams,Mon 10/12 08:15 PM ET,3.56,3.56,4.65,0.59,1.85,6.19,9.76,3.21,,,,0.0,0.0,0.0,0.0,0.0,1.17,17.06,0.11,0.0,,,,,,,,2026-10-08 10:24 ET
Robert Burke,Model_Burke v1,Ty Johnson,00-0035537,RB,BUF,LA,Buffalo Bills @ Los Angeles Rams,Mon 10/12 08:15 PM ET,3.22,3.22,5.18,0.64,1.72,7.34,12.04,4.16,,,,0.0,0.0,0.0,6.18,0.05,1.05,9.66,0.05,0.0,,,,,,,,2026-10-08 10:24 ET
Robert Burke,Model_Burke v1,Dawson Knox,00-0035689,TE,BUF,LA,Buffalo Bills @ Los Angeles Rams,Mon 10/12 08:15 PM ET,2.6,2.6,3.82,0.34,1.46,5.5,9.21,3.0,,,,0.0,0.0,0.0,0.0,0.0,1.06,10.81,0.08,0.0,,,,,,,,2026-10-08 10:24 ET
Robert Burke,Model_Burke v1,Davis Allen,00-0039074,TE,LA,BUF,Buffalo Bills @ Los Angeles Rams,Mon 10/12 08:15 PM ET,2.27,2.27,3.17,0.0,0.92,4.65,8.19,2.77,,,,0.0,0.0,0.0,0.0,0.0,0.92,8.66,0.08,0.0,,,,,,,,2026-10-08 10:24 ET
Robert Burke,Model_Burke v1,Konata Mumpfield,00-0040590,WR,LA,BUF,Buffalo Bills @ Los Angeles Rams,Mon 10/12 08:15 PM ET,1.85,1.85,3.27,0.0,0.3,4.23,8.87,2.91,Q,Q,,0.0,0.0,0.0,0.0,0.0,0.66,8.04,0.06,0.0,,,,,,,,2026-10-08 10:24 ET
Robert Burke,Model_Burke v1,Jordan Whittington,00-0039751,WR,LA,BUF,Buffalo Bills @ Los Angeles Rams,Mon 10/12 08:15 PM ET,1.47,1.47,2.66,0.02,0.27,3.66,7.5,2.51,,,,0.0,0.0,0.0,0.27,0.0,0.61,6.36,0.03,0.0,,,,,,,,2026-10-08 10:24 ET
Robert Burke,Model_Burke v1,Jackson Hawes,00-0040194,TE,BUF,LA,Buffalo Bills @ Los Angeles Rams,Mon 10/12 08:15 PM ET,1.29,1.29,1.85,0.0,0.0,2.25,6.85,1.66,,,,0.0,0.0,0.0,0.0,0.0,0.47,5.15,0.05,0.0,,,,,,,,2026-10-08 10:24 ET
Robert Burke,Model_Burke v1,Ray Davis,00-0039875,RB,BUF,LA,Buffalo Bills @ Los Angeles Rams,Mon 10/12 08:15 PM ET,0.93,0.93,1.89,0.2,0.46,2.52,4.2,1.53,,,,0.0,0.0,0.0,4.52,0.0,0.18,2.07,0.01,0.0,,,,,,,,2026-10-08 10:24 ET
Robert Burke,Model_Burke v1,Max Klare,,TE,LA,BUF,Buffalo Bills @ Los Angeles Rams,Mon 10/12 08:15 PM ET,0.72,0.72,1.34,0.0,0.0,1.82,5.66,1.35,,,,0.0,0.0,0.0,0.0,0.0,0.28,2.57,0.03,0.0,,,,,,,,2026-10-08 10:24 ET
