team,season,hc,oc,dc,conf
ARI,2011,Ken Whisenhunt,Mike Miller,Ray Horton,H
ARI,2012,Ken Whisenhunt,Mike Miller,Ray Horton,H
ARI,2013,Bruce Arians,Harold Goodwin,Todd Bowles,H
ARI,2014,Bruce Arians,Harold Goodwin,Todd Bowles,H
ARI,2015,Bruce Arians,Harold Goodwin,James Bettcher,H
ARI,2016,Bruce Arians,Harold Goodwin,James Bettcher,H
ARI,2017,Bruce Arians,Harold Goodwin,James Bettcher,H
ARI,2018,Steve Wilks,Mike McCoy,Al Holcomb,H
ARI,2019,Kliff Kingsbury,Kliff Kingsbury,Vance Joseph,H
ARI,2020,Kliff Kingsbury,Kliff Kingsbury,Vance Joseph,H
ARI,2021,Kliff Kingsbury,Kliff Kingsbury,Vance Joseph,H
ARI,2022,Kliff Kingsbury,Kliff Kingsbury,Vance Joseph,H
ARI,2023,Jonathan Gannon,Drew Petzing,Nick Rallis,H
ARI,2024,Jonathan Gannon,Drew Petzing,Nick Rallis,H
ARI,2025,Jonathan Gannon,Drew Petzing,Nick Rallis,H
ATL,2011,Mike Smith,Mike Mularkey,Brian VanGorder,H
ATL,2012,Mike Smith,Dirk Koetter,Mike Nolan,H
ATL,2013,Mike Smith,Dirk Koetter,Mike Nolan,H
ATL,2014,Mike Smith,Dirk Koetter,Mike Nolan,H
ATL,2015,Dan Quinn,Kyle Shanahan,Richard Smith,H
ATL,2016,Dan Quinn,Kyle Shanahan,Richard Smith,H
ATL,2017,Dan Quinn,Steve Sarkisian,Marquand Manuel,H
ATL,2018,Dan Quinn,Steve Sarkisian,Marquand Manuel,H
ATL,2019,Dan Quinn,Dirk Koetter,Dan Quinn,H
ATL,2020,Raheem Morris,Dirk Koetter,Jeff Ulbrich,H
ATL,2021,Arthur Smith,Dave Ragone,Dean Pees,H
ATL,2022,Arthur Smith,Dave Ragone,Dean Pees,H
ATL,2023,Arthur Smith,Dave Ragone,Ryan Nielsen,H
ATL,2024,Raheem Morris,Zac Robinson,Jimmy Lake,H
ATL,2025,Raheem Morris,Zac Robinson,Jeff Ulbrich,H
BAL,2011,John Harbaugh,Cam Cameron,Chuck Pagano,H
BAL,2012,John Harbaugh,Cam Cameron,Dean Pees,H
BAL,2013,John Harbaugh,Jim Caldwell,Dean Pees,H
BAL,2014,John Harbaugh,Gary Kubiak,Dean Pees,H
BAL,2015,John Harbaugh,Marc Trestman,Dean Pees,H
BAL,2016,John Harbaugh,Marc Trestman,Dean Pees,H
BAL,2017,John Harbaugh,Marty Mornhinweg,Dean Pees,H
BAL,2018,John Harbaugh,Marty Mornhinweg,Don Martindale,H
BAL,2019,John Harbaugh,Greg Roman,Don Martindale,H
BAL,2020,John Harbaugh,Greg Roman,Don Martindale,H
BAL,2021,John Harbaugh,Greg Roman,Don Martindale,H
BAL,2022,John Harbaugh,Greg Roman,Mike Macdonald,H
BAL,2023,John Harbaugh,Todd Monken,Mike Macdonald,H
BAL,2024,John Harbaugh,Todd Monken,Zach Orr,H
BAL,2025,John Harbaugh,Todd Monken,Zach Orr,H
BUF,2011,Chan Gailey,Curtis Modkins,George Edwards,H
BUF,2012,Chan Gailey,Curtis Modkins,Dave Wannstedt,H
BUF,2013,Doug Marrone,Nathaniel Hackett,Mike Pettine,H
BUF,2014,Doug Marrone,Nathaniel Hackett,Jim Schwartz,H
BUF,2015,Rex Ryan,Greg Roman,Dennis Thurman,H
BUF,2016,Rex Ryan,Greg Roman,Dennis Thurman,H
BUF,2017,Sean McDermott,Rick Dennison,Leslie Frazier,H
BUF,2018,Sean McDermott,Brian Daboll,Leslie Frazier,H
BUF,2019,Sean McDermott,Brian Daboll,Leslie Frazier,H
BUF,2020,Sean McDermott,Brian Daboll,Leslie Frazier,H
BUF,2021,Sean McDermott,Brian Daboll,Leslie Frazier,H
BUF,2022,Sean McDermott,Ken Dorsey,Leslie Frazier,H
BUF,2023,Sean McDermott,Ken Dorsey,Sean McDermott,H
BUF,2024,Sean McDermott,Joe Brady,Bobby Babich,H
BUF,2025,Sean McDermott,Joe Brady,Bobby Babich,H
CAR,2011,Ron Rivera,Rob Chudzinski,Sean McDermott,H
CAR,2012,Ron Rivera,Rob Chudzinski,Sean McDermott,H
CAR,2013,Ron Rivera,Mike Shula,Sean McDermott,H
CAR,2014,Ron Rivera,Mike Shula,Sean McDermott,H
CAR,2015,Ron Rivera,Mike Shula,Sean McDermott,H
CAR,2016,Ron Rivera,Mike Shula,Sean McDermott,H
CAR,2017,Ron Rivera,Mike Shula,Steve Wilks,H
CAR,2018,Ron Rivera,Norv Turner,Eric Washington,H
CAR,2019,Ron Rivera,Norv Turner,Eric Washington,H
CAR,2020,Matt Rhule,Joe Brady,Phil Snow,H
CAR,2021,Matt Rhule,Joe Brady,Phil Snow,H
CAR,2022,Steve Wilks,Ben McAdoo,Al Holcomb,H
CAR,2023,Frank Reich,Thomas Brown,Ejiro Evero,H
CAR,2024,Dave Canales,Brad Idzik,Ejiro Evero,H
CAR,2025,Dave Canales,Brad Idzik,Ejiro Evero,H
CHI,2011,Lovie Smith,Mike Martz,Rod Marinelli,H
CHI,2012,Lovie Smith,Mike Tice,Rod Marinelli,H
CHI,2013,Marc Trestman,Aaron Kromer,Mel Tucker,H
CHI,2014,Marc Trestman,Aaron Kromer,Mel Tucker,H
CHI,2015,John Fox,Adam Gase,Vic Fangio,H
CHI,2016,John Fox,Dowell Loggains,Vic Fangio,H
CHI,2017,John Fox,Dowell Loggains,Vic Fangio,H
CHI,2018,Matt Nagy,Mark Helfrich,Vic Fangio,H
CHI,2019,Matt Nagy,Mark Helfrich,Chuck Pagano,H
CHI,2020,Matt Nagy,Bill Lazor,Chuck Pagano,H
CHI,2021,Matt Nagy,Bill Lazor,Sean Desai,H
CHI,2022,Matt Eberflus,Luke Getsy,Alan Williams,H
CHI,2023,Matt Eberflus,Luke Getsy,Matt Eberflus,H
CHI,2024,Matt Eberflus,Shane Waldron,Eric Washington,H
CHI,2025,Ben Johnson,Declan Doyle,Dennis Allen,H
CIN,2011,Marvin Lewis,Jay Gruden,Mike Zimmer,H
CIN,2012,Marvin Lewis,Jay Gruden,Mike Zimmer,H
CIN,2013,Marvin Lewis,Jay Gruden,Mike Zimmer,H
CIN,2014,Marvin Lewis,Hue Jackson,Paul Guenther,H
CIN,2015,Marvin Lewis,Hue Jackson,Paul Guenther,H
CIN,2016,Marvin Lewis,Ken Zampese,Paul Guenther,H
CIN,2017,Marvin Lewis,Bill Lazor,Paul Guenther,H
CIN,2018,Marvin Lewis,Bill Lazor,Teryl Austin,H
CIN,2019,Zac Taylor,Brian Callahan,Lou Anarumo,H
CIN,2020,Zac Taylor,Brian Callahan,Lou Anarumo,H
CIN,2021,Zac Taylor,Brian Callahan,Lou Anarumo,H
CIN,2022,Zac Taylor,Brian Callahan,Lou Anarumo,H
CIN,2023,Zac Taylor,Brian Callahan,Lou Anarumo,H
CIN,2024,Zac Taylor,Dan Pitcher,Lou Anarumo,H
CIN,2025,Zac Taylor,Dan Pitcher,Al Golden,H
CLE,2011,Pat Shurmur,Pat Shurmur,Dick Jauron,H
CLE,2012,Pat Shurmur,Brad Childress,Dick Jauron,H
CLE,2013,Rob Chudzinski,Norv Turner,Ray Horton,H
CLE,2014,Mike Pettine,Kyle Shanahan,Jim O'Neil,H
CLE,2015,Mike Pettine,John DeFilippo,Jim O'Neil,H
CLE,2016,Hue Jackson,Hue Jackson,Ray Horton,H
CLE,2017,Hue Jackson,Hue Jackson,Gregg Williams,H
CLE,2018,Hue Jackson,Todd Haley,Gregg Williams,L
CLE,2019,Freddie Kitchens,Todd Monken,Steve Wilks,H
CLE,2020,Kevin Stefanski,Alex Van Pelt,Joe Woods,H
CLE,2021,Kevin Stefanski,Alex Van Pelt,Joe Woods,H
CLE,2022,Kevin Stefanski,Alex Van Pelt,Joe Woods,H
CLE,2023,Kevin Stefanski,Alex Van Pelt,Jim Schwartz,H
CLE,2024,Kevin Stefanski,Ken Dorsey,Jim Schwartz,H
CLE,2025,Kevin Stefanski,Tommy Rees,Jim Schwartz,H
DAL,2011,Jason Garrett,Jason Garrett,Rob Ryan,H
DAL,2012,Jason Garrett,Jason Garrett,Rob Ryan,H
DAL,2013,Jason Garrett,Bill Callahan,Monte Kiffin,H
DAL,2014,Jason Garrett,Scott Linehan,Rod Marinelli,H
DAL,2015,Jason Garrett,Scott Linehan,Rod Marinelli,H
DAL,2016,Jason Garrett,Scott Linehan,Rod Marinelli,H
DAL,2017,Jason Garrett,Scott Linehan,Rod Marinelli,H
DAL,2018,Jason Garrett,Scott Linehan,Rod Marinelli,H
DAL,2019,Jason Garrett,Kellen Moore,Rod Marinelli,H
DAL,2020,Mike McCarthy,Kellen Moore,Mike Nolan,H
DAL,2021,Mike McCarthy,Kellen Moore,Dan Quinn,H
DAL,2022,Mike McCarthy,Kellen Moore,Dan Quinn,H
DAL,2023,Mike McCarthy,Brian Schottenheimer,Dan Quinn,H
DAL,2024,Mike McCarthy,Brian Schottenheimer,Mike Zimmer,H
DAL,2025,Brian Schottenheimer,Klayton Adams,Matt Eberflus,H
DEN,2011,John Fox,Mike McCoy,Dennis Allen,H
DEN,2012,John Fox,Mike McCoy,Jack Del Rio,H
DEN,2013,John Fox,Adam Gase,Jack Del Rio,H
DEN,2014,John Fox,Adam Gase,Jack Del Rio,H
DEN,2015,Gary Kubiak,Rick Dennison,Wade Phillips,H
DEN,2016,Gary Kubiak,Rick Dennison,Wade Phillips,H
DEN,2017,Vance Joseph,Mike McCoy,Joe Woods,H
DEN,2018,Vance Joseph,Bill Musgrave,Joe Woods,H
DEN,2019,Vic Fangio,Rich Scangarello,Ed Donatell,H
DEN,2020,Vic Fangio,Pat Shurmur,Ed Donatell,H
DEN,2021,Vic Fangio,Pat Shurmur,Ed Donatell,H
DEN,2022,Nathaniel Hackett,Justin Outten,Ejiro Evero,H
DEN,2023,Sean Payton,Joe Lombardi,Vance Joseph,H
DEN,2024,Sean Payton,Joe Lombardi,Vance Joseph,H
DEN,2025,Sean Payton,Joe Lombardi,Vance Joseph,H
DET,2011,Jim Schwartz,Scott Linehan,Gunther Cunningham,H
DET,2012,Jim Schwartz,Scott Linehan,Gunther Cunningham,H
DET,2013,Jim Schwartz,Scott Linehan,Gunther Cunningham,H
DET,2014,Jim Caldwell,Joe Lombardi,Teryl Austin,H
DET,2015,Jim Caldwell,Jim Bob Cooter,Teryl Austin,H
DET,2016,Jim Caldwell,Jim Bob Cooter,Teryl Austin,H
DET,2017,Jim Caldwell,Jim Bob Cooter,Teryl Austin,H
DET,2018,Matt Patricia,Jim Bob Cooter,Paul Pasqualoni,H
DET,2019,Matt Patricia,Darrell Bevell,Paul Pasqualoni,H
DET,2020,Matt Patricia,Darrell Bevell,Cory Undlin,H
DET,2021,Dan Campbell,Anthony Lynn,Aaron Glenn,H
DET,2022,Dan Campbell,Ben Johnson,Aaron Glenn,H
DET,2023,Dan Campbell,Ben Johnson,Aaron Glenn,H
DET,2024,Dan Campbell,Ben Johnson,Aaron Glenn,H
DET,2025,Dan Campbell,John Morton,Kelvin Sheppard,H
GB,2011,Mike McCarthy,Joe Philbin,Dom Capers,H
GB,2012,Mike McCarthy,Tom Clements,Dom Capers,H
GB,2013,Mike McCarthy,Tom Clements,Dom Capers,H
GB,2014,Mike McCarthy,Tom Clements,Dom Capers,H
GB,2015,Mike McCarthy,Edgar Bennett,Dom Capers,H
GB,2016,Mike McCarthy,Edgar Bennett,Dom Capers,H
GB,2017,Mike McCarthy,Edgar Bennett,Dom Capers,H
GB,2018,Mike McCarthy,Joe Philbin,Mike Pettine,H
GB,2019,Matt LaFleur,Nathaniel Hackett,Mike Pettine,H
GB,2020,Matt LaFleur,Nathaniel Hackett,Mike Pettine,H
GB,2021,Matt LaFleur,Nathaniel Hackett,Joe Barry,H
GB,2022,Matt LaFleur,Adam Stenavich,Joe Barry,H
GB,2023,Matt LaFleur,Adam Stenavich,Joe Barry,H
GB,2024,Matt LaFleur,Adam Stenavich,Jeff Hafley,H
GB,2025,Matt LaFleur,Adam Stenavich,Jeff Hafley,H
HOU,2011,Gary Kubiak,Rick Dennison,Wade Phillips,H
HOU,2012,Gary Kubiak,Rick Dennison,Wade Phillips,H
HOU,2013,Gary Kubiak,Rick Dennison,Wade Phillips,H
HOU,2014,Bill O'Brien,Bill O'Brien,Romeo Crennel,H
HOU,2015,Bill O'Brien,George Godsey,Romeo Crennel,H
HOU,2016,Bill O'Brien,George Godsey,Romeo Crennel,H
HOU,2017,Bill O'Brien,Bill O'Brien,Mike Vrabel,H
HOU,2018,Bill O'Brien,Bill O'Brien,Romeo Crennel,H
HOU,2019,Bill O'Brien,Tim Kelly,Romeo Crennel,H
HOU,2020,Romeo Crennel,Tim Kelly,Anthony Weaver,H
HOU,2021,David Culley,Tim Kelly,Lovie Smith,H
HOU,2022,Lovie Smith,Pep Hamilton,Lovie Smith,H
HOU,2023,DeMeco Ryans,Bobby Slowik,Matt Burke,H
HOU,2024,DeMeco Ryans,Bobby Slowik,Matt Burke,H
HOU,2025,DeMeco Ryans,Nick Caley,Matt Burke,H
IND,2011,Jim Caldwell,Clyde Christensen,Larry Coyer,H
IND,2012,Chuck Pagano,Bruce Arians,Greg Manusky,H
IND,2013,Chuck Pagano,Pep Hamilton,Greg Manusky,H
IND,2014,Chuck Pagano,Pep Hamilton,Greg Manusky,H
IND,2015,Chuck Pagano,Pep Hamilton,Greg Manusky,L
IND,2016,Chuck Pagano,Rob Chudzinski,Ted Monachino,H
IND,2017,Chuck Pagano,Rob Chudzinski,Ted Monachino,H
IND,2018,Frank Reich,Nick Sirianni,Matt Eberflus,H
IND,2019,Frank Reich,Nick Sirianni,Matt Eberflus,H
IND,2020,Frank Reich,Nick Sirianni,Matt Eberflus,H
IND,2021,Frank Reich,Marcus Brady,Matt Eberflus,H
IND,2022,Frank Reich,Marcus Brady,Gus Bradley,H
IND,2023,Shane Steichen,Jim Bob Cooter,Gus Bradley,H
IND,2024,Shane Steichen,Jim Bob Cooter,Gus Bradley,H
IND,2025,Shane Steichen,Jim Bob Cooter,Lou Anarumo,H
JAX,2011,Jack Del Rio,Dirk Koetter,Mel Tucker,H
JAX,2012,Mike Mularkey,Bob Bratkowski,Mel Tucker,H
JAX,2013,Gus Bradley,Jedd Fisch,Bob Babich,H
JAX,2014,Gus Bradley,Jedd Fisch,Bob Babich,H
JAX,2015,Gus Bradley,Greg Olson,Bob Babich,H
JAX,2016,Gus Bradley,Greg Olson,Todd Wash,H
JAX,2017,Doug Marrone,Nathaniel Hackett,Todd Wash,H
JAX,2018,Doug Marrone,Nathaniel Hackett,Todd Wash,H
JAX,2019,Doug Marrone,John DeFilippo,Todd Wash,H
JAX,2020,Doug Marrone,Jay Gruden,Todd Wash,H
JAX,2021,Urban Meyer,Darrell Bevell,Joe Cullen,H
JAX,2022,Doug Pederson,Press Taylor,Mike Caldwell,H
JAX,2023,Doug Pederson,Press Taylor,Mike Caldwell,H
JAX,2024,Doug Pederson,Press Taylor,Ryan Nielsen,H
JAX,2025,Liam Coen,Grant Udinski,Anthony Campanile,H
KC,2011,Todd Haley,Bill Muir,Romeo Crennel,H
KC,2012,Romeo Crennel,Brian Daboll,Romeo Crennel,H
KC,2013,Andy Reid,Doug Pederson,Bob Sutton,H
KC,2014,Andy Reid,Doug Pederson,Bob Sutton,H
KC,2015,Andy Reid,Doug Pederson,Bob Sutton,H
KC,2016,Andy Reid,Matt Nagy,Bob Sutton,H
KC,2017,Andy Reid,Matt Nagy,Bob Sutton,H
KC,2018,Andy Reid,Eric Bieniemy,Bob Sutton,H
KC,2019,Andy Reid,Eric Bieniemy,Steve Spagnuolo,H
KC,2020,Andy Reid,Eric Bieniemy,Steve Spagnuolo,H
KC,2021,Andy Reid,Eric Bieniemy,Steve Spagnuolo,H
KC,2022,Andy Reid,Eric Bieniemy,Steve Spagnuolo,H
KC,2023,Andy Reid,Matt Nagy,Steve Spagnuolo,H
KC,2024,Andy Reid,Matt Nagy,Steve Spagnuolo,H
KC,2025,Andy Reid,Matt Nagy,Steve Spagnuolo,H
LV,2011,Hue Jackson,Al Saunders,Chuck Bresnahan,H
LV,2012,Dennis Allen,Greg Knapp,Jason Tarver,H
LV,2013,Dennis Allen,Greg Olson,Jason Tarver,H
LV,2014,Tony Sparano,Greg Olson,Jason Tarver,H
LV,2015,Jack Del Rio,Bill Musgrave,Ken Norton Jr.,H
LV,2016,Jack Del Rio,Bill Musgrave,Ken Norton Jr.,H
LV,2017,Jack Del Rio,Todd Downing,Ken Norton Jr.,H
LV,2018,Jon Gruden,Greg Olson,Paul Guenther,H
LV,2019,Jon Gruden,Greg Olson,Paul Guenther,H
LV,2020,Jon Gruden,Greg Olson,Paul Guenther,H
LV,2021,Rich Bisaccia,Greg Olson,Gus Bradley,H
LV,2022,Josh McDaniels,Mick Lombardi,Patrick Graham,H
LV,2023,Antonio Pierce,Bo Hardegree,Patrick Graham,H
LV,2024,Antonio Pierce,Luke Getsy,Patrick Graham,H
LV,2025,Pete Carroll,Chip Kelly,Patrick Graham,H
LAC,2011,Norv Turner,Clarence Shelmon,Greg Manusky,H
LAC,2012,Norv Turner,Hal Hunter,John Pagano,H
LAC,2013,Mike McCoy,Ken Whisenhunt,John Pagano,H
LAC,2014,Mike McCoy,Frank Reich,John Pagano,H
LAC,2015,Mike McCoy,Frank Reich,John Pagano,H
LAC,2016,Mike McCoy,Ken Whisenhunt,John Pagano,H
LAC,2017,Anthony Lynn,Ken Whisenhunt,Gus Bradley,H
LAC,2018,Anthony Lynn,Ken Whisenhunt,Gus Bradley,H
LAC,2019,Anthony Lynn,Ken Whisenhunt,Gus Bradley,H
LAC,2020,Anthony Lynn,Shane Steichen,Gus Bradley,H
LAC,2021,Brandon Staley,Joe Lombardi,Renaldo Hill,H
LAC,2022,Brandon Staley,Joe Lombardi,Renaldo Hill,H
LAC,2023,Brandon Staley,Kellen Moore,Derrick Ansley,H
LAC,2024,Jim Harbaugh,Greg Roman,Jesse Minter,H
LAC,2025,Jim Harbaugh,Greg Roman,Jesse Minter,H
LA,2011,Steve Spagnuolo,Josh McDaniels,Ken Flajole,H
LA,2012,Jeff Fisher,Brian Schottenheimer,Blake Williams,H
LA,2013,Jeff Fisher,Brian Schottenheimer,Tim Walton,H
LA,2014,Jeff Fisher,Brian Schottenheimer,Gregg Williams,H
LA,2015,Jeff Fisher,Frank Cignetti Jr.,Gregg Williams,H
LA,2016,Jeff Fisher,Rob Boras,Gregg Williams,H
LA,2017,Sean McVay,Matt LaFleur,Wade Phillips,H
LA,2018,Sean McVay,Sean McVay,Wade Phillips,H
LA,2019,Sean McVay,Sean McVay,Wade Phillips,H
LA,2020,Sean McVay,Kevin O'Connell,Brandon Staley,H
LA,2021,Sean McVay,Kevin O'Connell,Raheem Morris,H
LA,2022,Sean McVay,Liam Coen,Raheem Morris,H
LA,2023,Sean McVay,Mike LaFleur,Raheem Morris,H
LA,2024,Sean McVay,Mike LaFleur,Chris Shula,H
LA,2025,Sean McVay,Mike LaFleur,Chris Shula,H
MIA,2011,Tony Sparano,Brian Daboll,Mike Nolan,H
MIA,2012,Joe Philbin,Mike Sherman,Kevin Coyle,H
MIA,2013,Joe Philbin,Mike Sherman,Kevin Coyle,H
MIA,2014,Joe Philbin,Bill Lazor,Kevin Coyle,H
MIA,2015,Dan Campbell,Bill Lazor,Kevin Coyle,H
MIA,2016,Adam Gase,Clyde Christensen,Vance Joseph,H
MIA,2017,Adam Gase,Clyde Christensen,Matt Burke,H
MIA,2018,Adam Gase,Dowell Loggains,Matt Burke,H
MIA,2019,Brian Flores,Chad O'Shea,Patrick Graham,H
MIA,2020,Brian Flores,Chan Gailey,Josh Boyer,H
MIA,2021,Brian Flores,George Godsey,Josh Boyer,L
MIA,2022,Mike McDaniel,Frank Smith,Josh Boyer,H
MIA,2023,Mike McDaniel,Frank Smith,Vic Fangio,H
MIA,2024,Mike McDaniel,Frank Smith,Anthony Weaver,H
MIA,2025,Mike McDaniel,Frank Smith,Anthony Weaver,H
MIN,2011,Leslie Frazier,Bill Musgrave,Fred Pagac,H
MIN,2012,Leslie Frazier,Bill Musgrave,Alan Williams,H
MIN,2013,Leslie Frazier,Bill Musgrave,Alan Williams,H
MIN,2014,Mike Zimmer,Norv Turner,George Edwards,H
MIN,2015,Mike Zimmer,Norv Turner,George Edwards,H
MIN,2016,Mike Zimmer,Pat Shurmur,George Edwards,H
MIN,2017,Mike Zimmer,Pat Shurmur,George Edwards,H
MIN,2018,Mike Zimmer,John DeFilippo,George Edwards,H
MIN,2019,Mike Zimmer,Kevin Stefanski,George Edwards,H
MIN,2020,Mike Zimmer,Gary Kubiak,Andre Patterson,H
MIN,2021,Mike Zimmer,Klint Kubiak,Andre Patterson,H
MIN,2022,Kevin O'Connell,Wes Phillips,Ed Donatell,H
MIN,2023,Kevin O'Connell,Wes Phillips,Brian Flores,H
MIN,2024,Kevin O'Connell,Wes Phillips,Brian Flores,H
MIN,2025,Kevin O'Connell,Wes Phillips,Brian Flores,H
NE,2011,Bill Belichick,Bill O'Brien,Bill Belichick,L
NE,2012,Bill Belichick,Josh McDaniels,Matt Patricia,H
NE,2013,Bill Belichick,Josh McDaniels,Matt Patricia,H
NE,2014,Bill Belichick,Josh McDaniels,Matt Patricia,H
NE,2015,Bill Belichick,Josh McDaniels,Matt Patricia,H
NE,2016,Bill Belichick,Josh McDaniels,Matt Patricia,H
NE,2017,Bill Belichick,Josh McDaniels,Matt Patricia,H
NE,2018,Bill Belichick,Josh McDaniels,Brian Flores,L
NE,2019,Bill Belichick,Josh McDaniels,Bill Belichick,L
NE,2020,Bill Belichick,Josh McDaniels,Steve Belichick,L
NE,2021,Bill Belichick,Josh McDaniels,Steve Belichick,L
NE,2022,Bill Belichick,Matt Patricia,Steve Belichick,L
NE,2023,Bill Belichick,Bill O'Brien,Steve Belichick,L
NE,2024,Jerod Mayo,Alex Van Pelt,DeMarcus Covington,H
NE,2025,Mike Vrabel,Josh McDaniels,Terrell Williams,H
NO,2011,Sean Payton,Pete Carmichael Jr.,Gregg Williams,H
NO,2012,Joe Vitt,Pete Carmichael Jr.,Steve Spagnuolo,H
NO,2013,Sean Payton,Pete Carmichael Jr.,Rob Ryan,H
NO,2014,Sean Payton,Pete Carmichael Jr.,Rob Ryan,H
NO,2015,Sean Payton,Pete Carmichael Jr.,Rob Ryan,H
NO,2016,Sean Payton,Pete Carmichael Jr.,Dennis Allen,H
NO,2017,Sean Payton,Pete Carmichael Jr.,Dennis Allen,H
NO,2018,Sean Payton,Pete Carmichael Jr.,Dennis Allen,H
NO,2019,Sean Payton,Pete Carmichael Jr.,Dennis Allen,H
NO,2020,Sean Payton,Pete Carmichael Jr.,Dennis Allen,H
NO,2021,Sean Payton,Pete Carmichael Jr.,Dennis Allen,H
NO,2022,Dennis Allen,Pete Carmichael Jr.,Ryan Nielsen,H
NO,2023,Dennis Allen,Pete Carmichael Jr.,Joe Woods,H
NO,2024,Dennis Allen,Klint Kubiak,Joe Woods,H
NO,2025,Kellen Moore,Doug Nussmeier,Brandon Staley,H
NYG,2011,Tom Coughlin,Kevin Gilbride,Perry Fewell,H
NYG,2012,Tom Coughlin,Kevin Gilbride,Perry Fewell,H
NYG,2013,Tom Coughlin,Kevin Gilbride,Perry Fewell,H
NYG,2014,Tom Coughlin,Ben McAdoo,Perry Fewell,H
NYG,2015,Tom Coughlin,Ben McAdoo,Steve Spagnuolo,H
NYG,2016,Ben McAdoo,Mike Sullivan,Steve Spagnuolo,H
NYG,2017,Ben McAdoo,Mike Sullivan,Steve Spagnuolo,H
NYG,2018,Pat Shurmur,Mike Shula,James Bettcher,H
NYG,2019,Pat Shurmur,Mike Shula,James Bettcher,H
NYG,2020,Joe Judge,Jason Garrett,Patrick Graham,H
NYG,2021,Joe Judge,Jason Garrett,Patrick Graham,H
NYG,2022,Brian Daboll,Mike Kafka,Don Martindale,H
NYG,2023,Brian Daboll,Mike Kafka,Don Martindale,H
NYG,2024,Brian Daboll,Mike Kafka,Shane Bowen,H
NYG,2025,Brian Daboll,Mike Kafka,Shane Bowen,H
NYJ,2011,Rex Ryan,Brian Schottenheimer,Mike Pettine,H
NYJ,2012,Rex Ryan,Tony Sparano,Mike Pettine,H
NYJ,2013,Rex Ryan,Marty Mornhinweg,Dennis Thurman,H
NYJ,2014,Rex Ryan,Marty Mornhinweg,Dennis Thurman,H
NYJ,2015,Todd Bowles,Chan Gailey,Kacy Rodgers,H
NYJ,2016,Todd Bowles,Chan Gailey,Kacy Rodgers,H
NYJ,2017,Todd Bowles,John Morton,Kacy Rodgers,H
NYJ,2018,Todd Bowles,Jeremy Bates,Kacy Rodgers,H
NYJ,2019,Adam Gase,Dowell Loggains,Gregg Williams,H
NYJ,2020,Adam Gase,Dowell Loggains,Gregg Williams,H
NYJ,2021,Robert Saleh,Mike LaFleur,Jeff Ulbrich,H
NYJ,2022,Robert Saleh,Mike LaFleur,Jeff Ulbrich,H
NYJ,2023,Robert Saleh,Nathaniel Hackett,Jeff Ulbrich,H
NYJ,2024,Jeff Ulbrich,Nathaniel Hackett,Marquand Manuel,H
NYJ,2025,Aaron Glenn,Tanner Engstrand,Steve Wilks,H
PHI,2011,Andy Reid,Marty Mornhinweg,Juan Castillo,H
PHI,2012,Andy Reid,Marty Mornhinweg,Todd Bowles,H
PHI,2013,Chip Kelly,Pat Shurmur,Bill Davis,H
PHI,2014,Chip Kelly,Pat Shurmur,Bill Davis,H
PHI,2015,Chip Kelly,Pat Shurmur,Bill Davis,H
PHI,2016,Doug Pederson,Frank Reich,Jim Schwartz,H
PHI,2017,Doug Pederson,Frank Reich,Jim Schwartz,H
PHI,2018,Doug Pederson,Mike Groh,Jim Schwartz,H
PHI,2019,Doug Pederson,Mike Groh,Jim Schwartz,H
PHI,2020,Doug Pederson,Press Taylor,Jim Schwartz,H
PHI,2021,Nick Sirianni,Shane Steichen,Jonathan Gannon,H
PHI,2022,Nick Sirianni,Shane Steichen,Jonathan Gannon,H
PHI,2023,Nick Sirianni,Brian Johnson,Sean Desai,H
PHI,2024,Nick Sirianni,Kellen Moore,Vic Fangio,H
PHI,2025,Nick Sirianni,Kevin Patullo,Vic Fangio,H
PIT,2011,Mike Tomlin,Bruce Arians,Dick LeBeau,H
PIT,2012,Mike Tomlin,Todd Haley,Dick LeBeau,H
PIT,2013,Mike Tomlin,Todd Haley,Dick LeBeau,H
PIT,2014,Mike Tomlin,Todd Haley,Dick LeBeau,H
PIT,2015,Mike Tomlin,Todd Haley,Keith Butler,H
PIT,2016,Mike Tomlin,Todd Haley,Keith Butler,H
PIT,2017,Mike Tomlin,Todd Haley,Keith Butler,H
PIT,2018,Mike Tomlin,Randy Fichtner,Keith Butler,H
PIT,2019,Mike Tomlin,Randy Fichtner,Keith Butler,H
PIT,2020,Mike Tomlin,Randy Fichtner,Keith Butler,H
PIT,2021,Mike Tomlin,Matt Canada,Keith Butler,H
PIT,2022,Mike Tomlin,Matt Canada,Teryl Austin,H
PIT,2023,Mike Tomlin,Matt Canada,Teryl Austin,H
PIT,2024,Mike Tomlin,Arthur Smith,Teryl Austin,H
PIT,2025,Mike Tomlin,Arthur Smith,Teryl Austin,H
SF,2011,Jim Harbaugh,Greg Roman,Vic Fangio,H
SF,2012,Jim Harbaugh,Greg Roman,Vic Fangio,H
SF,2013,Jim Harbaugh,Greg Roman,Vic Fangio,H
SF,2014,Jim Harbaugh,Greg Roman,Vic Fangio,H
SF,2015,Jim Tomsula,Geep Chryst,Eric Mangini,H
SF,2016,Chip Kelly,Curtis Modkins,Jim O'Neil,H
SF,2017,Kyle Shanahan,Kyle Shanahan,Robert Saleh,H
SF,2018,Kyle Shanahan,Kyle Shanahan,Robert Saleh,H
SF,2019,Kyle Shanahan,Kyle Shanahan,Robert Saleh,H
SF,2020,Kyle Shanahan,Kyle Shanahan,Robert Saleh,H
SF,2021,Kyle Shanahan,Mike McDaniel,DeMeco Ryans,H
SF,2022,Kyle Shanahan,Kyle Shanahan,DeMeco Ryans,H
SF,2023,Kyle Shanahan,Kyle Shanahan,Steve Wilks,H
SF,2024,Kyle Shanahan,Kyle Shanahan,Nick Sorensen,H
SF,2025,Kyle Shanahan,Klay Kubiak,Robert Saleh,H
SEA,2011,Pete Carroll,Darrell Bevell,Gus Bradley,H
SEA,2012,Pete Carroll,Darrell Bevell,Gus Bradley,H
SEA,2013,Pete Carroll,Darrell Bevell,Dan Quinn,H
SEA,2014,Pete Carroll,Darrell Bevell,Dan Quinn,H
SEA,2015,Pete Carroll,Darrell Bevell,Kris Richard,H
SEA,2016,Pete Carroll,Darrell Bevell,Kris Richard,H
SEA,2017,Pete Carroll,Darrell Bevell,Kris Richard,H
SEA,2018,Pete Carroll,Brian Schottenheimer,Ken Norton Jr.,H
SEA,2019,Pete Carroll,Brian Schottenheimer,Ken Norton Jr.,H
SEA,2020,Pete Carroll,Brian Schottenheimer,Ken Norton Jr.,H
SEA,2021,Pete Carroll,Shane Waldron,Ken Norton Jr.,H
SEA,2022,Pete Carroll,Shane Waldron,Clint Hurtt,H
SEA,2023,Pete Carroll,Shane Waldron,Clint Hurtt,H
SEA,2024,Mike Macdonald,Ryan Grubb,Aden Durde,H
SEA,2025,Mike Macdonald,Klint Kubiak,Aden Durde,H
TB,2011,Raheem Morris,Greg Olson,Raheem Morris,H
TB,2012,Greg Schiano,Mike Sullivan,Bill Sheridan,H
TB,2013,Greg Schiano,Mike Sullivan,Bill Sheridan,H
TB,2014,Lovie Smith,Jeff Tedford,Leslie Frazier,H
TB,2015,Lovie Smith,Dirk Koetter,Leslie Frazier,H
TB,2016,Dirk Koetter,Todd Monken,Mike Smith,H
TB,2017,Dirk Koetter,Todd Monken,Mike Smith,H
TB,2018,Dirk Koetter,Todd Monken,Mark Duffner,H
TB,2019,Bruce Arians,Byron Leftwich,Todd Bowles,H
TB,2020,Bruce Arians,Byron Leftwich,Todd Bowles,H
TB,2021,Bruce Arians,Byron Leftwich,Todd Bowles,H
TB,2022,Todd Bowles,Byron Leftwich,Larry Foote,L
TB,2023,Todd Bowles,Dave Canales,Larry Foote,L
TB,2024,Todd Bowles,Liam Coen,Larry Foote,L
TB,2025,Todd Bowles,Josh Grizzard,Todd Bowles,H
TEN,2011,Mike Munchak,Chris Palmer,Jerry Gray,H
TEN,2012,Mike Munchak,Chris Palmer,Jerry Gray,H
TEN,2013,Mike Munchak,Dowell Loggains,Jerry Gray,H
TEN,2014,Ken Whisenhunt,Jason Michael,Ray Horton,H
TEN,2015,Mike Mularkey,Jason Michael,Ray Horton,H
TEN,2016,Mike Mularkey,Terry Robiskie,Dick LeBeau,H
TEN,2017,Mike Mularkey,Terry Robiskie,Dick LeBeau,H
TEN,2018,Mike Vrabel,Matt LaFleur,Dean Pees,H
TEN,2019,Mike Vrabel,Arthur Smith,Dean Pees,H
TEN,2020,Mike Vrabel,Arthur Smith,Mike Vrabel,L
TEN,2021,Mike Vrabel,Todd Downing,Shane Bowen,H
TEN,2022,Mike Vrabel,Todd Downing,Shane Bowen,H
TEN,2023,Mike Vrabel,Tim Kelly,Shane Bowen,H
TEN,2024,Brian Callahan,Nick Holz,Dennard Wilson,H
TEN,2025,Mike McCoy,Nick Holz,Dennard Wilson,H
WAS,2011,Mike Shanahan,Kyle Shanahan,Jim Haslett,H
WAS,2012,Mike Shanahan,Kyle Shanahan,Jim Haslett,H
WAS,2013,Mike Shanahan,Kyle Shanahan,Jim Haslett,H
WAS,2014,Jay Gruden,Sean McVay,Jim Haslett,H
WAS,2015,Jay Gruden,Sean McVay,Joe Barry,H
WAS,2016,Jay Gruden,Sean McVay,Joe Barry,H
WAS,2017,Jay Gruden,Matt Cavanaugh,Greg Manusky,H
WAS,2018,Jay Gruden,Matt Cavanaugh,Greg Manusky,H
WAS,2019,Bill Callahan,Kevin O'Connell,Greg Manusky,H
WAS,2020,Ron Rivera,Scott Turner,Jack Del Rio,H
WAS,2021,Ron Rivera,Scott Turner,Jack Del Rio,H
WAS,2022,Ron Rivera,Scott Turner,Jack Del Rio,H
WAS,2023,Ron Rivera,Eric Bieniemy,Jack Del Rio,H
WAS,2024,Dan Quinn,Kliff Kingsbury,Joe Whitt Jr.,H
WAS,2025,Dan Quinn,Kliff Kingsbury,Joe Whitt Jr.,H
