Rank,Player,"AVG PICK","7 DAY +/-","AVG SALARY","7 DAY +/-","%ROST"
1,"Jahmyr Gibbs
DETRB",1.3,0,70.9,0.2,99.9
2,"Bijan Robinson
ATLRB",2.4,0,68,0.2,99.9
3,"Ja'Marr ChaseQ
CINWR",4.2,0,62.9,0.2,99.9
4,"Puka NacuaQ
LARWR",5.4,0,59.9,0.1,99.9
5,"Jonathan Taylor
INDRB",6.2,0,58.6,0.3,99.9
6,"Jaxon Smith-Njigba
SEAWR",6.4,0,59.7,0.2,99.9
7,"Christian McCaffreyQ
SFRB",7.7,0,56.3,0.1,99.9
8,"Amon-Ra St. Brown
DETWR",8.5,0,57.5,0.2,99.9
9,"James Cook III
BUFRB",10.1,0,54.4,0.2,99.9
10,"CeeDee Lamb
DALWR",11.6,0,51.6,0.3,99.9
11,"Justin Jefferson
MINWR",12.3,0.1,51.1,0.3,99.9
12,"De'Von Achane
MIARB",13.3,-0.2,47.6,-0.1,99.9
13,"Saquon Barkley
PHIRB",14.1,0,48.1,0.3,99.9
14,"Derrick Henry
BALRB",16.5,0,43.5,0.2,99.8
15,"Omarion Hampton
LACRB",17.8,-0.1,44,0.3,99.6
16,"Chase Brown
CINRB",17.8,-0.1,43.7,0.2,99.6
17,"Josh Allen
BUFQB",19,0.1,39.3,0.3,99.9
18,"Drake London
ATLWR",20.8,-0.1,36.3,0,99.8
19,"A.J. Brown
NEWR",21.5,-0.1,37,0.1,99.7
20,"Ashton JeantyQ
LVRB",21.6,0,37.8,0.2,99.7
21,"Trey McBride
ARITE",23.5,-0.1,33.4,-0.1,99.9
22,"Brock Bowers
LVTE",23.9,0,33.8,0.1,99.9
23,"Kenneth Walker III
KCRB",24.3,0.1,36.4,0.3,99.6
24,"Jeremiyah LoveQ
ARIRB",25.2,0.1,34,0.2,99.4
25,"Nico Collins
HOUWR",25.9,0,33.3,0.2,99.7
26,"George Pickens
DALWR",28.3,-0.1,30.4,0.1,99.7
27,"Rashee Rice
KCWR",29.2,0.1,29.3,0.2,99.6
28,"Chris Olave
NOWR",29.8,-0.1,29.5,0.1,99.4
29,"Javonte Williams
DALRB",32.4,-0.1,28.3,0.3,99.1
30,"Lamar Jackson
BALQB",33.2,0.4,25.4,0.6,99.8
31,"Kyren Williams
LARRB",34.6,-0.2,27.1,0.1,98.8
32,"Breece HallQ
NYJRB",35.7,0,25.6,0.2,98.8
33,"Malik NabersQ
NYGWR",35.8,-0.2,26.5,0,99.1
34,"DeVonta Smith
PHIWR",36.2,0,23.8,0.1,99.3
35,"Garrett Wilson
NYJWR",37.1,-0.1,22.9,-0.1,99
36,"Travis Etienne Jr.
NORB",39.3,-0.1,22.5,0.2,98.3
37,"Colston Loveland
CHITE",42.2,0.1,18.5,0,99.6
38,"Tetairoa McMillan
CARWR",43,-0.1,19.6,0.1,98.8
39,"Zay FlowersQ
BALWR",43.8,0,20.4,0.2,98.6
40,"Cam Skattebo
NYGRB",45.3,-0.3,18.4,0,98.7
41,"Emeka EgbukaQ
TBWR",45.4,-0.2,20.1,0,98.1
42,"Davante Adams
LARWR",46,-0.1,17.4,0.1,98.7
43,"Ladd McConkey
LACWR",46.3,-0.2,20.3,0.1,97.8
44,"Drake Maye
NEQB",46.5,0.1,16.5,0.3,99.4
45,"Quinshon Judkins
CLERB",47.7,-0.1,18.6,0.2,97.1
46,"Tyler WarrenQ
INDTE",51.4,0.1,12.5,0.1,99.1
47,"Jayden Daniels
WSHQB",52.5,0.3,14.9,0.3,99
48,"Joe Burrow
CINQB",52.8,0.3,14.6,0.3,98.2
49,"D'Andre SwiftQ
CHIRB",53,-0.5,16.5,0,95.9
50,"Tee HigginsQ
CINWR",53,-0.4,16.4,0.1,97.3
51,"Jaylen Waddle
DENWR",53.4,-0.4,15.5,-0.1,97
52,"Jalen Hurts
PHIQB",53.9,0.5,13.8,0.3,98.5
53,"Bucky Irving
TBRB",56.4,-0.2,14.3,0.1,96.6
54,"DJ Moore
BUFWR",58.3,-0.1,13.5,0.2,95.9
55,"Terry McLaurin
WSHWR",60.9,-0.1,11.3,0.1,96.1
56,"David Montgomery
HOURB",62,-0.5,12.2,0,94.9
57,"Bhayshul TutenQ
JAXRB",62.3,-0.6,13.5,0,93.9
58,"Jameson Williams
DETWR",64.4,0,10.7,0.1,95.6
59,"Jadarian Price
SEARB",66,-0.3,13.6,0.1,94.1
60,"Rome OdunzeQ
CHIWR",67.8,-0.6,9.9,-0.1,94.9
61,"Kyle Pitts Sr.
ATLTE",68.7,0,6.3,0,96.7
62,"George KittleQ
SFTE",69,0.3,5.9,0.1,94.5
63,"Harold Fannin Jr.
CLETE",70.6,0.1,5.5,0,95.6
64,"Dak Prescott
DALQB",71.9,0,9.1,0.2,94.1
65,"Luther Burden IIIQ
CHIWR",74.7,-0.2,9,0.1,93
66,"Sam LaPortaQ
DETTE",75,0.1,5.7,0.1,95.8
67,"Rhamondre Stevenson
NERB",76.8,0.1,7.1,0.3,91.6
68,"TreVeyon HendersonQ
NERB",77.7,-0.9,7.3,-0.1,92.4
69,"Marvin Harrison Jr.
ARIWR",79.4,-0.1,6.8,0,92.3
70,"Brandon Aubrey
DALK",80.5,0.8,5,0,99.9
71,"Carnell TateQ
TENWR",81.1,-0.7,6.1,-0.1,92.9
72,"Jaxson Dart
NYGQB",81.9,0.3,7.4,0.2,94.3
73,"Courtland Sutton
DENWR",82,-0.2,5.3,0,92.6
74,"Mike EvansQ
SFWR",83.8,-0.5,6.2,0,91
75,"Caleb Williams
CHIQB",85,0.1,7.9,0.2,91.8
76,"Jaylen Warren
PITRB",85.3,-0.2,5.2,0.1,90.8
77,"Justin Herbert
LACQB",85.5,-0.1,7.3,0.2,92.5
78,"DK MetcalfQ
PITWR",86,-0.3,5.2,0,92.1
79,"Tony Pollard
TENRB",86,-0.2,5.5,0.1,90.1
80,"Christian Watson
GBWR",88.7,-0.3,5.9,0.1,89.9
81,"Parker Washington
JAXWR",90.4,-0.4,6,0.1,89.3
82,"Michael Pittman Jr.Q
PITWR",90.6,-0.5,4.2,0,90.3
83,"Tucker KraftQ
GBTE",90.8,0.2,4.5,0,91.1
84,"Texans D/ST
HOUD/ST",92.3,0.5,3.8,0,98.9
85,"Matthew Stafford
LARQB",93.2,-0.1,6.4,0.1,92.8
86,"Travis Kelce
KCTE",93.8,0.1,3,-0.1,91.2
87,"Rico Dowdle
PITRB",97.1,-0.5,4.1,0.1,89.1
88,"Rams D/ST
LARD/ST",97.7,-0.2,4.6,0,97.7
89,"Broncos D/ST
DEND/ST",98,0.5,3,0,98.7
90,"Kenny Gainwell
TBRB",100,-0.4,3,0,86.3
91,"Josh JacobsDTD
GBRB",100.9,-0.5,4.5,0,91.3
92,"Dallas Goedert
PHITE",101.2,0,2.2,0,90.4
93,"Trevor Lawrence
JAXQB",103.6,0.2,6.1,0.2,88.6
94,"MarShawn Lloyd
GBRB",103.6,-1.5,5.3,-0.1,81
95,"Bo Nix
DENQB",104.1,0.1,6.1,0.1,88.8
96,"Stefon Diggs
WSHWR",104.2,-0.6,2.7,0,83.8
97,"Alec Pierce
INDWR",104.8,0.4,3.4,0.1,86.4
98,"Jonathon BrooksQ
CARRB",105,-0.7,3.8,0,84.6
99,"Michael Wilson
ARIWR",105.2,-0.5,3.1,0,86.4
100,"Brock Purdy
SFQB",108.9,0.3,4.7,0.2,
101,"Cameron DickerQ
LACK",109,0.9,2.1,0,98.7
102,"Patrick MahomesQ
KCQB",109.3,-0.1,5.5,0.1,86.6
103,"J.K. Dobbins
DENRB",111.4,-0.2,3.2,0.1,84.5
104,"Wan'Dale RobinsonQ
TENWR",111.7,-0.8,2.2,0,82.4
105,"Chuba HubbardQ
CARRB",111.8,-0.3,2.5,0.1,84.9
106,"Jason Myers
SEAK",112.3,0.8,1.8,0,98.4
107,"Seahawks D/ST
SEAD/ST",112.8,0.5,2.5,0,98.1
108,"Brian Thomas Jr.
JAXWR",113.3,-0.2,2.8,0,84.5
109,"Jake Ferguson
DALTE",114.8,-0.4,1.8,0,86
110,"Matthew Golden
GBWR",115.3,-0.6,2.2,0,85
111,"Aaron Jones Sr.
MINRB",117.2,-0.6,1.9,0,81.9
112,"Travis Hunter
JAXWR, CB",118.9,-0.5,1.7,0,74.4
113,"Jakobi MeyersQ
JAXWR",121.4,-0.3,1.6,0,80.4
114,"Steelers D/ST
PITD/ST",121.5,0.8,1.5,0,96.6
115,"Isaiah Likely
NYGTE",122.5,-0.3,2,0,81.5
116,"Ka'imi Fairbairn
HOUK",122.5,0.6,1.7,0,95.6
117,"Jordan Addison
MINWR",124.8,-0.9,2,0,80.5
118,"Chris Godwin Jr.
TBWR",125.2,-1,2.2,0,76.8
119,"Kyle MonangaiQ
CHIRB",125.2,-0.3,2,0,78.8
120,"Mark Andrews
BALTE",126.4,-0.1,1.5,0,81.7
121,"Blake Corum
LARRB",127.3,-0.4,2.8,0,77.7
122,"RJ Harvey
DENRB",128.8,-0.7,1.8,0,76.4
123,"Harrison Mevis
LARK",129.1,0.7,1.4,0,93.3
124,"Rachaad WhiteQ
WSHRB",129.3,-0.5,1.4,0,74.7
125,"Dalton Kincaid
BUFTE",132,-0.4,1.5,0,75.6
126,"Xavier Worthy
KCWR",133.2,-0.6,1.5,0,76.3
127,"Ravens D/ST
BALD/ST",133.8,0.4,1.4,0,90.8
128,"Quentin Johnston
LACWR",135.2,-0.5,1.9,0,75
129,"Makai Lemon
PHIWR",135.8,-0.9,1.5,0,74.1
130,"Kyler Murray
MINQB",137,-0.4,3.1,0.1,68
131,"Eagles D/ST
PHID/ST",137.5,0.3,1.4,0,88.8
132,"Jacory Croskey-MerrittQ
WSHRB",137.6,-0.5,1.9,0,71.7
133,"Jared Goff
DETQB",137.6,-0.1,2.9,0.1,69.8
134,"De'Zhaun StriblingQ
SFWR",137.9,-0.3,2.3,0,65.2
135,"Josh DownsQ
INDWR",138.1,-0.7,1.3,0,70.8
136,"Khalil ShakirQ
BUFWR",138.6,-0.6,1.1,0,70.5
137,"Jayden Reed
GBWR",139.9,-0.4,1.3,0,71.6
138,"Jordan Mason
MINRB",140.5,-0.2,2.3,0.1,68.5
139,"Cam Little
JAXK",140.5,0.3,1.4,0,88.7
140,"Eddy Pineiro
SFK",142.5,0.7,1.1,0,85.4
141,"Harrison Butker
KCK",143.8,0.3,1.2,0,81.8
142,"Deebo Samuel Sr.
SFWR",145.1,-0.5,1.1,0,68.6
143,"Baker Mayfield
TBQB",147.8,-0.2,2.2,0.1,58
144,"KC Concepcion
CLEWR",148.7,-0.5,1.3,0,65
145,"Romeo Doubs
NEWR",148.8,-0.5,1,0,61.9
146,"Tyjae Spears
TENRB",151.4,-0.2,0.9,0,55.9
147,"Woody Marks
HOURB",152.4,-0.2,1,0,59.8
148,"Tyler Shough
NOQB",152.8,-0.2,1.9,0.1,48.8
149,"Hunter Henry
NETE",153,-0.2,0.7,0,55.8
150,"Patriots D/ST
NED/ST",154.1,0,1,0,
151,"T.J. Hockenson
MINTE",154.3,-0.1,0.7,0,60.5
152,"Jalen Coker
CARWR",154.8,-0.3,0.8,0,51.1
153,"Lions D/ST
DETD/ST",155.3,0.2,0.9,0,71.7
154,"Jordan Love
GBQB",155.4,0.1,1.9,0.1,42.6
155,"Zach CharbonnetO
SEARB",155.9,-0.1,1.1,0,55.1
156,"Jake Bates
DETK",156.3,0.2,1,0,72.5
157,"Juwan Johnson
NOTE",157.2,0.1,0.7,0,46.1
158,"Browns D/ST
CLED/ST",158.4,0.1,0.8,0,59.6
159,"Rashid Shaheed
SEAWR",160.4,0,0.7,0,44.3
160,"Daniel Jones
INDQB",161.1,0,1.2,0,36.8
161,"Sam Darnold
SEAQB",162.6,0.1,1.2,0.1,26.9
162,"Mike Washington Jr.
LVRB",162.7,0,0.8,0,40.2
163,"Jonah Coleman
DENRB",162.9,0,0.7,0,29.5
164,"Jalen McMillanQ
TBWR",163.5,-0.1,0.6,0,33
165,"Alvin KamaraQ
NORB",163.6,-0.2,0.5,0,38.5
166,"Tyler Allgeier
ARIRB",164,-0.1,0.6,0,36.3
167,"Chris Rodriguez Jr.
JAXRB",164.6,0,0.6,0,31.7
168,"Chris Boswell
PITK",164.8,0,0.4,0,38
169,"Tank DellIR
HOUWR",165,0,0.4,0,34.3
170,"Chargers D/ST
LACD/ST",165,0.1,0.6,0,55
171,"C.J. Stroud
HOUQB",165.3,0.1,0.9,0,24.6
172,"Tyler Loop
BALK",165.5,0.3,0.7,0,52.4
173,"Keenan Allen
INDWR",165.7,-0.1,0.4,0,29.9
174,"Chiefs D/ST
KCD/ST",166.5,0.1,0.4,0,37.7
175,"Isiah PachecoIR
DETRB",166.9,-0.6,0.3,0,36.1
176,"Kenyon SadiqQ
NYJTE",167,-0.3,0.4,0,39.3
177,"Jaguars D/ST
JAXD/ST",167.2,0.3,0.5,0,56
178,"Malik Willis
MIAQB",167.4,0.1,0.9,0,21.4
179,"Cowboys D/ST
DALD/ST",167.5,-0.1,0.2,0,12.1
180,"Will Reichard
MINK",167.7,0.2,0.5,0,32.8
181,"Terrance FergusonQ
LARTE",167.8,0.2,0.4,0,26.5
182,"Brian Robinson Jr.
ATLRB",168,-0.1,1.6,0.1,27.2
183,"Jordyn TysonIR
NOWR",168.1,0,0.5,0,37.2
184,"Trey Smack
GBK",168.3,0.1,0.2,0,14.3
185,"Bryce Young
CARQB",168.7,0.1,0.5,0,10.7
186,"Brenton Strange
JAXTE",168.7,-0.2,0.2,0,23.2
187,"Cairo Santos
CHIK",168.8,0.2,0.4,0,34.3
188,"Fernando Mendoza
LVQB",168.8,0,0.3,0,8.8
189,"Jerry Jeudy
CLEWR",168.8,0,0.4,0.1,28
190,"Vikings D/ST
MIND/ST",168.9,0.1,0.3,0,13.3
191,"Dalton Schultz
HOUTE",168.9,0,0.2,0,18.2
192,"Denzel Boston
CLEWR",169,0,0.3,0,26.2
193,"Bills D/ST
BUFD/ST",169,0,0.1,0,5
194,"49ers D/ST
SFD/ST",169.1,0,0.1,0,7.4
195,"Aaron Rodgers
PITQB",169.1,0,0.3,0,7.2
196,"Jake Elliott
PHIK",169.1,0.1,0.1,0,8.4
197,"Ja'Kobi Lane
BALWR",169.2,-0.1,0.3,0,17.8
198,"Cam Ward
TENQB",169.2,0.1,0.4,0,9.3
199,"Evan McPherson
CINK",169.3,0.1,0.2,0,21.1
200,"Keaton MitchellQ
LACRB",169.3,0.1,0.4,0,