player,team,position,id,avg_type,pass_yds,pass_yds_sd,pass_tds,pass_tds_sd,pass_int,pass_int_sd,rush_yds,rush_yds_sd,rush_tds,rush_tds_sd,fumbles_lost,fumbles_lost_sd,two_pts,two_pts_sd,return_tds,return_tds_sd,rec,rec_sd,rec_yds,rec_yds_sd,rec_tds,rec_tds_sd,fg_0019,fg_0019_sd,fg_2029,fg_2029_sd,fg_3039,fg_3039_sd,fg_4049,fg_4049_sd,fg_50,fg_50_sd,xp,xp_sd,dst_int,dst_int_sd,dst_sacks,dst_sacks_sd,dst_safety,dst_safety_sd,dst_td,dst_td_sd,dst_blk,dst_blk_sd,idp_solo,idp_solo_sd,idp_sack,idp_sack_sd,idp_int,idp_int_sd,idp_pd,idp_pd_sd,idp_td,idp_td_sd,draft_year,birthdate,injury_status,injury_details,season_year,week
Matthew Stafford,LAR,QB,9431,weighted,267.255803571429,5.33915511126539,2.28387159533074,0.369027861601119,0.522645914396887,0.147593679440969,4.17200549450549,5.13517400448921,0.0088461538461538,0.019214224890698,0.0612293956043956,0.0241501185348839,,,,,,,,,,,,,,,,,,,,,,,,,,,,,,,,,,,,,,,,,,,2009.0,1988-02-07,,,2025,19
Matthew Stafford,LAR,QB,9431,weighted,267.255803571429,5.33915511126539,2.28387159533074,0.369027861601119,0.522645914396887,0.147593679440969,4.17200549450549,5.13517400448921,0.0088461538461538,0.019214224890698,0.0612293956043956,0.0241501185348839,,,,,,,,,,,,,,,,,,,,,,,,,,,,,,,,,,,,,,,,,,,2009.0,2003-05-23,,,2025,19
Drake Maye,NE,QB,16580,weighted,245.131614010989,9.75514975820726,1.74844357976654,0.223910111374191,0.535661478599222,0.127986895351407,26.2788461538462,2.10235261881109,0.215480769230769,0.0336248935587214,0.183688186813187,0.0724503556046516,,,,,,,,,,,,,,,,,,,,,,,,,,,,,,,,,,,,,,,,,,,2024.0,2002-08-30,,,2025,19
Brock Purdy,SF,QB,15698,weighted,242.450240384615,7.95171653538666,1.80556420233463,0.482396511510687,0.900486381322957,0.0974492119535444,17.8625549450549,1.67585409858101,0.206978021978022,0.0662952369750006,0.122458791208791,0.0483002370697678,,,,,,,,,,,,,,,,,,,,,,,,,,,,,,,,,,,,,,,,,,,2022.0,1999-12-27,,,2025,19
Trevor Lawrence,JAC,QB,15237,weighted,246.116236263736,8.50496216058751,1.82916342412451,0.153497893626915,0.712529182879377,0.022754004540856,22.8246428571429,2.50626770406885,0.402554945054945,0.0734818183620816,0.122458791208791,0.0483002370697678,,,,,,,,,,,,,,,,,,,,,,,,,,,,,,,,,,,,,,,,,,,2021.0,1999-10-06,,,2025,19
Josh Allen,BUF,QB,13589,weighted,233.13676510989,10.1253010789333,1.66410505836576,0.20394731775527,0.615175097276265,0.122637728803804,36.2656318681319,2.15913415314126,0.730796703296703,0.0843871071303988,0.0612293956043956,0.0241501185348839,,,,,,,,,,,,,,,,,,,,,,,,,,,,,,,,,,,,,,,,,,,2018.0,1996-05-21,,,2025,19
C.J. Stroud,HOU,QB,16150,weighted,235.633605769231,7.34124704348666,1.56941634241245,0.452663056773535,0.491322957198444,0.096172337352323,15.3001648351648,2.79416427316074,0.0916620879120879,0.0727322592493983,0.0612293956043956,0.0241501185348839,,,,,,,,,,,,,,,,,,,,,,,,,,,,,,,,,,,,,,,,,,,2023.0,2001-10-03,,,2025,19
Justin Herbert,LAC,QB,14779,weighted,232.11739010989,11.1797156718512,1.56410505836576,0.203947317755271,0.686750972762646,0.131696323186022,30.4164697802198,1.91575174278255,0.162568681318681,0.0732077082187789,0.122458791208791,0.0483002370697678,,,,,,,,,,,,,,,,,,,,,,,,,,,,,,,,,,,,,,,,,,,2020.0,1998-03-10,,,2025,19
Jordan Love,GB,QB,14782,weighted,233.109924450549,4.66897594180274,1.59591439688716,0.259677152508529,0.503852140077821,0.116131010860523,12.9062225274725,1.57688879564889,0.0806043956043956,0.0570064030075654,0.0612293956043956,0.0241501185348839,,,,,,,,,,,,,,,,,,,,,,,,,,,,,,,,,,,,,,,,,,,2020.0,1998-11-02,,,2025,19
Caleb Williams,CHI,QB,16579,weighted,230.417637362637,3.73074330839979,1.80243190661479,0.487246059767722,0.542412451361868,0.152176359903244,22.5873351648352,2.03558735136661,0.179752747252747,0.0498904821317962,0.0612293956043956,0.0241501185348839,,,,,,,,,,,,,,,,,,,,,,,,,,,,,,,,,,,,,,,,,,,2024.0,2001-11-18,,,2025,19
Aaron Rodgers,PIT,QB,7836,weighted,222.162754120879,12.050921786288,1.59110894941634,0.552350286087283,0.440486381322957,0.253925813276858,5.73335164835165,2.69260523929695,0.0313049450549451,0.0465811842195369,0.0612293956043956,0.0241501185348839,,,,,,,,,,,,,,,,,,,,,,,,,,,,,,,,,,,,,,,,,,,2005.0,1983-12-02,,,2025,19
Bryce Young,CAR,QB,16148,weighted,203.35,15.3760020327297,1.50050583657588,0.539381777677939,0.643132295719844,0.0541830655461161,20.0237225274725,3.15692335572986,0.180604395604396,0.0570064030075654,0.122458791208791,0.0483002370697678,,,,,,,,,,,,,,,,,,,,,,,,,,,,,,,,,,,,,,,,,,,2023.0,2001-07-25,,,2025,19
Jalen Hurts,PHI,QB,14783,weighted,212.361009615385,9.29927690128105,1.54482490272374,0.133467294003445,0.456381322957198,0.102393020433852,30.5909752747253,2.36468643007829,0.526881868131868,0.0464657207262249,0.122458791208791,0.0483002370697678,,,,,,,,,,,,,,,,,,,,,,,,,,,,,,,,,,,,,,,,,,,2020.0,1998-08-07,,,2025,19
Malik Willis,GB,QB,15694,weighted,33.3772265023113,40.7929902066519,0.413004622496148,0.551543289325507,0.110693374422188,0.127279220613579,9.57318952234206,13.4350288425444,0.15115562403698,0.212132034355964,0.2,3.92534764114705e-17,,,,,,,,,,,,,,,,,,,,,,,,,,,,,,,,,,,,,,,,,,,2022.0,1999-05-25,Q,Shoulder,2025,19
Davis Mills,HOU,QB,15252,weighted,28.0559013867488,34.1249732600628,0.362619414483821,0.480832611206852,0.110693374422188,0.127279220613579,2.01540832049307,2.82842712474619,0.0,0.0,0.0,0.0,,,,,,,,,,,,,,,,,,,,,,,,,,,,,,,,,,,,,,,,,,,2021.0,1998-10-21,,,2025,19
Andy Dalton,CAR,QB,10313,weighted,18.7010169491525,20.3788174337963,0.211463790446841,0.268700576850888,0.0603081664098613,0.0565685424949238,0.503852080123267,0.707106781186547,0.0,0.0,0.0,0.0,,,,,,,,,,,,,,,,,,,,,,,,,,,,,,,,,,,,,,,,,,,2011.0,1987-10-29,,,2025,19
Mac Jones,SF,QB,15241,weighted,18.9987057010786,19.9545533650844,0.161078582434515,0.197989898732233,0.0603081664098613,0.0565685424949238,0.503852080123267,0.707106781186547,0.0,0.0,0.1,1.9626738205735202e-17,,,,,,,,,,,,,,,,,,,,,,,,,,,,,,,,,,,,,,,,,,,2021.0,1998-09-05,,,2025,19
Mason Rudolph,PIT,QB,13595,weighted,17.2837288135593,18.1231468018112,0.211463790446841,0.268700576850888,0.0603081664098613,0.0565685424949238,0.503852080123267,0.707106781186547,0.0,0.0,0.0,0.0,,,,,,,,,,,,,,,,,,,,,,,,,,,,,,,,,,,,,,,,,,,2018.0,1995-07-17,,,2025,19
Mitchell Trubisky,BUF,QB,13115,weighted,10.2546070878274,8.18829652614022,0.110693374422188,0.127279220613579,0.0099229583975346,0.014142135623731,0.503852080123267,0.707106781186547,0.0,0.0,0.0,0.0,,,,,,,,,,,,,,,,,,,,,,,,,,,,,,,,,,,,,,,,,,,2017.0,1994-08-20,,,2025,19
Trey Lance,LAC,QB,15240,weighted,9.75075500770416,7.48118974495367,0.110693374422188,0.127279220613579,0.0603081664098613,0.0565685424949238,1.5115562403698,2.12132034355964,0.0,0.0,0.0,0.0,,,,,,,,,,,,,,,,,,,,,,,,,,,,,,,,,,,,,,,,,,,2021.0,2000-05-09,,,2025,19
Tanner McKee,PHI,QB,15702,weighted,6.55007704160247,9.19238815542512,0.100770416024653,0.14142135623731,0.0,0.0,0.503852080123267,0.707106781186547,0.0,0.0,0.0,0.0,,,,,,,,,,,,,,,,,,,,,,,,,,,,,,,,,,,,,,,,,,,2023.0,2000-04-27,,,2025,19
Joshua Dobbs,NE,QB,13119,weighted,7.42277349768875,5.09823989235501,0.0603081664098613,0.0565685424949238,0.0099229583975346,0.014142135623731,0.0,0.0,0.0,0.0,0.0,0.0,,,,,,,,,,,,,,,,,,,,,,,,,,,,,,,,,,,,,,,,,,,2017.0,1995-01-26,,,2025,19
Tyson Bagent,CHI,QB,16384,weighted,4.03081664098613,5.65685424949238,0.0503852080123267,0.0707106781186548,0.0,0.0,0.503852080123267,0.707106781186547,0.0,0.0,0.0,0.0,,,,,,,,,,,,,,,,,,,,,,,,,,,,,,,,,,,,,,,,,,,2023.0,2000-06-08,,,2025,19
Nick Mullens,JAC,QB,13968,weighted,4.7293374422188,1.03944696834422,0.014884437596302,0.0212132034355964,0.0099229583975346,0.014142135623731,0.0,0.0,0.0,0.0,0.0,0.0,,,,,,,,,,,,,,,,,,,,,,,,,,,,,,,,,,,,,,,,,,,2017.0,1995-03-21,,,2025,19
James Cook,BUF,RB,15715,weighted,,,,,,,88.263646978022,8.0599792823552,0.731364037444096,0.0495816493922944,0.077014652014652,0.0833988053269509,,,,,2.10199175824176,0.320872385019405,19.2708241758242,2.94651640521549,0.106634615384615,0.0144106686680235,,,,,,,,,,,,,,,,,,,,,,,,,,,,,,,,,2022.0,1999-09-25,,,2025,19
Saquon Barkley,PHI,RB,13604,weighted,,,,,,,83.1883516483517,7.64184151639484,0.51908688978133,0.0895325371978525,0.038507326007326,0.0416994026634755,,,,,2.13398351648352,0.161093311791704,16.5447252747253,1.22009417554304,0.1,0.0,,,,,,,,,,,,,,,,,,,,,,,,,,,,,,,,,2018.0,1997-02-09,,,2025,19
Kyren Williams,LAR,RB,15710,weighted,,,,,,,75.1076098901099,4.11333009884902,0.669567371114958,0.0497528360752475,0.038507326007326,0.0416994026634755,,,,,1.98894230769231,0.0240177811133725,13.5920604395604,0.536683261696957,0.0783928571428572,0.0545905173801749,,,,,,,,,,,,,,,,,,,,,,,,,,,,,,,,,2022.0,2000-08-26,,,2025,19
Josh Jacobs,GB,RB,14073,weighted,,,,,,,67.6927060439561,12.108020486899,0.713975214247397,0.0820200192615233,0.077014652014652,0.0833988053269509,,,,,2.14873626373626,0.436959988601458,15.733021978022,3.43277237381048,0.0955769230769231,0.0096071124453489,,,,,,,,,,,,,,,,,,,,,,,,,,,,,,,,,2019.0,1998-02-11,,,2025,19
Travis Etienne,JAC,RB,15253,weighted,,,,,,,62.7575549450549,7.69597649772042,0.430550192157434,0.0854372844666444,0.0,0.0,,,,,2.10271978021978,0.092108309649033,16.3718406593407,0.422837953928058,0.149340659340659,0.0942955757056979,,,,,,,,,,,,,,,,,,,,,,,,,,,,,,,,,2021.0,1999-01-26,,,2025,19
Christian McCaffrey,SF,RB,13130,weighted,,,,,,,66.6775206043956,4.31845292694696,0.487309308381439,0.0860054033600568,0.0,0.0,,,,,5.1096978021978,0.0862334378078056,44.4146978021978,1.32375329876249,0.284519230769231,0.0336248935587214,,,,,,,,,,,,,,,,,,,,,,,,,,,,,,,,,2017.0,1996-06-07,,,2025,19
Woody Marks,HOU,RB,17053,weighted,,,,,,,62.0597321428571,8.2287737034494,0.279408980044788,0.12551856133405,0.0,0.0,,,,,1.47162087912088,0.383576302471531,11.9519368131868,2.38990196022819,0.0977884615384615,0.0048035562226744,,,,,,,,,,,,,,,,,,,,,,,,,,,,,,,,,2025.0,2000-12-29,,,2025,19
D'Andre Swift,CHI,RB,14797,weighted,,,,,,,61.0227197802198,6.72857497158276,0.435601412265872,0.0861498624456366,0.038507326007326,0.0416994026634755,,,,,1.86635989010989,0.22845375316406,16.3669505494506,2.05584095034636,0.068695054945055,0.0465811842195369,,,,,,,,,,,,,,,,,,,,,,,,,,,,,,,,,2020.0,1999-01-14,,,2025,19
Rico Dowdle,CAR,RB,14823,weighted,,,,,,,56.6573557692308,5.43012389400063,0.308495157879259,0.0661369822200214,0.038507326007326,0.0416994026634755,,,,,2.21501373626374,0.25688224406452,15.7068681318681,2.06562999025811,0.0977884615384615,0.0048035562226744,,,,,,,,,,,,,,,,,,,,,,,,,,,,,,,,,2020.0,1998-06-14,,,2025,19
TreVeyon Henderson,NE,RB,17043,weighted,,,,,,,57.8980837912088,5.23932006193907,0.486251165453362,0.0228128981069449,0.038507326007326,0.0416994026634755,,,,,1.89910714285714,0.18772851979996,14.3771565934066,2.17036936543918,0.0775412087912088,0.0483002370697678,,,,,,,,,,,,,,,,,,,,,,,,,,,,,,,,,2025.0,2002-10-22,,,2025,19
Jaylen Warren,PIT,RB,15742,weighted,,,,,,,60.0289148351648,4.63451085863648,0.310841560997963,0.0661124451647962,0.0,0.0,,,,,2.00957417582418,0.260048147747622,16.5769642857143,3.03502916288984,0.0889423076923077,0.0240177811133724,,,,,,,,,,,,,,,,,,,,,,,,,,,,,,,,,2022.0,1998-11-01,,,2025,19
Omarion Hampton,LAC,RB,17044,weighted,,,,,,,56.8373695054945,1.04956741712286,0.439315619597409,0.0815584585466839,0.0,0.0,,,,,2.40839285714286,0.604562778205329,14.4387362637363,3.73805427976684,0.0867307692307692,0.0288213373360469,,,,,,,,,,,,,,,,,,,,,,,,,,,,,,,,,2025.0,2003-03-16,Q,Ankle,2025,19
Rhamondre Stevenson,NE,RB,15259,weighted,,,,,,,44.0168612637363,5.92868678697963,0.417414976334733,0.0651614110980727,0.077014652014652,0.0833988053269509,,,,,2.2028021978022,0.419567180033528,18.937239010989,1.1641450616893,0.102211538461538,0.0048035562226744,,,,,,,,,,,,,,,,,,,,,,,,,,,,,,,,,2021.0,1998-02-23,,,2025,19
Blake Corum,LAR,RB,16593,weighted,,,,,,,44.6831318681319,3.24809993569033,0.32099808055777,0.0316186664290354,0.0,0.0,,,,,0.718337912087912,0.242395662492429,4.51413461538462,1.2936791044473,0.0044230769230769,0.0096071124453489,,,,,,,,,,,,,,,,,,,,,,,,,,,,,,,,,2024.0,2000-11-25,,,2025,19
Chuba Hubbard,CAR,RB,15261,weighted,,,,,,,36.3607623626374,4.81253786835705,0.181723196323808,0.0559846417706423,0.038507326007326,0.0416994026634755,,,,,1.90612637362637,0.0763968373701438,13.2883653846154,3.07797542998522,0.0889423076923077,0.0240177811133724,,,,,,,,,,,,,,,,,,,,,,,,,,,,,,,,,2021.0,1999-06-11,,,2025,19
Kyle Monangai,CHI,RB,17066,weighted,,,,,,,41.620625,0.462363686524298,0.308829285684518,0.013570313330665,0.0,0.0,,,,,1.18332417582418,0.145464518498797,8.60281593406594,2.0560630495417,0.0110576923076923,0.0240177811133724,,,,,,,,,,,,,,,,,,,,,,,,,,,,,,,,,2025.0,2002-06-06,,,2025,19
Kimani Vidal,LAC,RB,16757,weighted,,,,,,,34.2252541208791,4.39974884739764,0.197803884987865,0.0048131387924789,0.0,0.0,,,,,1.20318681318681,0.245446503134129,9.99975274725275,1.69081243675907,0.0154807692307692,0.0336248935587214,,,,,,,,,,,,,,,,,,,,,,,,,,,,,,,,,2024.0,2001-08-28,,,2025,19
Kenneth Gainwell,PIT,RB,15255,weighted,,,,,,,31.1997870879121,2.28675976566642,0.178057107584326,0.0584743862194392,0.0,0.0,,,,,5.06232142857143,0.81573264989647,35.8033928571429,5.89777045193283,0.180096153846154,0.0432320060040704,,,,,,,,,,,,,,,,,,,,,,,,,,,,,,,,,2021.0,1999-03-14,,,2025,19
Emanuel Wilson,GB,RB,16432,weighted,,,,,,,23.5403434065934,5.72560473725409,0.132367465132615,0.0436438002039454,0.0,0.0,,,,,0.950659340659341,0.0942955757056979,6.24747252747253,0.846682779216312,0.0066346153846153,0.0144106686680235,,,,,,,,,,,,,,,,,,,,,,,,,,,,,,,,,2023.0,1999-05-08,,,2025,19
Jawhar Jordan,HOU,RB,16773,weighted,,,,,,,17.1434958791209,12.1381813631375,0.0846838359548502,0.0926596978298446,0.0,0.0,,,,,0.69717032967033,0.39570166843346,4.10424450549451,2.45465407201108,0.0022115384615384,0.0048035562226744,,,,,,,,,,,,,,,,,,,,,,,,,,,,,,,,,2024.0,1999-08-18,Q,Ankle,2025,19
Tank Bigsby,PHI,RB,16164,weighted,,,,,,,17.5136263736264,7.02892066868953,0.0994223258605234,0.0813819498372745,0.0,0.0,,,,,0.192554945054945,0.212499238562863,1.4851510989011,1.69116132824102,0.0022115384615384,0.0048035562226744,,,,,,,,,,,,,,,,,,,,,,,,,,,,,,,,,2023.0,2002-08-30,,,2025,19
Bhayshul Tuten,JAC,RB,17052,weighted,,,,,,,21.6087706043956,4.04266436968508,0.190920792844687,0.0804012944728524,0.038507326007326,0.0416994026634755,,,,,0.313269230769231,0.237164638149764,2.30388736263736,1.86296460718658,0.0268818681318681,0.0464657207262249,,,,,,,,,,,,,,,,,,,,,,,,,,,,,,,,,2025.0,2002-02-14,,,2025,19
Brian Robinson,SF,RB,15716,weighted,,,,,,,21.9063392857143,2.42820553971557,0.0551971987816051,0.0455803427563798,0.0,0.0,,,,,0.335728021978022,0.264227139627284,2.07929945054945,1.6380903457889,0.0044230769230769,0.0096071124453489,,,,,,,,,,,,,,,,,,,,,,,,,,,,,,,,,2022.0,1999-03-22,,,2025,19
Ray Davis,BUF,RB,16603,weighted,,,,,,,12.3356181318681,5.92820990538489,0.0374119582276364,0.04141978306598,0.0,0.0,,,,,0.371497252747253,0.385530493354924,5.08899725274725,3.69554544616249,0.0493406593406593,0.0942955757056979,,,,,,,,,,,,,,,,,,,,,,,,,,,,,,,,,2024.0,1999-11-20,,,2025,19
Nick Chubb,HOU,RB,13610,weighted,,,,,,,15.7582967032967,5.77968954660343,0.0723604503855747,0.0551362533010711,0.0,0.0,,,,,0.215013736263736,0.25688224406452,1.56320054945055,1.68221572356223,0.0022115384615384,0.0048035562226744,,,,,,,,,,,,,,,,,,,,,,,,,,,,,,,,,2018.0,1995-12-27,,,2025,19
Ty Johnson,BUF,RB,14095,weighted,,,,,,,9.60826236263736,2.06602106401605,0.076776878354589,0.0825348860167771,0.0,0.0,,,,,1.26800824175824,0.247975004834284,13.2386675824176,4.25478262681952,0.0933653846153846,0.0144106686680235,,,,,,,,,,,,,,,,,,,,,,,,,,,,,,,,,2019.0,1997-09-17,Q,Ankle,2025,19
Isaac Guerendo,SF,RB,16688,weighted,,,,,,,4.5346687211094,6.36396103067893,0.0503852080123267,0.0707106781186548,0.0,0.0,,,,,0.201540832049307,0.282842712474619,1.00770416024653,1.41421356237309,0.0,0.0,,,,,,,,,,,,,,,,,,,,,,,,,,,,,,,,,2024.0,2000-06-28,,,2025,19
Hassan Haskins,LAC,RB,15720,weighted,,,,,,,4.55673343605547,4.90732106143464,0.0049614791987673,0.0070710678118654,0.0,0.0,,,,,0.330539291217257,0.0989949493661166,1.82634822804314,0.247487373415292,0.0049614791987673,0.0070710678118654,,,,,,,,,,,,,,,,,,,,,,,,,,,,,,,,,2022.0,1999-11-26,,,2025,19
Chris Brooks,GB,RB,16387,weighted,,,,,,,5.30317411402157,2.41830519165799,0.0099229583975346,0.014142135623731,0.0,0.0,,,,,0.622927580893683,0.537401153701776,4.24141756548536,3.9315137033972,0.0049614791987673,0.0070710678118654,,,,,,,,,,,,,,,,,,,,,,,,,,,,,,,,,2023.0,2000-01-11,,,2025,19
AJ Dillon,PHI,RB,14805,weighted,,,,,,,3.52696456086287,4.94974746830583,0.0,0.0,0.1,1.9626738205735202e-17,,,,,0.15115562403698,0.212132034355964,1.5115562403698,2.12132034355964,0.0,0.0,,,,,,,,,,,,,,,,,,,,,,,,,,,,,,,,,2020.0,1998-05-02,,,2025,19
Kyle Juszczyk,SF,RB,11367,weighted,,,,,,,4.51603218817703,2.17587181211774,0.075408122380332,0.0367903493776551,0.0,0.0,,,,,1.00948932219127,0.236905021216521,8.99062209842154,2.44516026808358,0.0393314763231198,0.0515957322123279,,,,,,,,,,,,,,,,,,,,,,,,,,,,,,,,,2013.0,1991-04-23,,,2025,19
Kaleb Johnson,PIT,RB,17048,weighted,,,,,,,5.12181818181818,1.25157900270019,0.0099229583975346,0.014142135623731,0.0,0.0,,,,,0.100770416024653,0.14142135623731,0.503852080123267,0.707106781186547,0.0,0.0,,,,,,,,,,,,,,,,,,,,,,,,,,,,,,,,,2025.0,2003-08-14,,,2025,19
LeQuint Allen,JAC,RB,17061,weighted,,,,,,,5.14884437596302,0.212132034355964,0.014884437596302,0.0212132034355964,0.0,0.0,,,,,0.375963020030817,0.176776695296637,2.31531587057011,0.975807358037435,0.0049614791987673,0.0070710678118654,,,,,,,,,,,,,,,,,,,,,,,,,,,,,,,,,2025.0,2004-08-05,,,2025,19
Will Shipley,PHI,RB,16601,weighted,,,,,,,4.26073959938367,1.05358910396796,0.0099229583975346,0.014142135623731,0.0,0.0,,,,,0.416425269645609,0.261629509039023,2.20616332819723,1.13137084989848,0.0049614791987673,0.0070710678118654,,,,,,,,,,,,,,,,,,,,,,,,,,,,,,,,,2024.0,2002-08-29,,,2025,19
Dare Ogunbowale,HOU,RB,13148,weighted,,,,,,,3.12181818181818,1.25157900270019,0.0049614791987673,0.0070710678118654,0.1,1.9626738205735202e-17,,,,,0.562619414483821,0.480832611206852,4.36545454545455,3.75473700810057,0.0,0.0,,,,,,,,,,,,,,,,,,,,,,,,,,,,,,,,,2017.0,1994-05-04,,,2025,19
Jarquez Hunter,LAR,RB,17064,weighted,,,,,,,2.01540832049307,2.82842712474619,0.0,0.0,0.0,0.0,,,,,0.0,0.0,0.0,0.0,0.0,0.0,,,,,,,,,,,,,,,,,,,,,,,,,,,,,,,,,2025.0,2002-12-29,,,2025,19
Trevor Etienne,CAR,RB,17056,weighted,,,,,,,3.2728813559322,0.388908729652601,0.0099229583975346,0.014142135623731,0.0,0.0,,,,,0.0503852080123267,0.0707106781186548,0.0,0.0,0.0,0.0,,,,,,,,,,,,,,,,,,,,,,,,,,,,,,,,,2025.0,2004-07-09,,,2025,19
D'Ernest Johnson,NE,RB,14331,weighted,,,,,,,1.22052388289676,1.73948268171891,0.0049614791987673,0.0070710678118654,0.0,0.0,,,,,0.219845916795069,0.0282842712474619,1.4713405238829,0.67175144212722,0.0049614791987673,0.0070710678118654,,,,,,,,,,,,,,,,,,,,,,,,,,,,,,,,,2019.0,,,,2025,19
Reggie Gilliam,BUF,RB,15103,weighted,,,,,,,1.68468412942989,0.975807358037436,0.0049614791987673,0.0070710678118654,0.0,0.0,,,,,0.261078582434515,0.197989898732233,2.93602465331279,2.94156420973604,0.0,0.0,,,,,,,,,,,,,,,,,,,,,,,,,,,,,,,,,2020.0,1997-08-20,,,2025,19
Puka Nacua,LAR,WR,16211,weighted,,,,,,,3.28576923076923,2.44913855005866,0.0445398351648352,0.0405648178757741,0.038507326007326,0.0416994026634755,,,,,7.41017857142857,0.494464828410024,96.4917445054945,1.44504053460681,0.719285714285714,0.22586795459214,,,,,,,,,,,,,,,,,,,,,,,,,,,,,,,,,2023.0,2001-05-29,,,2025,19
A.J. Brown,PHI,WR,14104,weighted,,,,,,,0.0,0.0,0.0,0.0,0.0,0.0,,,,,5.60127747252747,0.4680624250267,68.9391071428572,1.74200914208749,0.654972527472528,0.269978208677079,,,,,,,,,,,,,,,,,,,,,,,,,,,,,,,,,2019.0,1997-06-30,,,2025,19
Nico Collins,HOU,WR,15290,weighted,,,,,,,0.0,0.0,0.0,0.0,0.0,0.0,,,,,4.7014010989011,0.623923148020003,66.5544505494506,4.74606215839848,0.36206043956044,0.05031932322767,,,,,,,,,,,,,,,,,,,,,,,,,,,,,,,,,2021.0,1999-03-19,,,2025,19
Stefon Diggs,NE,WR,12186,weighted,,,,,,,0.0,0.0,0.0,0.0,0.0,0.0,,,,,5.22612637362637,0.643876039384398,62.3621016483516,5.09480921535755,0.368695054945055,0.046581184219537,,,,,,,,,,,,,,,,,,,,,,,,,,,,,,,,,2015.0,1993-11-29,,,2025,19
Jakobi Meyers,JAC,WR,14127,weighted,,,,,,,0.298076923076923,0.454365806581621,0.0,0.0,0.038507326007326,0.0416994026634755,,,,,5.16465659340659,0.880336477100021,59.6015521978022,9.75075778665756,0.32603021978022,0.0507873873130918,,,,,,,,,,,,,,,,,,,,,,,,,,,,,,,,,2019.0,1996-11-09,,,2025,19
Christian Watson,GB,WR,15789,weighted,,,,,,,0.873392857142857,1.19373519346034,0.0058928571428571,0.0090459862066912,0.0,0.0,,,,,3.6598489010989,0.268278727457636,61.0720192307692,5.16320465964568,0.403914835164835,0.0801817952503404,,,,,,,,,,,,,,,,,,,,,,,,,,,,,,,,,2022.0,1999-05-12,,,2025,19
Tetairoa McMillan,CAR,WR,17071,weighted,,,,,,,0.430075549450549,0.591960663659844,0.0029464285714285,0.0045229931033456,0.038507326007326,0.0416994026634755,,,,,4.51957417582418,0.400908976251702,60.9723351648352,5.00032757798028,0.395068681318681,0.096235011585621,,,,,,,,,,,,,,,,,,,,,,,,,,,,,,,,,2025.0,2003-04-05,,,2025,19
Parker Washington,JAC,WR,16192,weighted,,,,,,,0.359017857142857,0.551843830601817,0.0029464285714285,0.0045229931033456,0.0,0.0,,,,,4.75820054945055,1.08659134792471,59.858489010989,5.5198436915244,0.373118131868132,0.0464657207262249,,,,,,,,,,,,,,,,,,,,,,,,,,,,,,,,,2023.0,2002-03-21,,,2025,19
Jauan Jennings,SF,WR,14860,weighted,,,,,,,0.0,0.0,0.0,0.0,0.038507326007326,0.0416994026634755,,,,,4.50298076923077,0.505316152981195,53.021771978022,8.85671949627389,0.451043956043956,0.12012848745701,,,,,,,,,,,,,,,,,,,,,,,,,,,,,,,,,2020.0,1997-07-10,,,2025,19
DK Metcalf,PIT,WR,14102,weighted,,,,,,,0.298076923076923,0.454365806581621,0.0,0.0,0.0,0.0,,,,,4.30825549450549,0.629397362201604,57.5063461538462,8.16200970450494,0.388090659340659,0.0880757132090946,,,,,,,,,,,,,,,,,,,,,,,,,,,,,,,,,2019.0,1997-12-14,,,2025,19
DeVonta Smith,PHI,WR,15282,weighted,,,,,,,0.0298076923076923,0.0454365806581621,0.0,0.0,0.0,0.0,,,,,4.49552197802198,0.529525235862106,54.7663461538462,6.60164591681739,0.311057692307692,0.0240177811133724,,,,,,,,,,,,,,,,,,,,,,,,,,,,,,,,,2021.0,1998-11-14,,,2025,19
Ladd McConkey,LAC,WR,16627,weighted,,,,,,,0.0,0.0,0.0,0.0,0.0,0.0,,,,,4.52986263736264,0.46219875911343,54.9245192307692,4.18999198663515,0.359848901098901,0.0523934482726012,,,,,,,,,,,,,,,,,,,,,,,,,,,,,,,,,2024.0,2001-11-11,,,2025,19
Khalil Shakir,BUF,WR,15761,weighted,,,,,,,0.0,0.0,0.0,0.0,0.038507326007326,0.0416994026634755,,,,,4.83909340659341,0.145763675718568,52.4564697802198,5.404930149231,0.322458791208791,0.0483002370697678,,,,,,,,,,,,,,,,,,,,,,,,,,,,,,,,,2022.0,2000-02-03,,,2025,19
Luther Burden,CHI,WR,17070,weighted,,,,,,,1.44008241758242,1.08446135303774,0.0058928571428571,0.0090459862066912,0.0,0.0,,,,,3.92464285714286,0.84766028019475,47.6881181318681,8.34303072600066,0.203571428571429,0.0804895485728992,,,,,,,,,,,,,,,,,,,,,,,,,,,,,,,,,2025.0,2003-12-12,,,2025,19
Davante Adams,LAR,WR,11675,weighted,,,,,,,0.0298076923076923,0.0454365806581621,0.0,0.0,0.0,0.0,,,,,3.91679945054945,0.197815953944435,54.1992032967033,3.50842157685983,0.76385989010989,0.183200912553086,,,,,,,,,,,,,,,,,,,,,,,,,,,,,,,,,2014.0,1992-12-24,,,2025,19
Quentin Johnston,LAC,WR,16188,weighted,,,,,,,0.0,0.0,0.0,0.0,0.038507326007326,0.0416994026634755,,,,,3.68668956043956,0.298376291423987,51.3377747252747,5.11010534984155,0.344065934065934,0.0633473596795749,,,,,,,,,,,,,,,,,,,,,,,,,,,,,,,,,2023.0,2001-09-06,,,2025,19
Jayden Reed,GB,WR,16184,weighted,,,,,,,2.39764423076923,2.01991337201826,0.0058928571428571,0.0090459862066912,0.0,0.0,,,,,3.95325549450549,0.11669709493447,53.1460027472528,1.47101449825315,0.3,0.0,,,,,,,,,,,,,,,,,,,,,,,,,,,,,,,,,2023.0,2000-04-28,,,2025,19
Brian Thomas Jr.,JAC,WR,16618,weighted,,,,,,,0.298076923076923,0.454365806581621,0.0,0.0,0.0,0.0,,,,,3.80523351648352,0.213074800298926,52.6781730769231,1.05305227817106,0.313269230769231,0.0288213373360469,,,,,,,,,,,,,,,,,,,,,,,,,,,,,,,,,2024.0,2002-10-08,,,2025,19
Rome Odunze,CHI,WR,16616,weighted,,,,,,,0.596153846153846,0.908731613163242,0.0,0.0,0.0,0.0,,,,,3.1664010989011,0.39563190788887,40.3454258241758,7.13270511639961,0.331648351648352,0.108439840175907,,,,,,,,,,,,,,,,,,,,,,,,,,,,,,,,,2024.0,2002-06-03,,,2025,19
Romeo Doubs,GB,WR,15779,weighted,,,,,,,0.0,0.0,0.0,0.0,0.0,0.0,,,,,3.33538461538462,0.264973962442444,43.4977060439561,2.22021556414882,0.302211538461538,0.0048035562226744,,,,,,,,,,,,,,,,,,,,,,,,,,,,,,,,,2022.0,2000-04-13,,,2025,19
D.J. Moore,CHI,WR,13635,weighted,,,,,,,3.26809065934066,2.43376449392543,0.0415934065934066,0.0405890411979054,0.038507326007326,0.0416994026634755,,,,,2.79633241758242,0.674228947651381,36.2101236263736,4.6864078753471,0.302554945054945,0.0734818183620816,,,,,,,,,,,,,,,,,,,,,,,,,,,,,,,,,2018.0,1997-04-14,,,2025,19
Jalen Coker,CAR,WR,16809,weighted,,,,,,,0.430075549450549,0.591960663659844,0.0029464285714285,0.0045229931033456,0.038507326007326,0.0416994026634755,,,,,3.18847527472527,0.261238594666972,40.4124725274725,2.06197054827556,0.244065934065934,0.0633473596795749,,,,,,,,,,,,,,,,,,,,,,,,,,,,,,,,,2024.0,2001-10-30,,,2025,19
Kayshon Boutte,NE,WR,16193,weighted,,,,,,,0.0298076923076923,0.0454365806581621,0.0,0.0,0.0,0.0,,,,,2.61531593406593,0.291805644488748,38.1314835164835,3.05918677713663,0.244917582417582,0.0966004741395355,,,,,,,,,,,,,,,,,,,,,,,,,,,,,,,,,2023.0,2002-05-07,Q,Hamstring,2025,19
Jayden Higgins,HOU,WR,17083,weighted,,,,,,,0.0,0.0,0.0,0.0,0.0,0.0,,,,,2.81927197802198,0.273501550525361,36.4659340659341,4.43226627954685,0.236071428571429,0.103756557738953,,,,,,,,,,,,,,,,,,,,,,,,,,,,,,,,,2025.0,2002-12-15,,,2025,19
Ricky Pearsall,SF,WR,16622,weighted,,,,,,,0.701634615384615,0.527311871300965,0.0029464285714285,0.0045229931033456,0.0,0.0,,,,,1.75695054945055,0.847349167814937,21.4696291208791,12.6451346975139,0.0717582417582418,0.0494792706936005,,,,,,,,,,,,,,,,,,,,,,,,,,,,,,,,,2024.0,2000-09-09,Q,Knee - PCL,2025,19
Keenan Allen,LAC,WR,11222,weighted,,,,,,,0.0,0.0,0.0,0.0,0.0,0.0,,,,,3.51245879120879,0.433265165597606,34.6917994505495,3.08592524484787,0.185027472527473,0.0626688574191271,,,,,,,,,,,,,,,,,,,,,,,,,,,,,,,,,2013.0,1992-04-27,,,2025,19
Brandin Cooks,BUF,WR,11674,weighted,,,,,,,-0.0596153846153846,0.0908731613163242,0.0,0.0,0.0,0.0,,,,,2.55818681318681,0.727815673864249,28.7909752747253,9.21343224249899,0.155082417582418,0.0966004741395355,,,,,,,,,,,,,,,,,,,,,,,,,,,,,,,,,2014.0,1993-09-25,,,2025,19
Demario Douglas,NE,WR,16342,weighted,,,,,,,0.0,0.0,0.0,0.0,0.0,0.0,,,,,1.83418956043956,0.640930883234377,23.7692445054945,8.29290702553856,0.133516483516484,0.0473751088736594,,,,,,,,,,,,,,,,,,,,,,,,,,,,,,,,,2023.0,2000-12-08,,,2025,19
Calvin Austin III,PIT,WR,15777,weighted,,,,,,,0.0,0.0,0.0,0.0,0.0,0.0,,,,,2.09502747252747,0.578664528267505,23.4095741758242,4.29278492085833,0.120247252747253,0.0498904821317962,,,,,,,,,,,,,,,,,,,,,,,,,,,,,,,,,2022.0,1999-03-24,,,2025,19
Christian Kirk,HOU,WR,13633,weighted,,,,,,,0.0,0.0,0.0,0.0,0.0,0.0,,,,,2.19472527472528,0.143193118107421,24.3875961538462,3.30902453255058,0.108846153846154,0.019214224890698,,,,,,,,,,,,,,,,,,,,,,,,,,,,,,,,,2018.0,1996-11-18,,,2025,19
Xavier Legette,CAR,WR,16639,weighted,,,,,,,0.0,0.0,0.0,0.0,0.0,0.0,,,,,2.25512362637363,0.215763638609256,23.9336675824176,2.54413395824485,0.106634615384615,0.0144106686680235,,,,,,,,,,,,,,,,,,,,,,,,,,,,,,,,,2024.0,2001-01-29,,,2025,19
Kyle Williams,NE,WR,17134,weighted,,,,,,,0.0,0.0,0.0,0.0,0.0,0.0,,,,,1.34976648351648,0.848273701819436,18.7525274725275,10.9884266143512,0.0845192307692308,0.0336248935587214,,,,,,,,,,,,,,,,,,,,,,,,,,,,,,,,,2025.0,2002-11-13,,,2025,19
Xavier Hutchinson,HOU,WR,16201,weighted,,,,,,,0.596153846153846,0.908731613163242,0.0,0.0,0.0,0.0,,,,,1.82144230769231,0.182771677264539,21.9497527472527,3.98737805624094,0.157637362637363,0.0548111380876692,,,,,,,,,,,,,,,,,,,,,,,,,,,,,,,,,2023.0,2000-06-01,,,2025,19
Tre Harris,LAC,WR,17072,weighted,,,,,,,0.298076923076923,0.454365806581621,0.0,0.0,0.0,0.0,,,,,1.61887362637363,0.518762693119092,21.0347527472527,4.08969134060145,0.0603571428571429,0.0697452032982886,,,,,,,,,,,,,,,,,,,,,,,,,,,,,,,,,2025.0,2002-02-28,,,2025,19
Demarcus Robinson,SF,WR,12785,weighted,,,,,,,0.0,0.0,0.0,0.0,0.0,0.0,,,,,1.82917582417582,0.392344176748799,23.7041071428571,4.18578853303116,0.164271978021978,0.0486327406492428,,,,,,,,,,,,,,,,,,,,,,,,,,,,,,,,,2016.0,1994-09-21,,,2025,19
Kendrick Bourne,SF,WR,13418,weighted,,,,,,,0.0,0.0,0.0,0.0,0.0,0.0,,,,,1.60005571030641,0.163162659269317,19.9711234911792,4.08588856386336,0.0636583101207057,0.0527098721977032,,,,,,,,,,,,,,,,,,,,,,,,,,,,,,,,,2017.0,1995-08-04,,,2025,19
Marquez Valdes-Scantling,PIT,WR,13793,weighted,,,,,,,0.0,0.0,0.0,0.0,0.0,0.0,,,,,1.57626373626374,0.562084135239776,19.4836813186813,7.3150649098136,0.135178571428571,0.0938367794406151,,,,,,,,,,,,,,,,,,,,,,,,,,,,,,,,,2018.0,1994-10-10,,,2025,19
Olamide Zaccheaus,CHI,WR,14592,weighted,,,,,,,0.872175796966883,0.976961930606993,0.0,0.0,0.0,0.0,,,,,1.19229340761374,1.14400116711465,11.2472980501393,10.3611945071185,0.0423212627669452,0.0510820202945905,,,,,,,,,,,,,,,,,,,,,,,,,,,,,,,,,2019.0,1997-07-23,,,2025,19
Tyrell Shavers,BUF,WR,16451,weighted,,,,,,,0.0,0.0,0.0,0.0,0.0,0.0,,,,,1.28604395604396,0.236723475204968,19.8996016483516,2.93528632529178,0.0806043956043956,0.0570064030075654,,,,,,,,,,,,,,,,,,,,,,,,,,,,,,,,,2023.0,1999-08-18,,,2025,19
Adam Thielen,PIT,WR,11938,weighted,,,,,,,0.0,0.0,0.0,0.0,0.0,0.0,,,,,1.74521978021978,0.212578098766387,19.5653021978022,3.49660360499628,0.0797527472527473,0.0498904821317962,,,,,,,,,,,,,,,,,,,,,,,,,,,,,,,,,2014.0,1990-08-22,,,2025,19
Matthew Golden,GB,WR,17075,weighted,,,,,,,1.75878434065934,1.32559910598169,0.0058928571428571,0.0090459862066912,0.0,0.0,,,,,1.31586538461538,0.33307655058522,15.3281043956044,5.10183542416455,0.0176923076923077,0.0384284497813959,,,,,,,,,,,,,,,,,,,,,,,,,,,,,,,,,2025.0,2003-08-01,,,2025,19
Josh Palmer,BUF,WR,15319,weighted,,,,,,,0.0,0.0,0.0,0.0,0.0,0.0,,,,,1.13071428571429,0.485223033802565,13.7943131868132,5.81175161549953,0.0110576923076923,0.0240177811133724,,,,,,,,,,,,,,,,,,,,,,,,,,,,,,,,,2021.0,1999-09-22,Q,Ankle,2025,19
Konata Mumpfield,LAR,WR,17254,weighted,,,,,,,0.0,0.0,0.0,0.0,0.0,0.0,,,,,1.33326923076923,0.570707176191355,14.9984478021978,6.06599125488915,0.10135989010989,0.0807638722573057,,,,,,,,,,,,,,,,,,,,,,,,,,,,,,,,,2025.0,2002-10-24,,,2025,19
Xavier Smith,LAR,WR,16428,weighted,,,,,,,0.0298076923076923,0.0454365806581621,0.0,0.0,0.0,0.0,,,,,1.09425824175824,0.190668082787252,14.3686126373626,4.29779879822762,0.0176923076923077,0.0384284497813959,,,,,,,,,,,,,,,,,,,,,,,,,,,,,,,,,2023.0,1997-09-21,,,2025,19
Keon Coleman,BUF,WR,16617,weighted,,,,,,,0.0,0.0,0.0,0.0,0.1,1.9626738205735202e-17,,,,,1.30197226502311,1.27986327394765,12.7909707241911,10.2742615306405,0.115654853620955,0.120208152801713,,,,,,,,,,,,,,,,,,,,,,,,,,,,,,,,,2024.0,2003-05-17,,,2025,19
Gabriel Davis,BUF,WR,14845,weighted,,,,,,,0.0,0.0,0.0,0.0,0.0,0.0,,,,,1.08820798514392,0.497711625449228,13.672330547818,2.70374986199596,0.130362116991643,0.0565786664256952,,,,,,,,,,,,,,,,,,,,,,,,,,,,,,,,,2020.0,1970-01-01,,,2025,19
Jahan Dotson,PHI,WR,15755,weighted,,,,,,,0.0,0.0,0.0,0.0,0.0,0.0,,,,,1.11633241758242,0.0924014453018625,13.6920467032967,2.14795498998522,0.0401510989010989,0.0523934482726012,,,,,,,,,,,,,,,,,,,,,,,,,,,,,,,,,2022.0,2000-03-22,,,2025,19
Jaylin Noel,HOU,WR,17080,weighted,,,,,,,0.722259615384615,0.548276017659642,0.0029464285714285,0.0045229931033456,0.0,0.0,,,,,1.10787087912088,0.244429643607442,10.8811950549451,3.39549394904699,0.0379395604395604,0.05031932322767,,,,,,,,,,,,,,,,,,,,,,,,,,,,,,,,,2025.0,2002-09-04,,,2025,19
David Moore,CAR,WR,13348,weighted,,,,,,,0.0,0.0,0.0,0.0,0.0,0.0,,,,,0.60462249614792,0.848528137423857,6.55007704160247,9.19238815542512,0.100770416024653,0.14142135623731,,,,,,,,,,,,,,,,,,,,,,,,,,,,,,,,,2017.0,1995-01-15,,,2025,19
Tutu Atwell,LAR,WR,15301,weighted,,,,,,,0.741714639430517,0.643963074733673,0.0043144537294955,0.0048752699345909,0.0,0.0,,,,,0.515468895078923,0.231396261802207,7.58590529247911,3.58660968328323,0.0089693593314763,0.016899383639706,,,,,,,,,,,,,,,,,,,,,,,,,,,,,,,,,2021.0,1999-10-07,,,2025,19
Dyami Brown,JAC,WR,15292,weighted,,,,,,,0.503852080123267,0.707106781186547,0.0,0.0,0.1,1.9626738205735202e-17,,,,,0.648505392912173,0.643467170879758,7.28659476117103,6.7175144212722,0.0049614791987673,0.0070710678118654,,,,,,,,,,,,,,,,,,,,,,,,,,,,,,,,,2021.0,1999-11-01,,,2025,19
Brycen Tremayne,CAR,WR,16949,weighted,,,,,,,0.0,0.0,0.0,0.0,0.0,0.0,,,,,0.797065923862581,0.165190822416575,8.52978644382544,2.00775208138964,0.0119591457753018,0.022532511519608,,,,,,,,,,,,,,,,,,,,,,,,,,,,,,,,,2023.0,1999-11-18,,,2025,19
Jahdae Walker,CHI,WR,17353,weighted,,,,,,,0.0,0.0,0.0,0.0,0.0,0.0,,,,,0.879379982285208,0.141329322126199,10.2346855624446,0.782418535955251,0.0142604074402126,0.0277414735247407,,,,,,,,,,,,,,,,,,,,,,,,,,,,,,,,,2025.0,2002-07-05,,,2025,19
Dontayvion Wicks,GB,WR,16195,weighted,,,,,,,0.0,0.0,0.0,0.0,0.0,0.0,,,,,0.908586666666667,0.014142135623731,10.2171733333333,0.0282842712474626,0.08712,0.0212132034355964,,,,,,,,,,,,,,,,,,,,,,,,,,,,,,,,,2023.0,2001-06-16,O,Concussion,2025,19
Jimmy Horn,CAR,WR,17234,weighted,,,,,,,3.53340761374188,0.466559029134335,0.016802878678459,0.019651296179217,0.0,0.0,,,,,0.982116991643454,0.177678765912391,9.66947075208914,0.545844666160669,0.0546889507892293,0.0511868173619958,,,,,,,,,,,,,,,,,,,,,,,,,,,,,,,,,2025.0,2002-09-12,,,2025,19
Tim Patrick,JAC,WR,13377,weighted,,,,,,,0.0,0.0,0.0,0.0,0.0,0.0,,,,,0.656887519260401,0.346482322781408,7.76237288135593,3.18905158315133,0.120616332819723,0.113137084989848,,,,,,,,,,,,,,,,,,,,,,,,,,,,,,,,,2017.0,1993-11-23,,,2025,19
Roman Wilson,PIT,WR,16629,weighted,,,,,,,0.0,0.0,0.0,0.0,0.1,1.9626738205735202e-17,,,,,0.45346687211094,0.636396103067893,4.5346687211094,6.36396103067893,0.0503852080123267,0.0707106781186548,,,,,,,,,,,,,,,,,,,,,,,,,,,,,,,,,2024.0,2001-06-19,,,2025,19
Darius Cooper,PHI,WR,17333,weighted,,,,,,,0.0,0.0,0.0,0.0,0.0,0.0,,,,,0.676137418755803,0.183648272767001,6.83225626740947,1.76129199079896,0.0119591457753018,0.022532511519608,,,,,,,,,,,,,,,,,,,,,,,,,,,,,,,,,2025.0,2001-11-22,,,2025,19
Ben Skowronek,PIT,WR,15491,weighted,,,,,,,0.0,0.0,0.0,0.0,0.0,0.0,,,,,0.30231124807396,0.424264068711928,4.5346687211094,6.36396103067893,0.0,0.0,,,,,,,,,,,,,,,,,,,,,,,,,,,,,,,,,2021.0,1997-06-27,,,2025,19
Efton Chism,NE,WR,17269,weighted,,,,,,,0.0,0.0,0.0,0.0,0.0,0.0,,,,,0.594020427112349,0.011266255759804,7.14525533890436,0.11845251060826,0.0546889507892293,0.0511868173619958,,,,,,,,,,,,,,,,,,,,,,,,,,,,,,,,,2025.0,2001-10-26,,,2025,19
Derius Davis,LAC,WR,16299,weighted,,,,,,,0.503852080123267,0.707106781186547,0.0,0.0,0.0,0.0,,,,,0.359537750385208,0.0848528137423857,3.65491525423729,0.933380951166243,0.014884437596302,0.0212132034355964,,,,,,,,,,,,,,,,,,,,,,,,,,,,,,,,,2023.0,2000-09-11,,,2025,19
Skyy Moore,SF,WR,15766,weighted,,,,,,,0.503852080123267,0.707106781186547,0.0,0.0,0.0,0.0,,,,,0.149614791987673,0.0707106781186548,2.06946070878274,0.0989949493661167,0.0049614791987673,0.0070710678118654,,,,,,,,,,,,,,,,,,,,,,,,,,,,,,,,,2022.0,2000-09-10,,,2025,19
Devin Duvernay,CHI,WR,14847,weighted,,,,,,,-0.0503852080123267,0.0707106781186548,0.0,0.0,0.0,0.0,,,,,0.150385208012327,0.0707106781186548,0.935500770416025,0.0919238815542512,0.0049614791987673,0.0070710678118654,,,,,,,,,,,,,,,,,,,,,,,,,,,,,,,,,2020.0,1997-09-12,,,2025,19
George Kittle,SF,TE,13299,weighted,,,,,,,1.13260073260073,1.6682081535495,0.0063827838827838,0.0090238677363717,0.0,0.0,,,,,5.58137362637363,0.471260121750296,62.5323489010989,2.24819367180403,0.462101648351648,0.10406310048992,,,,,,,,,,,,,,,,,,,,,,,,,,,,,,,,,2017.0,1993-10-09,,,2025,19
Dalton Schultz,HOU,TE,13772,weighted,,,,,,,0.0,0.0,0.0,0.0,0.0,0.0,,,,,4.82773351648352,0.128462326108301,49.3380357142857,5.25868682136791,0.27532967032967,0.0471477878528489,,,,,,,,,,,,,,,,,,,,,,,,,,,,,,,,,2018.0,1996-07-11,,,2025,19
Hunter Henry,NE,TE,12676,weighted,,,,,,,0.0,0.0,0.0,0.0,0.0,0.0,,,,,4.43122252747253,0.540062247032215,50.0427747252747,3.76853388520189,0.384175824175824,0.0542199200879534,,,,,,,,,,,,,,,,,,,,,,,,,,,,,,,,,2016.0,1994-12-07,,,2025,19
Colston Loveland,CHI,TE,17104,weighted,,,,,,,-0.032257326007326,0.0453016236249375,0.0,0.0,0.0,0.0,,,,,4.36678571428571,0.528283667257923,48.5967857142857,3.35053109698436,0.382307692307692,0.0384284497813959,,,,,,,,,,,,,,,,,,,,,,,,,,,,,,,,,2025.0,2004-04-09,,,2025,19
Dalton Kincaid,BUF,TE,16213,weighted,,,,,,,0.0,0.0,0.0,0.0,0.0,0.0,,,,,3.79306318681319,0.621673206216183,45.0079120879121,7.7708329064334,0.279752747252747,0.0498904821317962,,,,,,,,,,,,,,,,,,,,,,,,,,,,,,,,,2023.0,1999-10-18,,,2025,19
Brenton Strange,JAC,TE,16269,weighted,,,,,,,0.0,0.0,0.0,0.0,0.0,0.0,,,,,4.44037087912088,0.595757475096713,45.7150412087912,2.93764183612175,0.297445054945055,0.0734818183620816,,,,,,,,,,,,,,,,,,,,,,,,,,,,,,,,,2023.0,2000-12-27,,,2025,19
Dallas Goedert,PHI,TE,13674,weighted,,,,,,,0.0,0.0,0.0,0.0,0.0,0.0,,,,,4.30638736263736,0.608502957009952,41.420782967033,3.37463969374712,0.365164835164835,0.146350639640676,,,,,,,,,,,,,,,,,,,,,,,,,,,,,,,,,2018.0,1995-01-03,,,2025,19
Oronde Gadsden,LAC,TE,17099,weighted,,,,,,,0.0,0.0,0.0,0.0,0.038507326007326,0.0416994026634755,,,,,3.48056318681319,0.459095072213987,38.7931593406593,1.26433189602207,0.259848901098901,0.0523934482726012,,,,,,,,,,,,,,,,,,,,,,,,,,,,,,,,,2025.0,2003-06-25,,,2025,19
Pat Freiermuth,PIT,TE,15331,weighted,,,,,,,0.0,0.0,0.0,0.0,0.0,0.0,,,,,2.99409340659341,0.280521605540808,28.929793956044,6.32861073146987,0.213612637362637,0.056871714894117,,,,,,,,,,,,,,,,,,,,,,,,,,,,,,,,,2021.0,1998-10-25,,,2025,19
Tyler Higbee,LAR,TE,12678,weighted,,,,,,,0.0,0.0,0.0,0.0,0.0,0.0,,,,,3.18861263736264,0.648018408382314,32.9070879120879,5.03306174375115,0.269587912087912,0.143596903864455,,,,,,,,,,,,,,,,,,,,,,,,,,,,,,,,,2016.0,1993-01-01,,,2025,19
Colby Parkinson,LAR,TE,14871,weighted,,,,,,,0.0,0.0,0.0,0.0,0.0,0.0,,,,,2.50774725274725,0.473521139284024,25.2398214285714,5.14291683615069,0.202211538461538,0.0048035562226744,,,,,,,,,,,,,,,,,,,,,,,,,,,,,,,,,2020.0,1999-01-07,,,2025,19
Luke Musgrave,GB,TE,16215,weighted,,,,,,,0.0,0.0,0.0,0.0,0.0,0.0,,,,,2.46898351648352,0.48040123880986,25.8000824175824,2.31204080164631,0.119903846153846,0.0432320060040704,,,,,,,,,,,,,,,,,,,,,,,,,,,,,,,,,2023.0,2000-09-02,,,2025,19
Dawson Knox,BUF,TE,14143,weighted,,,,,,,0.0,0.0,0.0,0.0,0.0,0.0,,,,,1.90425824175824,0.135358016045577,22.1598763736264,2.52393463677994,0.135728021978022,0.0486327406492428,,,,,,,,,,,,,,,,,,,,,,,,,,,,,,,,,2019.0,1996-11-14,,,2025,19
Tommy Tremble,CAR,TE,15332,weighted,,,,,,,0.0,0.0,0.0,0.0,0.0,0.0,,,,,2.21424450549451,0.264965601646609,22.9626373626374,2.96398457424135,0.193365384615385,0.0144106686680235,,,,,,,,,,,,,,,,,,,,,,,,,,,,,,,,,2021.0,2000-06-02,,,2025,19
Cole Kmet,CHI,TE,14867,weighted,,,,,,,0.0,0.0,0.0,0.0,0.0,0.0,,,,,1.9484478021978,0.0934926737860521,20.1514285714286,1.86127886278942,0.16206043956044,0.05031932322767,,,,,,,,,,,,,,,,,,,,,,,,,,,,,,,,,2020.0,1999-03-10,,,2025,19
Austin Hooper,NE,TE,12677,weighted,,,,,,,0.0,0.0,0.0,0.0,0.0,0.0,,,,,1.40752747252747,0.374000987532363,15.6593543956044,4.60582707003926,0.12467032967033,0.0471477878528489,,,,,,,,,,,,,,,,,,,,,,,,,,,,,,,,,2016.0,1994-10-29,,,2025,19
Davis Allen,LAR,TE,16219,weighted,,,,,,,0.0,0.0,0.0,0.0,0.0,0.0,,,,,1.03099350046425,0.624815113125352,9.86404828226555,5.79801374198684,0.118402971216342,0.0693422406791542,,,,,,,,,,,,,,,,,,,,,,,,,,,,,,,,,2023.0,2001-02-03,,,2025,19
Jonnu Smith,PIT,TE,13193,weighted,,,,,,,2.84450091575092,2.10797113514412,0.0418315018315018,0.0408721747923605,0.0,0.0,,,,,2.13181318681319,0.112801303725305,15.8254258241758,1.17259070156167,0.106634615384615,0.0144106686680235,,,,,,,,,,,,,,,,,,,,,,,,,,,,,,,,,2017.0,1995-08-22,Q,Lower Body,2025,19
Will Dissly,LAC,TE,13763,weighted,,,,,,,0.0,0.0,0.0,0.0,0.0,0.0,,,,,1.0137750385208,0.692964645562817,10.5324499229584,7.79231672867575,0.070231124807396,0.0424264068711929,,,,,,,,,,,,,,,,,,,,,,,,,,,,,,,,,2018.0,,,,2025,19
Jake Tonges,SF,TE,16036,weighted,,,,,,,0.0,0.0,0.0,0.0,0.0,0.0,,,,,1.03207417582418,0.434118355828563,11.0438873626374,3.71385046546775,0.154107142857143,0.155634836608429,,,,,,,,,,,,,,,,,,,,,,,,,,,,,,,,,2022.0,1999-07-08,,,2025,19
Tyler Conklin,LAC,TE,13675,weighted,,,,,,,0.0,0.0,0.0,0.0,0.0,0.0,,,,,0.82788906009245,0.530330085889911,9.15263482280431,6.90843325219257,0.0099229583975346,0.014142135623731,,,,,,,,,,,,,,,,,,,,,,,,,,,,,,,,,2018.0,1995-07-30,,,2025,19
Jackson Hawes,BUF,TE,17213,weighted,,,,,,,0.0,0.0,0.0,0.0,0.0,0.0,,,,,0.617966101694915,0.544472221513642,7.21217257318952,6.82358043845018,0.110693374422188,0.127279220613579,,,,,,,,,,,,,,,,,,,,,,,,,,,,,,,,,2025.0,2000-12-06,,,2025,19
Terrance Ferguson,LAR,TE,17107,weighted,,,,,,,0.0,0.0,0.0,0.0,0.0,0.0,,,,,0.878901098901099,0.122289674255033,10.416717032967,0.411239423915619,0.0401510989010989,0.0523934482726012,,,,,,,,,,,,,,,,,,,,,,,,,,,,,,,,,2025.0,2003-03-07,Q,Hamstring,2025,19
Grant Calcaterra,PHI,TE,15804,weighted,,,,,,,0.0,0.0,0.0,0.0,0.0,0.0,,,,,0.760779944289694,0.276027446340441,7.7966573816156,2.60261865558198,0.0423212627669452,0.0510820202945905,,,,,,,,,,,,,,,,,,,,,,,,,,,,,,,,,2022.0,1998-12-04,,,2025,19
Cade Stover,HOU,TE,16642,weighted,,,,,,,3.20007428040854,3.0708005470011,0.0298607242339833,0.0286544374525763,0.0,0.0,,,,,1.10954503249768,0.39851218703147,8.85318477251625,1.74434069044772,0.0546889507892293,0.0511868173619958,,,,,,,,,,,,,,,,,,,,,,,,,,,,,,,,,2024.0,2000-06-12,,,2025,19
Mitchell Evans,CAR,TE,17109,weighted,,,,,,,0.702191272051996,0.577864488626956,0.0040591266381736,0.0049675406516099,0.0,0.0,,,,,1.2119591457753,0.022532511519608,10.5938532961931,0.485716043723755,0.0910306406685237,0.016899383639706,,,,,,,,,,,,,,,,,,,,,,,,,,,,,,,,,2025.0,2003-05-18,,,2025,19
Kylen Granson,PHI,TE,15419,weighted,,,,,,,0.0,0.0,0.0,0.0,0.0,0.0,,,,,0.651926040061633,0.353553390593274,6.04517719568567,2.786000717875,0.0099229583975346,0.014142135623731,,,,,,,,,,,,,,,,,,,,,,,,,,,,,,,,,2021.0,1998-03-27,,,2025,19
Hunter Long,JAC,TE,15334,weighted,,,,,,,0.0,0.0,0.0,0.0,0.0,0.0,,,,,0.403081664098613,0.565685424949238,3.52696456086287,4.94974746830583,0.0503852080123267,0.0707106781186548,,,,,,,,,,,,,,,,,,,,,,,,,,,,,,,,,2021.0,1998-08-19,,,2025,19
James Mitchell,CAR,TE,15909,weighted,,,,,,,0.0,0.0,0.0,0.0,0.0,0.0,,,,,0.352696456086287,0.494974746830583,3.52696456086287,4.94974746830583,0.0,0.0,,,,,,,,,,,,,,,,,,,,,,,,,,,,,,,,,2022.0,1999-08-11,,,2025,19
Quintin Morris,JAC,TE,15341,weighted,,,,,,,0.0,0.0,0.0,0.0,0.0,0.0,,,,,0.695706666666667,0.0070710678118654,6.82146666666667,0.0353553390593273,0.0828266666666667,0.0282842712474619,,,,,,,,,,,,,,,,,,,,,,,,,,,,,,,,,2021.0,1999-01-21,,,2025,19
Johnny Mundt,JAC,TE,13940,weighted,,,,,,,0.0,0.0,0.0,0.0,0.0,0.0,,,,,0.535500770416025,0.0919238815542512,5.14166409861325,1.22329473145273,0.0198459167950693,0.0282842712474619,,,,,,,,,,,,,,,,,,,,,,,,,,,,,,,,,2017.0,1994-11-23,,,2025,19
Connor Heyward,PIT,TE,15800,weighted,,,,,,,7.75182915506035,1.68106033055114,0.088326760973656,0.0151306935193034,0.0,0.0,,,,,0.357790157845868,0.278220863614344,2.78354688950789,1.80091563481837,0.0333519034354689,0.0543875530897724,,,,,,,,,,,,,,,,,,,,,,,,,,,,,,,,,2022.0,1999-01-22,,,2025,19
Luke Farrell,SF,TE,15335,weighted,,,,,,,0.0,0.0,0.0,0.0,0.0,0.0,,,,,0.686656394453005,0.304055915910215,4.47408320493066,0.74953318805774,0.0652696456086287,0.0494974746830583,,,,,,,,,,,,,,,,,,,,,,,,,,,,,,,,,2021.0,1997-10-14,,,2025,19
Durham Smythe,CHI,TE,13676,weighted,,,,,,,0.0,0.0,0.0,0.0,0.0,0.0,,,,,0.407272727272727,0.417193000900063,2.54628659476117,2.07182286887658,0.0049614791987673,0.0070710678118654,,,,,,,,,,,,,,,,,,,,,,,,,,,,,,,,,2018.0,1995-08-09,,,2025,19
Harrison Bryant,HOU,TE,14875,weighted,,,,,,,0.0,0.0,0.0,0.0,0.0,0.0,,,,,0.15115562403698,0.212132034355964,0.503852080123267,0.707106781186547,0.0,0.0,,,,,,,,,,,,,,,,,,,,,,,,,,,,,,,,,2020.0,1970-01-01,,,2025,19
Harrison Mevis,LAR,K,16843,weighted,,,,,,,,,,,,,,,,,,,,,,,0.0,0.0,0.321014787681454,0.324200792119502,0.240761090761091,0.243150594089626,0.401268484601818,0.405250990149377,0.0802536969203636,0.0810501980298754,3.27366255144033,0.29006358897161,,,,,,,,,,,,,,,,,,,,,2024.0,2002-03-27,,,2025,19
Andres Borregales,NE,K,17220,weighted,,,,,,,,,,,,,,,,,,,,,,,0.0527084908037289,0.0522699536995345,0.158125472411187,0.156809861098603,0.210833963214916,0.209079814798138,0.210833963214916,0.209079814798138,0.105416981607458,0.104539907399069,2.97116402116402,0.0556466941762235,,,,,,,,,,,,,,,,,,,,,2025.0,2003-01-02,,,2025,19
Matthew Wright,BUF,K,14426,weighted,,,,,,,,,,,,,,,,,,,,,,,,,,,,,,,,,3.0,,,,,,,,,,,,,,,,,,,,,,2019.0,,,,2025,19
Cameron Dicker,LAC,K,15979,weighted,,,,,,,,,,,,,,,,,,,,,,,0.0,0.0,0.139278752436647,0.14987577147137,0.32498375568551,0.349710133433196,0.278557504873294,0.299751542942739,0.139278752436647,0.14987577147137,2.36093474426808,0.631001124593793,,,,,,,,,,,,,,,,,,,,,2022.0,2000-05-06,,,2025,19
Jake Elliott,PHI,K,13303,weighted,,,,,,,,,,,,,,,,,,,,,,,0.0,0.0,0.163634513634514,0.160044643096878,0.272724189390856,0.266741071828131,0.218179351512685,0.213392857462505,0.0545448378781712,0.0533482143656262,2.6435038212816,0.387282703980789,,,,,,,,,,,,,,,,,,,,,2017.0,1995-01-21,,,2025,19
Cam Little,JAC,K,16680,weighted,,,,,,,,,,,,,,,,,,,,,,,0.0,0.0,0.14917328042328,0.152685750196411,0.198897707231041,0.203581000261881,0.248622134038801,0.254476250327352,0.198897707231041,0.203581000261881,2.70117577895356,0.291858733987062,,,,,,,,,,,,,,,,,,,,,2024.0,2003-08-17,,,2025,19
Brandon McManus,GB,K,11947,weighted,,,,,,,,,,,,,,,,,,,,,,,0.0,0.0,0.316250944822373,0.313619722197207,0.263542454018645,0.261349768497672,0.105416981607458,0.104539907399069,0.105416981607458,0.104539907399069,2.57325102880658,0.486715007575063,,,,,,,,,,,,,,,,,,,,,2014.0,1991-07-25,,,2025,19
Eddy Pineiro,SF,K,13719,weighted,,,,,,,,,,,,,,,,,,,,,,,0.0,0.0,0.220194003527337,0.216078631317517,0.366990005878895,0.360131052195861,0.366990005878895,0.360131052195861,0.146796002351558,0.144052420878345,2.20340975896531,0.195431308918575,,,,,,,,,,,,,,,,,,,,,2018.0,1995-09-13,,,2025,19
Matt Prater,BUF,K,8930,weighted,,,,,,,,,,,,,,,,,,,,,,,0.0,0.0,0.224779541446208,0.259313889710204,0.337169312169312,0.388970834565306,0.337169312169312,0.388970834565306,0.0,0.0,2.16566725455614,0.195782206171143,,,,,,,,,,,,,,,,,,,,,2006.0,1984-08-10,Q,Quadriceps,2025,19
Cairo Santos,CHI,K,11945,weighted,,,,,,,,,,,,,,,,,,,,,,,0.0,0.0,0.211838624338624,0.205829558608864,0.353064373897707,0.343049264348107,0.423677248677249,0.411659117217729,0.211838624338624,0.205829558608864,2.14941211052322,0.145929366993531,,,,,,,,,,,,,,,,,,,,,2014.0,1991-11-12,,,2025,19
Chris Boswell,PIT,K,11936,weighted,,,,,,,,,,,,,,,,,,,,,,,0.0,0.0,0.306324011085916,0.304472780270009,0.153162005542958,0.152236390135005,0.306324011085916,0.304472780270009,0.306324011085916,0.304472780270009,2.04141681363904,0.0489455515427858,,,,,,,,,,,,,,,,,,,,,2014.0,1991-03-16,,,2025,19
Kaimi Fairbairn,HOU,K,12860,weighted,,,,,,,,,,,,,,,,,,,,,,,0.0,0.0,0.277865961199295,0.270123234688204,0.389012345679012,0.378172528563485,0.444585537918871,0.432197175501126,0.277865961199295,0.270123234688204,1.91716637272193,0.0978911030855714,,,,,,,,,,,,,,,,,,,,,2016.0,1994-01-29,,,2025,19
Ryan Fitzgerald,CAR,K,17277,weighted,,,,,,,,,,,,,,,,,,,,,,,0.0,0.0,0.170061728395062,0.164440509250775,0.226748971193416,0.219254012334366,0.226748971193416,0.219254012334366,0.0566872427983539,0.0548135030835916,1.78033509700176,0.242386177454941,,,,,,,,,,,,,,,,,,,,,2025.0,2000-08-13,,,2025,19
Panthers,CAR,DST,527,weighted,,,,,,,,,,,,,,,,,,,,,,,,,,,,,,,,,,,0.7,1.36607370508824e-16,1.58911792014856,0.181478103866317,0.0,0.0,0.109953574744661,0.0095514791508587,,,,,,,,,,,,,,,,,2025,19
Jaguars,JAC,DST,509,weighted,,,,,,,,,,,,,,,,,,,,,,,,,,,,,,,,,,,0.981021355617456,0.210132541318893,2.35786443825441,0.439368040939504,0.1,0.0,0.170139275766017,0.0286544374525763,,,,,,,,,,,,,,,,,2025,19
Packers,GB,DST,523,weighted,,,,,,,,,,,,,,,,,,,,,,,,,,,,,,,,,,,0.434373259052925,0.128944968536593,1.68911792014856,0.181478103866317,0.0,0.0,0.0846053853296193,0.0811875727822996,,,,,,,,,,,,,,,,,2025,19
Bills,BUF,DST,501,weighted,,,,,,,,,,,,,,,,,,,,,,,,,,,,,,,,,,,0.785069637883008,0.0143272187262882,1.99316620241411,0.377283426458922,0.0,0.0,0.175116063138347,0.0238786978771469,,,,,,,,,,,,,,,,,2025,19
49ers,SF,DST,530,weighted,,,,,,,,,,,,,,,,,,,,,,,,,,,,,,,,,,,0.549767873723306,0.0477573957542939,1.60856081708449,0.296095853676622,0.0,0.0,0.119907149489322,0.0191029583017176,,,,,,,,,,,,,,,,,2025,19
Steelers,PIT,DST,510,weighted,,,,,,,,,,,,,,,,,,,,,,,,,,,,,,,,,,,0.70544103992572,0.0907390519331584,2.53935004642526,0.133720708112023,0.1,0.0,0.134837511606314,0.0334301770280057,,,,,,,,,,,,,,,,,2025,19
Chargers,LAC,DST,514,weighted,,,,,,,,,,,,,,,,,,,,,,,,,,,,,,,,,,,0.775580315691736,0.119393489385735,2.51712163416899,0.592191707353244,0.1,0.0,0.0696750232126277,0.0668603540560114,,,,,,,,,,,,,,,,,2025,19
Bears,CHI,DST,521,weighted,,,,,,,,,,,,,,,,,,,,,,,,,,,,,,,,,,,0.921299907149489,0.267441416224046,1.93032497678737,0.0668603540560114,0.0,0.0,0.124883936861653,0.0238786978771469,,,,,,,,,,,,,,,,,2025,19
Texans,HOU,DST,532,weighted,,,,,,,,,,,,,,,,,,,,,,,,,,,,,,,,,,,0.736230269266481,0.253114197497758,2.32037140204271,0.0764118332068701,0.0,0.0,0.250232126276695,0.0477573957542939,,,,,,,,,,,,,,,,,2025,19
Patriots,NE,DST,504,weighted,,,,,,,,,,,,,,,,,,,,,,,,,,,,,,,,,,,0.580092850510678,0.0191029583017175,2.587260909935,0.563537269900668,0.1,0.0,0.235301764159703,0.062084614480582,,,,,,,,,,,,,,,,,2025,19
Eagles,PHI,DST,518,weighted,,,,,,,,,,,,,,,,,,,,,,,,,,,,,,,,,,,0.759721448467967,0.0573088749051527,2.13576601671309,0.15759940598917,0.0,0.0,0.144791086350975,0.0429816561788645,,,,,,,,,,,,,,,,,2025,19
Rams,LAR,DST,528,weighted,,,,,,,,,,,,,,,,,,,,,,,,,,,,,,,,,,,0.871067780872795,0.219684020469752,2.5769730733519,0.405937863911498,0.0,0.0,0.2,0.0,,,,,,,,,,,,,,,,,2025,19
Alex Highsmith,PIT,DL,14940,weighted,,,,,,,,,,,,,,,,,,,,,,,,,,,,,,,,,,,,,,,,,,,,,2.6,0.0,,,0.0,0.0,0.3,0.0,0.0,0.0,2020.0,1997-08-07,,,2025,19
Jalyx Hunt,PHI,DL,16712,weighted,,,,,,,,,,,,,,,,,,,,,,,,,,,,,,,,,,,,,,,,,,,,,2.4,0.0,,,0.2,3.96083208564486e-17,0.3,0.0,0.1,1.98041604282243e-17,2024.0,2001-03-13,,,2025,19
Rashan Gary,GB,DL,14149,weighted,,,,,,,,,,,,,,,,,,,,,,,,,,,,,,,,,,,,,,,,,,,,,2.3,0.0,,,0.0,0.0,0.0,0.0,0.0,0.0,2019.0,1997-12-03,,,2025,19
Jordan Davis,PHI,DL,15817,weighted,,,,,,,,,,,,,,,,,,,,,,,,,,,,,,,,,,,,,,,,,,,,,2.1,0.0,,,0.0,0.0,0.3,0.0,0.1,1.98041604282243e-17,2022.0,2000-01-12,,,2025,19
Harold Landry,NE,DL,13700,weighted,,,,,,,,,,,,,,,,,,,,,,,,,,,,,,,,,,,,,,,,,,,,,2.1,0.0,,,0.0,0.0,0.0,0.0,0.0,0.0,2018.0,1996-06-05,Q,Knee,2025,19
Jared Verse,LAR,DL,16653,weighted,,,,,,,,,,,,,,,,,,,,,,,,,,,,,,,,,,,,,,,,,,,,,2.1,0.0,,,0.0,0.0,0.1,1.98041604282243e-17,0.1,1.98041604282243e-17,2024.0,2000-11-04,,,2025,19
Will Anderson,HOU,DL,16223,weighted,,,,,,,,,,,,,,,,,,,,,,,,,,,,,,,,,,,,,,,,,,,,,2.0,0.0,,,0.0,0.0,0.2,3.96083208564486e-17,0.0,0.0,2023.0,2001-09-02,,,2025,19
T.J. Watt,PIT,DL,13214,weighted,,,,,,,,,,,,,,,,,,,,,,,,,,,,,,,,,,,,,,,,,,,,,1.9,0.0,,,0.1,1.98041604282243e-17,0.3,0.0,0.0,0.0,2017.0,1994-10-11,,,2025,19
Montez Sweat,CHI,DL,14148,weighted,,,,,,,,,,,,,,,,,,,,,,,,,,,,,,,,,,,,,,,,,,,,,1.8,0.0,,,0.0,0.0,0.3,0.0,0.0,0.0,2019.0,1996-09-04,,,2025,19
Josh Allen,JAC,DL,14167,weighted,,,,,,,,,,,,,,,,,,,,,,,,,,,,,,,,,,,,,,,,,,,,,1.8,0.0,,,0.0,0.0,0.1,1.98041604282243e-17,0.0,0.0,2019.0,1997-07-13,,,2025,19
Travon Walker,JAC,DL,15815,weighted,,,,,,,,,,,,,,,,,,,,,,,,,,,,,,,,,,,,,,,,,,,,,1.8,0.0,,,0.0,0.0,0.1,1.98041604282243e-17,0.0,0.0,2022.0,2000-12-18,,,2025,19
Gregory Rousseau,BUF,DL,15346,weighted,,,,,,,,,,,,,,,,,,,,,,,,,,,,,,,,,,,,,,,,,,,,,1.7,3.16866566851589e-16,,,0.0,0.0,0.2,3.96083208564486e-17,0.0,0.0,2021.0,2000-04-05,,,2025,19
Kingsley Enagbare,GB,DL,15813,weighted,,,,,,,,,,,,,,,,,,,,,,,,,,,,,,,,,,,,,,,,,,,,,1.7,3.16866566851589e-16,,,0.0,0.0,0.0,0.0,0.0,0.0,2022.0,2000-01-18,,,2025,19
Kingsley Enagbare,GB,DL,15813,weighted,,,,,,,,,,,,,,,,,,,,,,,,,,,,,,,,,,,,,,,,,,,,,1.7,3.16866566851589e-16,,,0.0,0.0,0.0,0.0,0.0,0.0,2022.0,1998-04-28,,,2025,19
Danielle Hunter,HOU,DL,12221,weighted,,,,,,,,,,,,,,,,,,,,,,,,,,,,,,,,,,,,,,,,,,,,,1.6,3.16866566851589e-16,,,0.0,0.0,0.2,3.96083208564486e-17,0.0,0.0,2015.0,1994-10-29,,,2025,19
Khalil Mack,LAC,DL,11721,weighted,,,,,,,,,,,,,,,,,,,,,,,,,,,,,,,,,,,,,,,,,,,,,1.6,3.16866566851589e-16,,,0.0,0.0,0.1,1.98041604282243e-17,0.0,0.0,2014.0,1991-02-22,,,2025,19
Nic Scourton,CAR,DL,17119,weighted,,,,,,,,,,,,,,,,,,,,,,,,,,,,,,,,,,,,,,,,,,,,,1.4,0.0,,,0.0,0.0,0.1,1.98041604282243e-17,0.0,0.0,2025.0,2004-08-25,,,2025,19
Bryce Huff,SF,DL,15121,weighted,,,,,,,,,,,,,,,,,,,,,,,,,,,,,,,,,,,,,,,,,,,,,1.4,0.0,,,0.0,0.0,0.1,1.98041604282243e-17,0.0,0.0,2020.0,1998-04-17,,,2025,19
D.J. Wonnum,CAR,DL,14947,weighted,,,,,,,,,,,,,,,,,,,,,,,,,,,,,,,,,,,,,,,,,,,,,1.3,0.0,,,0.0,0.0,0.2,3.96083208564486e-17,0.0,0.0,2020.0,1997-10-31,,,2025,19
Joey Bosa,BUF,DL,12686,weighted,,,,,,,,,,,,,,,,,,,,,,,,,,,,,,,,,,,,,,,,,,,,,1.3,0.0,,,0.1,1.98041604282243e-17,0.2,3.96083208564486e-17,0.0,0.0,2016.0,1995-07-11,,,2025,19
Gervon Dexter,CHI,DL,16265,weighted,,,,,,,,,,,,,,,,,,,,,,,,,,,,,,,,,,,,,,,,,,,,,1.3,0.0,,,0.0,0.0,0.0,0.0,0.0,0.0,2023.0,2000-10-05,,,2025,19
Keeanu Benton,PIT,DL,16264,weighted,,,,,,,,,,,,,,,,,,,,,,,,,,,,,,,,,,,,,,,,,,,,,1.3,0.0,,,0.0,0.0,0.2,3.96083208564486e-17,0.0,0.0,2023.0,2001-07-17,,,2025,19
Grady Jarrett,CHI,DL,12305,weighted,,,,,,,,,,,,,,,,,,,,,,,,,,,,,,,,,,,,,,,,,,,,,1.3,0.0,,,0.0,0.0,0.2,3.96083208564486e-17,0.0,0.0,2015.0,1993-04-28,,,2025,19
Tuli Tuipulotu,LAC,DL,16266,weighted,,,,,,,,,,,,,,,,,,,,,,,,,,,,,,,,,,,,,,,,,,,,,1.3,0.0,,,0.0,0.0,0.1,1.98041604282243e-17,0.0,0.0,2023.0,2002-09-03,,,2025,19
Byron Young,PHI,DL,16273,weighted,,,,,,,,,,,,,,,,,,,,,,,,,,,,,,,,,,,,,,,,,,,,,1.2,0.0,,,0.0,0.0,0.0,0.0,0.0,0.0,2023.0,2000-11-10,,,2025,19
A.J. Epenesa,BUF,DL,14879,weighted,,,,,,,,,,,,,,,,,,,,,,,,,,,,,,,,,,,,,,,,,,,,,1.2,0.0,,,0.1,1.98041604282243e-17,0.3,0.0,0.0,0.0,2020.0,1998-09-15,,,2025,19
Teair Tart,LAC,DL,15173,weighted,,,,,,,,,,,,,,,,,,,,,,,,,,,,,,,,,,,,,,,,,,,,,1.2,0.0,,,0.0,0.0,0.2,3.96083208564486e-17,0.0,0.0,2020.0,1997-02-28,,,2025,19
Andrew Billings,CHI,DL,12699,weighted,,,,,,,,,,,,,,,,,,,,,,,,,,,,,,,,,,,,,,,,,,,,,1.2,0.0,,,0.0,0.0,0.0,0.0,0.0,0.0,2016.0,1995-06-03,,,2025,19
Karl Brooks,GB,DL,16324,weighted,,,,,,,,,,,,,,,,,,,,,,,,,,,,,,,,,,,,,,,,,,,,,1.0,0.0,,,0.0,0.0,0.1,1.98041604282243e-17,0.0,0.0,2023.0,2000-05-08,,,2025,19
DaQuan Jones,BUF,DL,11793,weighted,,,,,,,,,,,,,,,,,,,,,,,,,,,,,,,,,,,,,,,,,,,,,0.9,0.0,,,0.1,1.98041604282243e-17,0.1,1.98041604282243e-17,0.0,0.0,2014.0,1991-12-17,,,2025,19
Bobby Brown,CAR,DL,15412,weighted,,,,,,,,,,,,,,,,,,,,,,,,,,,,,,,,,,,,,,,,,,,,,0.9,0.0,,,0.0,0.0,0.1,1.98041604282243e-17,0.0,0.0,2021.0,2000-08-07,,,2025,19
Sheldon Rankins,HOU,DL,12735,weighted,,,,,,,,,,,,,,,,,,,,,,,,,,,,,,,,,,,,,,,,,,,,,0.8,1.58433283425795e-16,,,0.0,0.0,0.0,0.0,0.1,1.98041604282243e-17,2016.0,1994-04-02,,,2025,19
Alfred Collins,SF,DL,17148,weighted,,,,,,,,,,,,,,,,,,,,,,,,,,,,,,,,,,,,,,,,,,,,,0.6,0.0,,,0.0,0.0,0.2,3.96083208564486e-17,0.0,0.0,2025.0,2001-10-08,,,2025,19
Jordan Elliott,SF,DL,14934,weighted,,,,,,,,,,,,,,,,,,,,,,,,,,,,,,,,,,,,,,,,,,,,,0.4,7.92166417128973e-17,,,0.0,0.0,0.1,1.98041604282243e-17,0.0,0.0,2020.0,1997-11-23,,,2025,19
Foyesade Oluokun,JAC,LB,13813,weighted,,,,,,,,,,,,,,,,,,,,,,,,,,,,,,,,,,,,,,,,,,,,,4.4,0.0,,,0.0,0.0,0.6,0.0,0.0,0.0,2018.0,1995-08-02,,,2025,19
Zack Baun,PHI,LB,14893,weighted,,,,,,,,,,,,,,,,,,,,,,,,,,,,,,,,,,,,,,,,,,,,,4.3,0.0,,,0.1,1.98041604282243e-17,0.4,7.92166417128973e-17,0.0,0.0,2020.0,1996-12-30,,,2025,19
Christian Rozeboom,CAR,LB,15076,weighted,,,,,,,,,,,,,,,,,,,,,,,,,,,,,,,,,,,,,,,,,,,,,4.0,0.0,,,0.1,1.98041604282243e-17,0.2,3.96083208564486e-17,0.0,0.0,2020.0,1997-01-30,,,2025,19
Tremaine Edmunds,CHI,LB,13697,weighted,,,,,,,,,,,,,,,,,,,,,,,,,,,,,,,,,,,,,,,,,,,,,3.8,0.0,,,0.1,1.98041604282243e-17,0.5,0.0,0.0,0.0,2018.0,1998-05-02,,,2025,19
Edgerrin Cooper,GB,LB,16696,weighted,,,,,,,,,,,,,,,,,,,,,,,,,,,,,,,,,,,,,,,,,,,,,3.8,0.0,,,0.0,0.0,0.2,3.96083208564486e-17,0.0,0.0,2024.0,2001-11-17,,,2025,19
Daiyan Henley,LAC,LB,16280,weighted,,,,,,,,,,,,,,,,,,,,,,,,,,,,,,,,,,,,,,,,,,,,,3.6,0.0,,,0.1,1.98041604282243e-17,0.3,0.0,0.0,0.0,2023.0,1999-11-18,,,2025,19
Quay Walker,GB,LB,15846,weighted,,,,,,,,,,,,,,,,,,,,,,,,,,,,,,,,,,,,,,,,,,,,,3.6,0.0,,,0.0,0.0,0.3,0.0,0.0,0.0,2022.0,2000-05-08,,,2025,19
Robert Spillane,NE,LB,13987,weighted,,,,,,,,,,,,,,,,,,,,,,,,,,,,,,,,,,,,,,,,,,,,,3.5,0.0,,,0.1,1.98041604282243e-17,0.4,7.92166417128973e-17,0.0,0.0,2018.0,1995-12-14,,,2025,19
Patrick Queen,PIT,LB,14896,weighted,,,,,,,,,,,,,,,,,,,,,,,,,,,,,,,,,,,,,,,,,,,,,3.5,0.0,,,0.0,0.0,0.2,3.96083208564486e-17,0.0,0.0,2020.0,1999-08-13,,,2025,19
Azeez Al-Shaair,HOU,LB,14590,weighted,,,,,,,,,,,,,,,,,,,,,,,,,,,,,,,,,,,,,,,,,,,,,3.3,0.0,,,0.1,1.98041604282243e-17,0.4,7.92166417128973e-17,0.0,0.0,2019.0,1997-08-04,,,2025,19
Dee Winters,SF,LB,16346,weighted,,,,,,,,,,,,,,,,,,,,,,,,,,,,,,,,,,,,,,,,,,,,,3.2,6.33733133703178e-16,,,0.1,1.98041604282243e-17,0.4,7.92166417128973e-17,0.1,1.98041604282243e-17,2023.0,2000-10-17,Q,Ankle,2025,19
Nate Landman,LAR,LB,16013,weighted,,,,,,,,,,,,,,,,,,,,,,,,,,,,,,,,,,,,,,,,,,,,,3.1,0.0,,,0.1,1.98041604282243e-17,0.2,3.96083208564486e-17,0.0,0.0,2022.0,1998-11-19,,,2025,19
Payton Wilson,PIT,LB,16716,weighted,,,,,,,,,,,,,,,,,,,,,,,,,,,,,,,,,,,,,,,,,,,,,3.1,0.0,,,0.0,0.0,0.1,1.98041604282243e-17,0.0,0.0,2024.0,2000-04-21,,,2025,19
Isaiah McDuffie,GB,LB,15473,weighted,,,,,,,,,,,,,,,,,,,,,,,,,,,,,,,,,,,,,,,,,,,,,2.9,0.0,,,0.1,1.98041604282243e-17,0.1,1.98041604282243e-17,0.0,0.0,2021.0,1999-07-21,,,2025,19
Luke Gifford,SF,LB,14495,weighted,,,,,,,,,,,,,,,,,,,,,,,,,,,,,,,,,,,,,,,,,,,,,2.9,0.0,,,0.1,1.98041604282243e-17,0.2,3.96083208564486e-17,0.1,1.98041604282243e-17,2019.0,1995-08-28,Q,Quadriceps,2025,19
Henry To'oTo'o,HOU,LB,16236,weighted,,,,,,,,,,,,,,,,,,,,,,,,,,,,,,,,,,,,,,,,,,,,,2.8,0.0,,,0.0,0.0,0.2,3.96083208564486e-17,0.0,0.0,2023.0,2001-01-05,,,2025,19
Matt Milano,BUF,LB,13307,weighted,,,,,,,,,,,,,,,,,,,,,,,,,,,,,,,,,,,,,,,,,,,,,2.7,0.0,,,0.0,0.0,0.0,0.0,0.0,0.0,2017.0,,,,2025,19
Christian Elliss,NE,LB,15681,weighted,,,,,,,,,,,,,,,,,,,,,,,,,,,,,,,,,,,,,,,,,,,,,2.6,0.0,,,0.0,0.0,0.3,0.0,0.0,0.0,2021.0,1999-01-02,,,2025,19
Devin Lloyd,JAC,LB,15822,weighted,,,,,,,,,,,,,,,,,,,,,,,,,,,,,,,,,,,,,,,,,,,,,2.5,0.0,,,0.2,3.96083208564486e-17,0.3,0.0,0.0,0.0,2022.0,1998-09-30,,,2025,19
Denzel Perryman,LAC,LB,12238,weighted,,,,,,,,,,,,,,,,,,,,,,,,,,,,,,,,,,,,,,,,,,,,,2.5,0.0,,,0.0,0.0,0.2,3.96083208564486e-17,0.0,0.0,,1992-12-05,,,2025,19
Omar Speights,LAR,LB,16870,weighted,,,,,,,,,,,,,,,,,,,,,,,,,,,,,,,,,,,,,,,,,,,,,2.4,0.0,,,0.0,0.0,0.1,1.98041604282243e-17,0.0,0.0,2024.0,2001-03-02,,,2025,19
E.J. Speed,HOU,LB,14257,weighted,,,,,,,,,,,,,,,,,,,,,,,,,,,,,,,,,,,,,,,,,,,,,2.0,0.0,,,0.0,0.0,0.1,1.98041604282243e-17,0.0,0.0,2019.0,1995-06-01,,,2025,19
Jihaad Campbell,PHI,LB,17123,weighted,,,,,,,,,,,,,,,,,,,,,,,,,,,,,,,,,,,,,,,,,,,,,1.5,0.0,,,0.0,0.0,0.0,0.0,0.0,0.0,2025.0,1999-10-08,,,2025,19
Jihaad Campbell,PHI,LB,17123,weighted,,,,,,,,,,,,,,,,,,,,,,,,,,,,,,,,,,,,,,,,,,,,,1.5,0.0,,,0.0,0.0,0.0,0.0,0.0,0.0,2025.0,2004-02-24,,,2025,19
Dorian Williams,BUF,LB,16284,weighted,,,,,,,,,,,,,,,,,,,,,,,,,,,,,,,,,,,,,,,,,,,,,1.3,0.0,,,0.0,0.0,0.1,1.98041604282243e-17,0.0,0.0,2023.0,2001-06-28,,,2025,19
Christian Harris,HOU,LB,15823,weighted,,,,,,,,,,,,,,,,,,,,,,,,,,,,,,,,,,,,,,,,,,,,,1.3,0.0,,,0.0,0.0,0.1,1.98041604282243e-17,0.0,0.0,2022.0,2001-01-16,,,2025,19
Jeremiah Trotter Jr.,PHI,LB,16664,weighted,,,,,,,,,,,,,,,,,,,,,,,,,,,,,,,,,,,,,,,,,,,,,0.5,0.0,,,0.0,0.0,0.1,1.98041604282243e-17,0.0,0.0,2024.0,2002-12-24,,,2025,19
Ruben Hyppolite,CHI,LB,17188,weighted,,,,,,,,,,,,,,,,,,,,,,,,,,,,,,,,,,,,,,,,,,,,,0.5,0.0,,,0.0,0.0,0.1,1.98041604282243e-17,0.0,0.0,2025.0,2001-09-16,,,2025,19
Malik Harrison,PIT,LB,14891,weighted,,,,,,,,,,,,,,,,,,,,,,,,,,,,,,,,,,,,,,,,,,,,,0.3,0.0,,,0.0,0.0,0.0,0.0,0.0,0.0,2020.0,1998-03-05,,,2025,19
Shaq Green-Thompson,BUF,LB,12231,weighted,,,,,,,,,,,,,,,,,,,,,,,,,,,,,,,,,,,,,,,,,,,,,0.2,3.96083208564486e-17,,,0.0,0.0,0.0,0.0,0.0,0.0,,1994-04-21,Q,Neck,2025,19
Nick Scott,CAR,DB,14302,weighted,,,,,,,,,,,,,,,,,,,,,,,,,,,,,,,,,,,,,,,,,,,,,4.4,0.0,,,0.1,1.98041604282243e-17,0.2,3.96083208564486e-17,0.0,0.0,2019.0,1995-05-17,,,2025,19
Trevon Moehrig,CAR,DB,15365,weighted,,,,,,,,,,,,,,,,,,,,,,,,,,,,,,,,,,,,,,,,,,,,,4.3,0.0,,,0.1,1.98041604282243e-17,0.2,3.96083208564486e-17,0.0,0.0,2021.0,1999-06-16,,,2025,19
Kevin Byard,CHI,DB,12752,weighted,,,,,,,,,,,,,,,,,,,,,,,,,,,,,,,,,,,,,,,,,,,,,3.7,0.0,,,0.3,0.0,0.4,7.92166417128973e-17,0.0,0.0,2016.0,1993-08-17,,,2025,19
Kamari Lassiter,HOU,DB,16672,weighted,,,,,,,,,,,,,,,,,,,,,,,,,,,,,,,,,,,,,,,,,,,,,3.6,0.0,,,0.3,0.0,1.2,0.0,0.0,0.0,2024.0,2003-01-23,Q,Ankle,2025,19
Cole Bishop,BUF,DB,16700,weighted,,,,,,,,,,,,,,,,,,,,,,,,,,,,,,,,,,,,,,,,,,,,,3.6,0.0,,,0.1,1.98041604282243e-17,0.4,7.92166417128973e-17,0.0,0.0,2024.0,2002-10-24,,,2025,19
Michael Jackson,CAR,DB,14252,weighted,,,,,,,,,,,,,,,,,,,,,,,,,,,,,,,,,,,,,,,,,,,,,3.5,0.0,,,0.2,3.96083208564486e-17,1.2,0.0,0.1,1.98041604282243e-17,2019.0,1997-01-10,,,2025,19
Malik Mustapha,SF,DB,16725,weighted,,,,,,,,,,,,,,,,,,,,,,,,,,,,,,,,,,,,,,,,,,,,,3.4,6.33733133703178e-16,,,0.1,1.98041604282243e-17,0.3,0.0,0.0,0.0,2024.0,2002-06-25,,,2025,19
Reed Blankenship,PHI,DB,16018,weighted,,,,,,,,,,,,,,,,,,,,,,,,,,,,,,,,,,,,,,,,,,,,,3.4,6.33733133703178e-16,,,0.1,1.98041604282243e-17,0.2,3.96083208564486e-17,0.0,0.0,2022.0,1999-03-02,,,2025,19
Kamren Curl,LAR,DB,15001,weighted,,,,,,,,,,,,,,,,,,,,,,,,,,,,,,,,,,,,,,,,,,,,,3.4,6.33733133703178e-16,,,0.0,0.0,0.3,0.0,0.0,0.0,2020.0,1999-03-03,,,2025,19
Cooper DeJean,PHI,DB,16675,weighted,,,,,,,,,,,,,,,,,,,,,,,,,,,,,,,,,,,,,,,,,,,,,3.3,0.0,,,0.2,3.96083208564486e-17,1.0,0.0,0.0,0.0,2024.0,2003-02-09,,,2025,19
Jaquan Brisker,CHI,DB,15835,weighted,,,,,,,,,,,,,,,,,,,,,,,,,,,,,,,,,,,,,,,,,,,,,3.3,0.0,,,0.1,1.98041604282243e-17,0.5,0.0,0.0,0.0,2022.0,1999-04-20,,,2025,19
Jaylinn Hawkins,NE,DB,14954,weighted,,,,,,,,,,,,,,,,,,,,,,,,,,,,,,,,,,,,,,,,,,,,,3.2,6.33733133703178e-16,,,0.3,0.0,0.7,0.0,0.0,0.0,2020.0,1997-08-27,,,2025,19
Jalen Pitre,HOU,DB,15850,weighted,,,,,,,,,,,,,,,,,,,,,,,,,,,,,,,,,,,,,,,,,,,,,3.2,6.33733133703178e-16,,,0.3,0.0,0.9,0.0,0.0,0.0,2022.0,1999-06-03,,,2025,19
Jalen Ramsey,PIT,DB,12711,weighted,,,,,,,,,,,,,,,,,,,,,,,,,,,,,,,,,,,,,,,,,,,,,3.2,6.33733133703178e-16,,,0.1,1.98041604282243e-17,0.5,0.0,0.0,0.0,2016.0,1994-10-24,,,2025,19
Andrew Wingard,JAC,DB,14328,weighted,,,,,,,,,,,,,,,,,,,,,,,,,,,,,,,,,,,,,,,,,,,,,3.2,6.33733133703178e-16,,,0.1,1.98041604282243e-17,0.7,0.0,0.0,0.0,2019.0,1996-12-05,,,2025,19
Keisean Nixon,GB,DB,14669,weighted,,,,,,,,,,,,,,,,,,,,,,,,,,,,,,,,,,,,,,,,,,,,,3.2,6.33733133703178e-16,,,0.1,1.98041604282243e-17,0.7,0.0,0.0,0.0,2019.0,1997-06-22,,,2025,19
Adoree Jackson,PHI,DB,13226,weighted,,,,,,,,,,,,,,,,,,,,,,,,,,,,,,,,,,,,,,,,,,,,,3.1,0.0,,,0.1,1.98041604282243e-17,0.7,0.0,0.0,0.0,2017.0,1995-09-18,,,2025,19
Marcus Jones,NE,DB,15868,weighted,,,,,,,,,,,,,,,,,,,,,,,,,,,,,,,,,,,,,,,,,,,,,3.1,0.0,,,0.1,1.98041604282243e-17,0.6,0.0,0.2,3.96083208564486e-17,2022.0,1998-10-22,,,2025,19
Antonio Johnson,JAC,DB,16246,weighted,,,,,,,,,,,,,,,,,,,,,,,,,,,,,,,,,,,,,,,,,,,,,3.0,0.0,,,0.3,0.0,0.7,0.0,0.1,1.98041604282243e-17,2023.0,2001-10-29,,,2025,19
Evan Williams,GB,DB,16719,weighted,,,,,,,,,,,,,,,,,,,,,,,,,,,,,,,,,,,,,,,,,,,,,3.0,0.0,,,0.2,3.96083208564486e-17,0.3,0.0,0.0,0.0,2024.0,2001-07-28,,,2025,19
Ji'Ayir Brown,SF,DB,16281,weighted,,,,,,,,,,,,,,,,,,,,,,,,,,,,,,,,,,,,,,,,,,,,,3.0,0.0,,,0.1,1.98041604282243e-17,0.4,7.92166417128973e-17,0.0,0.0,2023.0,2000-01-25,,,2025,19
Calen Bullock,HOU,DB,16705,weighted,,,,,,,,,,,,,,,,,,,,,,,,,,,,,,,,,,,,,,,,,,,,,2.9,0.0,,,0.2,3.96083208564486e-17,0.7,0.0,0.0,0.0,2024.0,2003-04-30,,,2025,19
Derwin James,LAC,DB,13714,weighted,,,,,,,,,,,,,,,,,,,,,,,,,,,,,,,,,,,,,,,,,,,,,2.9,0.0,,,0.1,1.98041604282243e-17,0.4,7.92166417128973e-17,0.0,0.0,2018.0,1996-08-03,,,2025,19
Taron Johnson,BUF,DB,13764,weighted,,,,,,,,,,,,,,,,,,,,,,,,,,,,,,,,,,,,,,,,,,,,,2.9,0.0,,,0.0,0.0,0.4,7.92166417128973e-17,0.0,0.0,2018.0,1996-07-27,,,2025,19
Chau Smith-Wade,CAR,DB,16741,weighted,,,,,,,,,,,,,,,,,,,,,,,,,,,,,,,,,,,,,,,,,,,,,2.9,0.0,,,0.0,0.0,0.1,1.98041604282243e-17,0.0,0.0,2024.0,2002-09-17,,,2025,19
Jaycee Horn,CAR,DB,15361,weighted,,,,,,,,,,,,,,,,,,,,,,,,,,,,,,,,,,,,,,,,,,,,,2.8,0.0,,,0.2,3.96083208564486e-17,0.7,0.0,0.0,0.0,2021.0,1999-11-26,,,2025,19
Tyrique Stevenson,CHI,DB,16267,weighted,,,,,,,,,,,,,,,,,,,,,,,,,,,,,,,,,,,,,,,,,,,,,2.8,0.0,,,0.0,0.0,0.6,0.0,0.0,0.0,2023.0,2000-05-26,,,2025,19
Upton Stout,SF,DB,17169,weighted,,,,,,,,,,,,,,,,,,,,,,,,,,,,,,,,,,,,,,,,,,,,,2.7,0.0,,,0.0,0.0,0.4,7.92166417128973e-17,0.0,0.0,2025.0,2002-01-09,,,2025,19
Kyle Dugger,PIT,DB,14921,weighted,,,,,,,,,,,,,,,,,,,,,,,,,,,,,,,,,,,,,,,,,,,,,2.6,0.0,,,0.1,1.98041604282243e-17,0.4,7.92166417128973e-17,0.1,1.98041604282243e-17,2020.0,1996-03-22,,,2025,19
Carlton Davis,NE,DB,13710,weighted,,,,,,,,,,,,,,,,,,,,,,,,,,,,,,,,,,,,,,,,,,,,,2.6,0.0,,,0.0,0.0,0.7,0.0,0.0,0.0,2018.0,1996-12-31,,,2025,19
Elijah Molden,LAC,DB,15402,weighted,,,,,,,,,,,,,,,,,,,,,,,,,,,,,,,,,,,,,,,,,,,,,2.6,0.0,,,0.1,1.98041604282243e-17,0.3,0.0,0.0,0.0,2021.0,1999-01-30,Q,Hamstring,2025,19
Renardo Green,SF,DB,16702,weighted,,,,,,,,,,,,,,,,,,,,,,,,,,,,,,,,,,,,,,,,,,,,,2.6,0.0,,,0.0,0.0,0.6,0.0,0.0,0.0,2024.0,2000-11-09,Q,Ankle,2025,19
Kamren Kinchens,LAR,DB,16676,weighted,,,,,,,,,,,,,,,,,,,,,,,,,,,,,,,,,,,,,,,,,,,,,2.6,0.0,,,0.1,1.98041604282243e-17,0.2,3.96083208564486e-17,0.0,0.0,2024.0,2002-09-29,,,2025,19
Joey Porter Jr.,PIT,DB,16240,weighted,,,,,,,,,,,,,,,,,,,,,,,,,,,,,,,,,,,,,,,,,,,,,2.5,0.0,,,0.0,0.0,0.7,0.0,0.0,0.0,2023.0,2000-07-26,,,2025,19
Joey Porter Jr.,PIT,DB,16240,weighted,,,,,,,,,,,,,,,,,,,,,,,,,,,,,,,,,,,,,,,,,,,,,2.5,0.0,,,0.0,0.0,0.7,0.0,0.0,0.0,2023.0,2002-02-03,,,2025,19
Christian Benford,BUF,DB,15913,weighted,,,,,,,,,,,,,,,,,,,,,,,,,,,,,,,,,,,,,,,,,,,,,2.4,0.0,,,0.2,3.96083208564486e-17,0.5,0.0,0.1,1.98041604282243e-17,2022.0,2000-09-21,,,2025,19
Xavier McKinney,GB,DB,14908,weighted,,,,,,,,,,,,,,,,,,,,,,,,,,,,,,,,,,,,,,,,,,,,,2.4,0.0,,,0.1,1.98041604282243e-17,0.4,7.92166417128973e-17,0.0,0.0,2020.0,1999-08-09,,,2025,19
Greg Newsome,JAC,DB,15375,weighted,,,,,,,,,,,,,,,,,,,,,,,,,,,,,,,,,,,,,,,,,,,,,2.4,0.0,,,0.1,1.98041604282243e-17,0.6,0.0,0.0,0.0,2021.0,2000-05-18,,,2025,19
Jarrian Jones,JAC,DB,16714,weighted,,,,,,,,,,,,,,,,,,,,,,,,,,,,,,,,,,,,,,,,,,,,,2.3,0.0,,,0.3,0.0,0.7,0.0,0.0,0.0,2024.0,2001-05-08,,,2025,19
Deommodore Lenoir,SF,DB,15445,weighted,,,,,,,,,,,,,,,,,,,,,,,,,,,,,,,,,,,,,,,,,,,,,2.3,0.0,,,0.1,1.98041604282243e-17,0.3,0.0,0.0,0.0,2021.0,1999-10-06,,,2025,19
Quinyon Mitchell,PHI,DB,16690,weighted,,,,,,,,,,,,,,,,,,,,,,,,,,,,,,,,,,,,,,,,,,,,,2.2,0.0,,,0.1,1.98041604282243e-17,1.0,0.0,0.0,0.0,2024.0,2001-07-18,,,2025,19
Javon Bullard,GB,DB,16677,weighted,,,,,,,,,,,,,,,,,,,,,,,,,,,,,,,,,,,,,,,,,,,,,2.2,0.0,,,0.0,0.0,0.2,3.96083208564486e-17,0.0,0.0,2024.0,2002-09-05,Q,Knee,2025,19
Brandin Echols,PIT,DB,15464,weighted,,,,,,,,,,,,,,,,,,,,,,,,,,,,,,,,,,,,,,,,,,,,,2.0,0.0,,,0.1,1.98041604282243e-17,0.4,7.92166417128973e-17,0.0,0.0,2021.0,1997-10-16,,,2025,19
Quentin Lake,LAR,DB,15923,weighted,,,,,,,,,,,,,,,,,,,,,,,,,,,,,,,,,,,,,,,,,,,,,2.0,0.0,,,0.0,0.0,0.4,7.92166417128973e-17,0.0,0.0,2022.0,1999-01-29,,,2025,19
Jason Pinnock,SF,DB,15448,weighted,,,,,,,,,,,,,,,,,,,,,,,,,,,,,,,,,,,,,,,,,,,,,2.0,0.0,,,0.0,0.0,0.0,0.0,0.0,0.0,2021.0,1999-06-30,,,2025,19
Carrington Valentine,GB,DB,16356,weighted,,,,,,,,,,,,,,,,,,,,,,,,,,,,,,,,,,,,,,,,,,,,,1.8,0.0,,,0.1,1.98041604282243e-17,0.3,0.0,0.0,0.0,2023.0,2001-09-09,,,2025,19
Dell Pettus,NE,DB,16900,weighted,,,,,,,,,,,,,,,,,,,,,,,,,,,,,,,,,,,,,,,,,,,,,1.8,0.0,,,0.0,0.0,0.1,1.98041604282243e-17,0.0,0.0,2024.0,2001-06-02,,,2025,19
Donte Jackson,LAC,DB,13738,weighted,,,,,,,,,,,,,,,,,,,,,,,,,,,,,,,,,,,,,,,,,,,,,1.6,3.16866566851589e-16,,,0.2,3.96083208564486e-17,0.8,1.58433283425795e-16,0.0,0.0,2018.0,1995-11-08,,,2025,19
Decobie Durant,LAR,DB,15888,weighted,,,,,,,,,,,,,,,,,,,,,,,,,,,,,,,,,,,,,,,,,,,,,1.5,0.0,,,0.1,1.98041604282243e-17,0.4,7.92166417128973e-17,0.1,1.98041604282243e-17,2022.0,1998-02-09,,,2025,19
Marques Sigle,SF,DB,17207,weighted,,,,,,,,,,,,,,,,,,,,,,,,,,,,,,,,,,,,,,,,,,,,,1.1,0.0,,,0.0,0.0,0.1,1.98041604282243e-17,0.0,0.0,2025.0,2002-07-18,,,2025,19
Darious Williams,LAR,DB,13959,weighted,,,,,,,,,,,,,,,,,,,,,,,,,,,,,,,,,,,,,,,,,,,,,1.0,0.0,,,0.0,0.0,0.4,7.92166417128973e-17,0.0,0.0,2018.0,1993-03-15,,,2025,19
Jabrill Peppers,PIT,DB,13231,weighted,,,,,,,,,,,,,,,,,,,,,,,,,,,,,,,,,,,,,,,,,,,,,0.6,0.0,,,0.0,0.0,0.2,3.96083208564486e-17,0.0,0.0,2017.0,1995-10-04,,,2025,19
Sydney Brown,PHI,DB,16271,weighted,,,,,,,,,,,,,,,,,,,,,,,,,,,,,,,,,,,,,,,,,,,,,0.1,1.98041604282243e-17,,,0.0,0.0,0.1,1.98041604282243e-17,0.1,1.98041604282243e-17,2023.0,2000-03-21,,,2025,19
