name,position,team,age,years_exp,is_rookie,draft_round,exp_price,prior_ppg,prior_snap_pct,prior_target_share,vac_pc_targets,vac_rb_carries,ht_d_ppg,proj_pts,prob_raw,p_hit,young,player_id
Jerry Jeudy,WR,CLE,27.0,6.0,0,1.0,1.6,7.1000000000000005,0.8452941176470588,0.20306513409961685,53.0,34.0,10.535,129.63093457943924,0.5281483798793347,0.40994438176598524,0,00-0036407
Omar Cooper Jr.,WR,NYJ,22.0,0.0,1,1.0,0.0,,,,,,,116.79894164582818,0.16109105472255675,0.38629819240625585,1,COO816508
Nathaniel Dell,WR,HOU,26.0,3.0,0,3.0,0.0,,,,,,-0.146,100.0,0.44279149951975655,0.37733794281993055,0,00-0038977
Rashod Bateman,WR,BAL,27.0,5.0,0,1.0,0.0,4.261538461538462,0.693076923076923,0.09336609336609336,98.0,59.0,2.67,119.02294392523366,0.1084105248346778,0.3720013233744842,0,00-0036550
Matthew Golden,WR,GB,23.0,1.0,0,1.0,0.0,5.0,0.5321428571428571,0.09565217391304348,153.0,125.0,,123.35962616822431,0.08885943794604564,0.3720013233744842,1,00-0040667
Zach Ertz,TE,WAS,36.0,13.0,0,2.0,1.0,9.723076923076924,0.6646153846153846,0.16666666666666666,,,4.203,117.23999999999998,0.10171047275275585,0.3684607458509204,0,00-0030061
Adonai Mitchell,WR,NYJ,24.0,2.0,0,2.0,1.0,5.49375,0.50625,0.13962264150943396,114.0,16.0,0.024,119.25925233644858,0.08470839855315287,0.36669573040319897,1,00-0039890
Blake Corum,RB,LA,26.0,2.0,0,3.0,1.0,7.188235294117647,0.2911764705882353,0.024096385542168676,15.0,0.0,0.694,120.86875,0.07974951459348413,0.36669573040319897,1,00-0039738
Malik Washington,WR,MIA,26.0,2.0,0,6.0,1.0,6.864705882352942,0.57,0.1406926406926407,234.0,0.0,4.569,93.54420560747661,0.15940410286853537,0.3596717570014317,1,00-0039880
Tre Harris,WR,LAC,24.0,1.0,0,2.0,0.0,4.3375,0.4852941176470588,0.07904411764705882,152.0,32.0,,111.05990654205605,0.07363520808948103,0.3509759040676413,1,00-0040727
Xavier Legette,WR,CAR,25.0,2.0,0,1.0,1.0,5.953333333333334,0.6786666666666666,0.13333333333333333,26.0,236.0,-2.646,88.14953271028037,0.1282712198249337,0.34752469991372076,1,00-0039342
Germie Bernard,WR,PIT,22.0,0.0,1,2.0,0.0,,,,,,,103.37000137957565,0.07879914189726012,0.3458050591709283,1,BER218265
Andrei Iosivas,WR,CIN,27.0,3.0,0,6.0,1.0,5.993333333333334,0.7617647058823529,0.09539473684210527,41.0,0.0,1.081,109.23757009345795,0.062005444095443715,0.3423778782609555,0,00-0038619
Rashid Shaheed,WR,SEA,28.0,4.0,0,8.0,1.0,8.700000000000001,0.6088888888888889,0.16283185840707964,3.0,229.0,,96.98691588785047,0.07777171769061354,0.33557288988185374,0,00-0037545
Pat Freiermuth,TE,PIT,28.0,5.0,0,2.0,1.0,7.573333333333333,0.5035294117647059,0.10344827586206896,191.0,114.0,3.939,104.90137931034482,0.05504245111733927,0.33051341111048604,0,00-0036894
Chig Okonkwo,TE,TEN,27.0,4.0,0,4.0,1.5,7.294117647058823,0.6370588235294118,0.1490566037735849,,,3.725,80.16724137931034,0.22927395550087717,0.33051341111048604,0,00-0037809
Tank Bigsby,RB,PHI,24.0,3.0,0,3.0,0.0,3.586666666666667,0.1264705882352941,0.007312614259597806,168.0,12.0,-2.486,104.80250000000001,0.04816844869464436,0.32716199095864157,0,00-0038555
Eli Stowers,TE,PHI,23.0,0.0,1,2.0,0.0,,,,,,,81.0783220971839,0.12043512028083676,0.3221678356510351,1,STO806346
Isaiah Likely,TE,BAL,26.0,4.0,0,4.0,0.0,5.141666666666667,0.5592857142857143,0.08845208845208845,,,1.756,111.4801724137931,0.03969797209753424,0.3221678356510351,0,00-0037838
Chris Godwin Jr.,WR,TB,30.0,9.0,0,3.0,1.1,9.222222222222221,0.7088888888888889,0.09426987060998152,119.0,135.0,,89.95163551401868,0.05505943039881543,0.31393417440349114,0,00-0033921
Elijah Arroyo,TE,SEA,23.0,1.0,0,2.0,0.0,2.838461538461539,0.39538461538461533,0.05714285714285714,3.0,229.0,,74.88275862068964,0.19193777159860084,0.3074302352440114,1,00-0040739
Michael Mayer,TE,LV,25.0,3.0,0,2.0,1.0,5.676923076923078,0.6176923076923077,0.10121457489878542,58.0,34.0,1.779,77.06068965517241,0.14700001992005896,0.3042065234854358,0,00-0039066
Cooper Kupp,WR,SEA,33.0,9.0,0,3.0,1.0,7.331250000000001,0.755625,0.15384615384615385,3.0,229.0,-7.075,70.08383177570093,0.2558377727040833,0.2978166331014712,0,00-0033908
Tez Johnson,WR,TB,24.0,1.0,0,7.0,1.0,6.16,0.470625,0.08133086876155268,119.0,135.0,,82.64018691588785,0.04268274903885602,0.2899391121016824,1,00-0040237
Pat Bryant,WR,DEN,24.0,1.0,0,3.0,1.0,5.753846153846155,0.4766666666666667,0.0839041095890411,0.0,0.0,,79.82953271028038,0.06508389190305788,0.2883784792451854,1,00-0040134
Jalen Nailor,WR,MIN,27.0,4.0,0,6.0,1.0,5.923529411764706,0.6535294117647058,0.11324786324786325,,,-3.723,128.81294392523364,0.02149025673393113,0.28372670494263325,0,00-0037291
Jayden Reed,WR,GB,26.0,3.0,0,2.0,0.0,9.7,0.4114285714285714,0.04782608695652174,153.0,125.0,-6.778,102.2096261682243,0.02506909151887557,0.2821862220761247,0,00-0039146
Joe Mixon,RB,FA,30.0,9.0,0,2.0,0.0,,,,,,-7.388,66.7,0.31126160837175626,0.2821862220761247,0,00-0033897
Malachi Fields,WR,NYG,23.0,0.0,1,3.0,0.0,,,,,,,80.71260630538696,0.04485894253591368,0.28065082601407104,1,FIE775129
Nate Boerkircher,TE,JAX,25.0,0.0,1,2.0,0.0,,,,,,,69.60358034198622,0.1244352826474601,0.27912053563909767,1,BOE586077
Chris Brazzell II,WR,CAR,22.0,0.0,1,3.0,0.0,,,,,,,100.89521382853016,0.02470200302019685,0.27607534538816253,1,BRA836631
Evan Engram,TE,DEN,32.0,9.0,0,1.0,1.0,6.425000000000001,0.42125,0.13013698630136986,0.0,0.0,-1.61,81.24327586206896,0.03504116778592712,0.2745604811874025,0,00-0033881
Marvin Mims Jr.,WR,DEN,24.0,3.0,0,2.0,1.0,6.333333333333333,0.3686666666666667,0.08732876712328767,0.0,0.0,12.811,80.49084112149532,0.03995392152319304,0.2730507940260519,0,00-0038976
Max Klare,TE,LA,23.0,0.0,1,2.0,0.0,,,,,,,67.39310434580837,0.1416414772680168,0.2730507940260519,1,KLA269938
Alexander Mattison,RB,MIA,28.0,7.0,0,3.0,0.0,,,,,,-2.662,80.1,0.0391605685526068,0.2670641455423711,0,00-0034972
MarShawn Lloyd,RB,GB,25.0,2.0,0,3.0,0.0,,,,,,,70.4,0.07176897301974565,0.2655805872958726,1,00-0039811
Mike Gesicki,TE,CIN,31.0,8.0,0,2.0,1.0,5.891666666666667,0.3853846153846154,0.06907894736842106,41.0,0.0,-1.387,83.36810344827586,0.02554941871040073,0.261161599370852,0,00-0034829
DeMario Douglas,WR,NE,26.0,3.0,0,6.0,1.0,5.987500000000001,0.25882352941176473,0.0954356846473029,128.0,39.0,0.338,98.07887850467289,0.021114823854664694,0.25534406008172045,0,00-0038621
Caleb Douglas,WR,MIA,22.0,0.0,1,3.0,0.0,,,,,,,71.0606174428554,0.045906134813644243,0.25175162594240336,1,DOU210628
Marlin Klein,TE,HOU,23.0,0.0,1,2.0,0.0,,,,,,,63.679883353317976,0.11405540396269453,0.2510371773343068,1,KLE258860
Ryan Flournoy,WR,DAL,27.0,2.0,0,6.0,1.0,7.6,0.4475,0.09225700164744646,34.0,20.0,1.117,83.81355140186915,0.02284277831567984,0.24961232912539194,1,00-0039410
Tyler Allgeier,RB,ATL,26.0,4.0,0,5.0,1.0,7.235294117647059,0.30235294117647055,0.030828516377649325,,,-1.779,92.49124999999998,0.021015679098713477,0.2481928881751335,0,00-0037263
Sam Roush,TE,CHI,23.0,0.0,1,3.0,0.0,,,,,,,61.97171636068133,0.12210846178908388,0.24819288817513332,1,ROU550040
Nick Chubb,RB,HOU,31.0,8.0,0,2.0,1.0,5.886666666666668,0.322,0.03616636528028933,,,2.047,77.6325,0.03239259737137364,0.24677886444214,0,00-0034791
Antonio Williams,WR,WAS,22.0,0.0,1,3.0,0.0,,,,,,,69.68268750516455,0.045906134813644243,0.24607388703831845,1,WIL143106
Terrance Ferguson,TE,LA,23.0,1.0,0,2.0,1.0,4.736363636363636,0.3671428571428571,0.043029259896729774,15.0,0.0,,59.2696551724138,0.14823943682438062,0.2425693903404194,1,00-0040737
Isaac TeSlaa,WR,DET,24.0,1.0,0,3.0,1.0,5.421428571428572,0.39647058823529413,0.04909090909090909,51.0,161.0,,74.80317757009347,0.030011142489698814,0.23293849091691804,1,00-0040669
Emmett Johnson,RB,KC,22.0,0.0,1,5.0,0.0,,,,,,,84.53764975923026,0.016183308891391166,0.23023622552042314,1,JOH224817
Mack Hollins,WR,NE,33.0,9.0,0,4.0,1.0,8.1,0.6773333333333333,0.13485477178423236,128.0,39.0,2.646,68.71448598130841,0.03734130018153839,0.22755600869397138,0,00-0033555
Jaylin Noel,WR,HOU,24.0,1.0,0,3.0,1.0,4.023529411764706,0.26,0.06329113924050633,66.0,133.0,,72.35214953271027,0.02675723364704956,0.22622418011567402,1,00-0040138
Will Kacmarek,TE,MIA,23.0,0.0,1,3.0,0.0,,,,,,,71.28544606391436,0.02687124471258608,0.2248978769161368,1,KAC282861
Jack Bech,WR,LV,24.0,1.0,0,2.0,1.0,3.028571428571429,0.3975,0.058704453441295545,58.0,34.0,,60.367476635514016,0.07009141437037478,0.2248978769161368,1,00-0040729
Zachariah Branch,WR,ATL,22.0,0.0,1,3.0,0.0,,,,,,,71.42632360455164,0.02470200302019685,0.2170562724132477,1,BRA531428
Isaiah Bond,WR,CLE,22.0,1.0,0,8.0,1.0,3.646666666666667,0.480625,0.0842911877394636,53.0,34.0,,79.88551401869158,0.018108866692638333,0.21576873053647094,1,00-0040782
Cole Kmet,TE,CHI,27.0,6.0,0,2.0,1.0,4.91875,0.714375,0.09022556390977443,161.0,1.0,-5.968,66.86155172413793,0.031205482810274816,0.21321028335930356,0,00-0036290
Darius Slayton,WR,NYG,29.0,7.0,0,5.0,1.0,7.057142857142858,0.812857142857143,0.12524850894632206,181.0,0.0,-6.127,75.47850467289719,0.021372697202539245,0.20941421366087767,0,00-0035535
Tyquan Thornton,WR,KC,26.0,4.0,0,2.0,1.0,6.733333333333334,0.39,0.06739526411657559,120.0,302.0,,57.48252336448598,0.05979254495443612,0.20941421366087767,0,00-0038104
Samaje Perine,RB,CIN,31.0,9.0,0,4.0,1.0,5.193333333333333,0.3506666666666666,0.03453947368421053,41.0,0.0,-1.203,94.00625,0.011865617284364612,0.20691123454159707,0,00-0033526
Darnell Mooney,WR,ATL,29.0,6.0,0,5.0,1.0,5.486666666666667,0.8193333333333332,0.13872832369942195,,,-5.365,83.03285046728972,0.013194744570784836,0.2056680632744653,0,00-0036309
Justice Hill,RB,BAL,29.0,7.0,0,4.0,1.0,6.5200000000000005,0.371,0.06633906633906633,98.0,59.0,0.044,81.15375,0.013314467472714447,0.20197180660175684,0,00-0034975
Tyreek Hill,WR,MIA,32.0,10.0,0,5.0,0.0,13.375,0.6849999999999999,0.06277056277056277,,,3.419,81.02990654205607,0.013501920058584936,0.20197180660175684,0,00-0033040
Brian Robinson,RB,SF,27.0,4.0,0,3.0,1.0,3.676470588235294,0.16705882352941176,0.02181818181818182,,,-5.457,78.44375,0.014945280617325946,0.1983253931831798,0,00-0037746
Malik Davis,RB,DAL,28.0,4.0,0,8.0,1.0,4.0600000000000005,0.20700000000000002,0.008237232289950576,34.0,20.0,,55.185,0.05760250507369702,0.1983253931831798,0,00-0037563
James Conner,RB,ARI,31.0,9.0,0,3.0,0.0,11.1,0.5,0.014586709886547812,,,3.883,60.77124999999999,0.03173407938799596,0.1959221057258673,0,00-0033553
Mike Washington Jr.,RB,LV,23.0,0.0,1,4.0,0.0,,,,,,,80.78970904036038,0.013095278106270153,0.1947287484022793,1,WAS797326
Ray Davis,RB,BUF,27.0,2.0,0,4.0,1.0,3.770588235294117,0.14294117647058824,0.027139874739039668,80.0,0.0,-1.803,68.23124999999999,0.022252044658646594,0.1947287484022793,1,00-0039875
Kaelon Black,RB,SF,24.0,0.0,1,3.0,0.0,,,,,,,59.73007735734337,0.03412755759184713,0.19354091021880956,1,BLA097235
Darnell Washington,TE,PIT,25.0,3.0,0,3.0,1.0,5.6461538461538465,0.5725,0.08237547892720307,191.0,114.0,-1.476,51.55862068965517,0.05556718539056813,0.1888446607637483,0,00-0038558
Kareem Hunt,RB,KC,31.0,9.0,0,3.0,1.0,8.552941176470588,0.47058823529411764,0.04553734061930783,,,-7.712,79.58624999999999,0.012871567595314336,0.1842363324032092,0,00-0033923
Darren Waller,TE,MIA,34.0,11.0,0,6.0,1.0,9.855555555555556,0.44999999999999996,0.0735930735930736,,,,54.184827586206886,0.040856120644342096,0.1842363324032092,0,00-0031610
David Njoku,TE,CLE,30.0,9.0,0,1.0,1.0,7.845454545454545,0.6391666666666667,0.09195402298850575,,,4.15,55.97689655172413,0.03323399063003166,0.17859897527004065,0,00-0033885
Ja'Kobi Lane,WR,BAL,22.0,0.0,1,3.0,0.0,,,,,,,60.1233856610758,0.02470200302019685,0.17859897527004065,1,LAN311008
Ollie Gordon II,RB,MIA,22.0,1.0,0,6.0,1.0,3.182352941176471,0.22411764705882353,0.01948051948051948,234.0,0.0,,65.19874999999999,0.01954582630480909,0.17748784198651266,1,00-0040198
Jalen McMillan,WR,TB,25.0,2.0,0,3.0,0.0,7.4750000000000005,0.515,0.027726432532347505,119.0,135.0,10.15,68.06056074766354,0.015054228182901318,0.17528185252508258,1,00-0039855
Xavier Hutchinson,WR,HOU,26.0,3.0,0,6.0,1.0,6.125,0.5747058823529412,0.10307414104882459,66.0,133.0,0.625,87.08719626168224,0.009133907169153705,0.17528185252508258,0,00-0038618
Najee Harris,RB,LAC,28.0,5.0,0,1.0,0.0,3.8666666666666667,0.21666666666666667,0.0055147058823529415,,,-1.681,61.574999999999996,0.02179883089569662,0.17418698002361258,0,00-0036893
Tommy Tremble,TE,CAR,26.0,5.0,0,3.0,1.0,4.260000000000001,0.6011764705882353,0.07708333333333334,26.0,236.0,2.983,56.75655172413793,0.025942294429085633,0.17201343694652943,0,00-0037005
Bub Means,WR,NO,25.0,2.0,0,5.0,0.0,,,,,,,106.0,0.00716840519057333,0.16879349281593845,1,00-0039386
Cedric Tillman,WR,CLE,26.0,3.0,0,3.0,1.0,5.0,0.6184615384615384,0.07471264367816093,53.0,34.0,-3.45,68.81719626168223,0.013417995892957738,0.1666736674785587,0,00-0038979
Noah Fant,TE,CIN,29.0,7.0,0,1.0,1.0,5.753846153846154,0.37933333333333336,0.06743421052631579,,,1.146,50.30344827586207,0.031509461557196396,0.16146733371011265,0,00-0035644
Jimmy Horn Jr.,WR,CAR,24.0,1.0,0,6.0,1.0,2.87,0.19230769230769232,0.03125,26.0,236.0,,42.09345794392523,0.09388855918649462,0.15840703514485527,1,00-0040218
Ty Johnson,RB,BUF,29.0,7.0,0,6.0,1.0,5.9,0.2958823529411765,0.06889352818371608,80.0,0.0,2.16,81.8775,0.008666482997113388,0.15739745197636995,0,00-0035537
Michael Carter,RB,ARI,27.0,5.0,0,4.0,1.0,7.615384615384615,0.4523076923076923,0.07293354943273905,,,11.933,63.1125,0.014355671797360586,0.1563931075244849,0,00-0036924
Josh Palmer,WR,BUF,27.0,5.0,0,3.0,1.0,4.358333333333333,0.48333333333333334,0.07724425887265135,80.0,0.0,-1.432,64.88915887850466,0.013533828310707529,0.15539398984348637,0,00-0036988
Braelon Allen,RB,NYJ,22.0,2.0,0,4.0,0.0,3.825,0.2325,0.006355932203389831,114.0,16.0,-2.1,70.0425,0.010966507369542917,0.1524278753500099,1,00-0039794
Eli Raridon,TE,NE,22.0,0.0,1,3.0,0.0,,,,,,,53.12205157586628,0.022374856420257484,0.1514495418240304,1,RAR148318
Jonnu Smith,TE,PIT,31.0,9.0,0,3.0,1.0,5.011764705882353,0.5270588235294118,0.10344827586206896,,,9.315,86.27999999999999,0.0069976958945428625,0.14854547604292917,0,00-0033858
Devin Singletary,RB,NYG,29.0,7.0,0,3.0,1.0,6.4,0.27647058823529413,0.03777335984095427,181.0,0.0,-3.461,85.91875,0.00694637064568347,0.1466350796505008,0,00-0035250
Calvin Ridley,WR,TEN,32.0,8.0,0,1.0,1.0,6.757142857142857,0.5714285714285714,0.06792452830188679,143.0,0.0,3.221,78.69887850467289,0.00875666394172356,0.14663507965050068,0,00-0034837
Ja'Tavion Sanders,TE,CAR,23.0,2.0,0,4.0,1.0,4.5,0.48307692307692307,0.07083333333333333,26.0,236.0,-1.272,51.35603448275861,0.021530792578171497,0.14380768629849164,1,00-0039356
Ted Hurst,WR,TB,22.0,0.0,1,3.0,0.0,,,,,,,48.86840723577793,0.025052813054789524,0.14380768629849164,1,HUR541377
John Metchie III,WR,NYJ,26.0,4.0,0,2.0,1.0,5.5307692307692315,0.46125,0.10344827586206896,,,4.295,65.96817757009346,0.011326638343123191,0.14287535352620437,0,00-0037614
Chris Rodriguez Jr.,RB,WAS,27.0,3.0,0,6.0,1.0,7.666666666666667,0.3123076923076923,0.009259259259259259,,,-0.817,63.516249999999985,0.012173475684922969,0.14194806312995162,0,00-0038611
Noah Gray,TE,KC,27.0,5.0,0,5.0,1.0,2.7714285714285714,0.52125,0.06739526411657559,120.0,302.0,2.989,64.92413793103448,0.011669236824971582,0.14102580082547497,0,00-0036637
Isaiah Davis,RB,NYJ,24.0,2.0,0,5.0,1.0,4.45,0.28,0.059322033898305086,114.0,16.0,5.152,61.25625,0.012087517867473549,0.1364894015142687,1,00-0039798
Calvin Austin III,WR,PIT,27.0,4.0,0,4.0,1.0,6.1571428571428575,0.535,0.1053639846743295,,,0.549,56.09345794392523,0.01387837400785236,0.1355970004847959,0,00-0037837
Jeremy Ruckert,TE,NYJ,26.0,4.0,0,3.0,1.0,3.3500000000000005,0.4717647058823529,0.0614406779661017,114.0,16.0,-0.812,41.362758620689654,0.039149021029876,0.13077640800889506,0,00-0037805
Bryce Lance,WR,NO,24.0,0.0,1,4.0,0.0,,,,,,,66.60362302433897,0.00925707820055498,0.12948721592827386,1,LAN016345
Greg Dulcich,TE,MIA,26.0,4.0,0,3.0,1.0,6.977777777777778,0.422,0.07142857142857142,234.0,0.0,,42.51448275862069,0.02826597778236167,0.12526785176162003,0,00-0037252
Sean Tucker,RB,TB,25.0,3.0,0,8.0,1.0,5.376470588235295,0.15823529411764706,0.02033271719038817,119.0,135.0,-2.831,77.32874999999999,0.006824854424176344,0.12443824691652285,0,00-0038951
Brenen Thompson,WR,LAC,23.0,0.0,1,4.0,0.0,,,,,,,59.84998753659962,0.010618181486183471,0.1236133598381984,1,THO495568
Zavion Thomas,WR,CHI,21.0,0.0,1,3.0,0.0,,,,,,,50.258314545244446,0.013899140604406097,0.12279317397167773,1,THO417520
Dontayvion Wicks,WR,GB,25.0,3.0,0,5.0,1.0,5.830769230769231,0.44642857142857145,0.1,,,-0.165,46.48943925233644,0.018337183837735756,0.12036065688736519,0,00-0038393
Kyle Williams,WR,NE,24.0,1.0,0,3.0,1.0,3.5142857142857147,0.30823529411764705,0.043568464730290454,128.0,39.0,,48.55644859813084,0.015023028776058758,0.11955910872646522,1,00-0040131
Chris Bell,WR,MIA,22.0,0.0,1,3.0,0.0,,,,,,,47.934284682494244,0.014910730290252345,0.11562028568283125,1,BEL267684
Jaylen Wright,RB,MIA,23.0,2.0,0,4.0,1.0,5.355555555555556,0.215,0.01948051948051948,234.0,0.0,-1.988,62.50999999999999,0.008692197693925605,0.11331150787914337,1,00-0039874
Trey Benson,RB,ARI,24.0,2.0,0,3.0,0.0,8.850000000000001,0.48250000000000004,0.02593192868719611,,,0.291,41.00625,0.023001069819155073,0.1102957669996419,1,00-0039921
KaVontae Turpin,WR,DAL,30.0,7.0,0,8.0,1.0,5.633333333333334,0.3546666666666667,0.06260296540362438,34.0,20.0,0.682,56.056121495327105,0.009384271160696234,0.10881442182128673,0,00-0037801
Riley Nowakowski,TE,PIT,24.0,0.0,1,5.0,0.0,,,,,,,48.70742136192156,0.012516952525861996,0.10735057153042399,1,NOW373761
Jonah Coleman,RB,DEN,23.0,0.0,1,4.0,0.0,,,,,,,45.93920822200951,0.013768223549877662,0.10662516252124464,1,COL293648
Dont'e Thornton Jr.,WR,LV,24.0,1.0,0,4.0,1.0,2.1363636363636362,0.4533333333333333,0.06072874493927125,58.0,34.0,,48.045467289719625,0.012311357869999498,0.10376655058915732,1,00-0040581
Kaden Wetjen,WR,PIT,24.0,0.0,1,4.0,0.0,,,,,,,54.324975166599074,0.00925707820055498,0.1030625639790875,1,WET055619
Devin Neal,RB,NO,23.0,1.0,0,6.0,1.1,6.666666666666667,0.4,0.033628318584070796,51.0,21.0,,41.842499999999994,0.01722138933516948,0.1030625639790874,1,00-0040202
Kevin Coleman Jr.,WR,MIA,22.0,0.0,1,5.0,0.0,,,,,,,57.91700173806608,0.007998701578375256,0.1016672644692102,1,COL362413
Brashard Smith,RB,KC,23.0,1.0,0,7.0,1.0,3.723529411764706,0.16705882352941176,0.06375227686703097,120.0,302.0,,54.584999999999994,0.009066456663393311,0.1016672644692102,1,00-0040078
Luke McCaffrey,WR,WAS,25.0,2.0,0,3.0,1.0,5.699999999999999,0.31666666666666665,0.034722222222222224,215.0,126.0,-2.179,59.796168224299066,0.0072579668624113275,0.10097591547925723,1,00-0039355
Tanner Koziol,TE,JAX,,0.0,1,5.0,0.0,,,,,,,58.265917852306266,0.007392988800472614,0.10028874289937222,1,KOZ404039
Skyler Bell,WR,BUF,24.0,0.0,1,4.0,0.0,,,,,,,51.50866814880365,0.00925707820055498,0.09892685454091418,1,BEL597603
Devaughn Vele,WR,NO,29.0,2.0,0,7.0,1.0,7.366666666666666,0.5015384615384616,0.06902654867256637,51.0,21.0,1.743,57.58149532710281,0.007262169948619194,0.09825210249993387,1,00-0039424
Dawson Knox,TE,BUF,30.0,7.0,0,3.0,1.0,6.48125,0.5829411764705883,0.1022964509394572,80.0,0.0,1.529,51.778275862068966,0.008787611656229221,0.09559395143800284,0,00-0035689
Max Bredeson,TE,MIN,23.0,0.0,1,5.0,0.0,,,,,,,47.84543798083208,0.01085021778486361,0.09493953699578637,1,BRE060106
Antonio Gibson,RB,NE,28.0,6.0,0,3.0,0.0,4.640000000000001,0.166,0.006224066390041493,,,1.162,57.004999999999995,0.007192389574420749,0.09428913546502872,0,00-0036328
Emari Demercado,RB,ARI,27.0,3.0,0,8.0,1.0,4.858333333333333,0.2323076923076923,0.03241491085899514,,,-1.889,65.94749999999999,0.00486878188466272,0.09236182608324783,0,00-0038705
Justin Joly,TE,DEN,22.0,0.0,1,5.0,0.0,,,,,,,45.61810018016854,0.010976461072669544,0.09172729391737128,1,JOL735174
Jaydon Blue,RB,DAL,22.0,1.0,0,5.0,0.0,4.08,0.256,0.0016474464579901153,34.0,20.0,,35.339999999999996,0.023418911875057968,0.08800181952099351,1,00-0040586
Audric Estimé,RB,NO,23.0,2.0,0,5.0,0.0,9.620000000000001,0.39285714285714285,0.023008849557522124,51.0,21.0,4.05,45.88375,0.01035961339532074,0.08800181952099351,1,00-0039373
Keaton Mitchell,RB,BAL,24.0,3.0,0,8.0,1.0,4.261538461538462,0.17461538461538462,0.029484029484029485,,,1.7,57.2025,0.006242969380735377,0.08679068814221642,0,00-0038454
Trevor Etienne,RB,CAR,22.0,1.0,0,4.0,1.0,0.8058823529411765,0.05588235294117647,0.00625,26.0,236.0,,36.38999999999999,0.017692678702031693,0.08500226542015246,1,00-0040644
Nicholas Singleton,RB,TEN,22.0,0.0,1,8.0,0.0,,,,,,,77.73180612039228,0.003014596734711164,0.08500226542015246,1,NOID-nicholas-singleton
Elijah Moore,WR,BUF,26.0,5.0,0,2.0,1.0,3.177777777777778,0.31444444444444447,0.03549060542797495,,,1.442,39.27476635514019,0.01310497104823638,0.08382862111985467,0,00-0036980
Adam Randall,RB,BAL,22.0,0.0,1,5.0,0.0,,,,,,,36.869266874423374,0.014475390441073023,0.08209574812965523,1,RAN022436
Kendre Miller,RB,NO,24.0,3.0,0,3.0,1.0,4.757142857142857,0.24285714285714285,0.008849557522123894,51.0,21.0,1.8,33.45,0.0232808093507037,0.08209574812965523,0,00-0038551
Jaleel McLaughlin,RB,DEN,26.0,3.0,0,8.0,1.0,3.9250000000000003,0.16,0.010273972602739725,0.0,0.0,-0.94,36.308749999999996,0.015146524536959275,0.08095868396157843,0,00-0038794
Kendrick Law,WR,DET,23.0,0.0,1,5.0,0.0,,,,,,,43.11379808622141,0.00957075580634491,0.07983599887982142,1,LAW090280
Cyrus Allen,WR,KC,23.0,0.0,1,5.0,0.0,,,,,,,47.07177180221771,0.008095502529957664,0.0787275488451098,1,ALL092954
Isaiah Williams,WR,NYJ,25.0,2.0,0,8.0,1.0,4.046666666666667,0.36133333333333334,0.07627118644067797,114.0,16.0,-1.3,47.86079439252337,0.007780793554417238,0.07817861706349613,1,00-0039451
Marquise Brown,WR,KC,29.0,7.0,0,1.0,1.0,8.60625,0.535,0.13479052823315119,,,9.05,34.75943925233644,0.017458104781189726,0.07763319020680659,0,00-0035662
Jalen Tolbert,WR,DAL,27.0,4.0,0,3.0,1.0,3.858333333333333,0.5130769230769231,0.05601317957166392,,,-2.779,74.61084112149533,0.002864550974148488,0.07763319020680659,0,00-0037666
Oscar Delp,TE,NO,23.0,0.0,1,8.0,0.0,,,,,,,78.76989327815214,0.002418518861015694,0.07682158252872176,1,NOID-oscar-delp
Jerome Ford,RB,CLE,27.0,4.0,0,5.0,1.0,3.353846153846154,0.3046153846153846,0.06130268199233716,,,1.2,50.16375,0.006720308802472,0.07655277973535847,0,00-0037267
Reggie Virgil,WR,ARI,22.0,0.0,1,5.0,0.0,,,,,,,44.92458704416039,0.00869945713533314,0.07601776042584797,1,VIR271235
Jordan James,RB,SF,22.0,0.0,0,8.0,0.0,,,,,,,69.2,0.003014596734711164,0.07548617465365018,1,NOID-jordan-james
Bam Knight,RB,ARI,25.0,4.0,0,8.0,1.5,7.741666666666667,0.3308333333333333,0.050243111831442464,,,,28.589999999999993,0.03098272028165551,0.07548617465365018,0,00-0037157
Jackson Hawes,TE,BUF,26.0,1.0,0,5.0,1.0,4.053846153846154,0.4388235294117647,0.03966597077244259,80.0,0.0,,41.737931034482756,0.009365777387714543,0.07548617465365018,1,00-0040194
Raheim Sanders,RB,CLE,24.0,1.0,0,8.0,0.0,5.075,0.2575,0.007662835249042145,53.0,34.0,,26.178749999999997,0.04078670344856946,0.07495800464728673,1,00-0040466
Luke Musgrave,TE,GB,26.0,3.0,0,2.0,1.0,3.784615384615385,0.40058823529411763,0.06739130434782609,153.0,125.0,-0.367,48.18896551724138,0.007073658276649476,0.07443323266728338,0,00-0039144
Jahan Dotson,WR,PHI,26.0,4.0,0,1.0,1.0,3.3466666666666667,0.5688235294117647,0.07758620689655173,,,1.586,39.072757009345786,0.010833443297997052,0.07391184100705861,0,00-0037741
Adam Thielen,WR,PIT,36.0,13.0,0,8.0,1.0,2.8285714285714287,0.394375,0.07478632478632478,,,8.071,50.07813084112149,0.005623572391013425,0.07085349055348776,0,00-0030035
Josh Cuevas,TE,BAL,22.0,0.0,1,5.0,0.0,,,,,,,38.4142572699532,0.009910131948211647,0.0703552682896255,1,CUE040912
Jaylin Lane,WR,WAS,24.0,1.0,0,4.0,1.0,3.4133333333333336,0.362,0.07407407407407407,215.0,126.0,,56.47079439252336,0.003725115873682589,0.06791240941414785,1,00-0040164
Tyrell Shavers,WR,BUF,27.0,3.0,0,8.0,1.0,4.136363636363637,0.3958823529411765,0.04801670146137787,80.0,0.0,,50.67485981308411,0.00436847088333235,0.06648467437063313,0,00-0038679
Austin Hooper,TE,NE,32.0,10.0,0,3.0,1.0,4.561538461538461,0.5,0.05394190871369295,,,5.396,35.03724137931034,0.012395139155608107,0.06601498977136394,0,00-0032392
Seydou Traore,TE,MIA,,0.0,1,5.0,0.0,,,,,,,46.39857093793197,0.006001687807300857,0.06554839029750878,1,TRA291459
DeAndre Hopkins,WR,BAL,34.0,13.0,0,1.0,1.0,3.9411764705882355,0.33,0.09582309582309582,,,0.425,65.00280373831775,0.0027553959366893557,0.06508485896876212,0,00-0030564
Dyami Brown,WR,JAX,27.0,5.0,0,3.0,1.0,4.5181818181818185,0.36642857142857144,0.06764168190127971,,,1.129,38.35742990654206,0.008168845145690386,0.061048365444342195,0,00-0036626
Matthew Hibner,TE,BAL,24.0,0.0,1,4.0,0.0,,,,,,,33.414894173952014,0.011431225701238534,0.05890818167093553,1,HIB564972
Luke Schoonmaker,TE,DAL,28.0,3.0,0,2.0,1.0,1.942857142857143,0.32941176470588235,0.03789126853377265,34.0,20.0,2.038,43.14051724137931,0.005426699862164169,0.05807195769115175,0,00-0038547
Hunter Long,TE,JAX,28.0,5.0,0,3.0,1.0,4.642857142857143,0.39888888888888885,0.031078610603290677,80.0,260.0,-0.81,35.430689655172415,0.009349576380897735,0.0576580343975996,0,00-0037004
Malachi Corley,WR,CLE,24.0,2.0,0,3.0,1.0,2.6333333333333333,0.24923076923076926,0.02681992337164751,53.0,34.0,0.733,32.08710280373831,0.011680216802644977,0.0576580343975996,1,00-0039920
Jordan Whittington,WR,LA,26.0,2.0,0,6.0,1.0,2.42,0.4082352941176471,0.043029259896729774,15.0,0.0,-6.02,49.85144859813084,0.0036955890294109984,0.05724688214101317,1,00-0039751
Daniel Bellinger,TE,NYG,26.0,4.0,0,4.0,1.0,4.584615384615384,0.499375,0.05168986083499006,,,1.694,35.92758620689655,0.008931372252052306,0.05643282679047748,0,00-0038115
Emanuel Wilson,RB,GB,27.0,3.0,0,8.0,1.0,5.5588235294117645,0.3111764705882353,0.03695652173913044,,,-0.042,50.03624999999999,0.0036270520982661456,0.05602989186266346,0,00-0038797
Cam Akers,RB,SEA,27.0,6.0,0,2.0,0.0,2.295,0.024999999999999998,0.002136752136752137,,,0.806,38.15625,0.007147550735118016,0.05562966430479832,0,00-0036414
Sterling Shepard,WR,TB,33.0,10.0,0,2.0,1.0,6.3076923076923075,0.5615384615384615,0.09796672828096119,,,-1.845,39.91476635514019,0.006037273210099954,0.05366858695050586,0,00-0032385
Theo Wease Jr.,WR,MIA,25.0,1.0,0,8.0,0.0,8.633333333333333,0.3233333333333333,0.021645021645021644,234.0,0.0,,38.229532710280374,0.006470232162483855,0.05290255991615339,1,00-0040311
Darius Cooper,WR,PHI,25.0,1.0,0,8.0,1.0,3.0333333333333337,0.25846153846153846,0.023706896551724137,168.0,12.0,,27.731775700934577,0.012959080953792513,0.05140137730622634,1,00-0040024
Mitchell Evans,TE,CAR,23.0,1.0,0,5.0,1.0,3.442857142857143,0.37411764705882355,0.052083333333333336,26.0,236.0,,41.362758620689654,0.004552585068588622,0.05084888887620002,1,00-0040187
Christian Kirk,WR,HOU,30.0,8.0,0,2.0,1.0,5.263636363636365,0.48615384615384616,0.09403254972875226,,,,29.79275700934579,0.010703281453808455,0.05030202397446939,0,00-0034775
Jeremy McNichols,RB,WAS,31.0,9.0,0,5.0,1.0,4.54375,0.31941176470588234,0.07175925925925926,215.0,126.0,-1.323,29.846249999999998,0.010528615965856788,0.049940546606421096,0,00-0033955
Seth McGowan,RB,IND,24.0,0.0,1,7.0,0.0,,,,,,,52.695950526105285,0.002553440832075411,0.049940546606421096,1,MCG547540
Elijah Sarratt,WR,BAL,23.0,0.0,1,4.0,0.0,,,,,,,32.38907593454313,0.008804663418016763,0.04851910930111488,1,SAR527100
Adam Trautman,TE,DEN,29.0,6.0,0,3.0,1.0,3.5,0.5729411764705883,0.039383561643835614,0.0,0.0,-1.512,35.599999999999994,0.007146545240431748,0.04816979435331879,0,00-0036422
Jaren Kanak,TE,TEN,22.0,0.0,1,7.0,0.0,,,,,,,51.26680785934923,0.0023894362033619505,0.04562506908868423,1,KAN023071
Drew Sample,TE,CIN,30.0,7.0,0,2.0,1.0,2.658333333333333,0.5358823529411765,0.03289473684210526,41.0,0.0,-1.936,20.38655172413793,0.01572500227277037,0.04320867452077857,0,00-0035631
Brock Wright,TE,DET,28.0,5.0,0,8.0,1.0,4.6,0.5763636363636363,0.04,51.0,161.0,-0.627,37.718275862068964,0.004155016448706578,0.04289586857259032,0,00-0036754
Taysom Hill,TE,NO,36.0,9.0,0,8.0,1.0,3.367692307692308,0.24615384615384617,0.02831858407079646,,,11.583,30.17241379310344,0.0079090025404833,0.042276734397417234,0,00-0033357
Kaleb Johnson,RB,PIT,23.0,1.0,0,3.0,1.0,0.8800000000000001,0.091,0.0038314176245210726,191.0,114.0,,40.3275,0.0036725085211649798,0.041970379210049896,1,00-0040142
Miles Sanders,RB,DAL,29.0,7.0,0,2.0,0.0,6.675000000000001,0.215,0.013179571663920923,,,7.972,36.131249999999994,0.004942250965980091,0.04166614742144247,0,00-0035243
Davis Allen,TE,LA,25.0,3.0,0,5.0,1.0,4.1866666666666665,0.5029411764705882,0.05679862306368331,15.0,0.0,1.6,34.645172413793105,0.005834109982295128,0.041364025709733035,0,00-0039074
Roman Wilson,WR,PIT,25.0,2.0,0,3.0,1.0,4.288888888888889,0.33076923076923076,0.040229885057471264,191.0,114.0,,36.531448598130844,0.004258598290707963,0.04047018876771084,1,00-0039739
Kendrick Bourne,WR,SF,31.0,9.0,0,8.0,1.0,6.578571428571428,0.566875,0.09636363636363636,,,4.157,41.32710280373831,0.003264612263518572,0.04047018876771084,0,00-0033307
Roschon Johnson,RB,CHI,25.0,3.0,0,4.0,0.0,0.2833333333333334,0.008571428571428572,0.0,161.0,1.0,-4.202,36.405,0.004012850941878514,0.039307150148774284,0,00-0039021
Josh Oliver,TE,MIN,29.0,7.0,0,3.0,1.0,4.583333333333333,0.458,0.0405982905982906,59.0,17.0,-3.367,43.01568965517241,0.0028675269197020515,0.039307150148774284,0,00-0035249
Colbie Young,WR,CIN,24.0,0.0,1,8.0,0.0,,,,,,,48.90488682465456,0.0019386645465009264,0.03902143706717241,1,NOID-colbie-young
Hunter Renfrow,WR,CAR,31.0,0.0,0,5.0,1.0,5.983333333333333,,0.05416666666666667,,,,22.977757009345794,0.009850071126276425,0.03734857031676101,1,00-0034983
Van Jefferson,WR,TEN,30.0,6.0,0,2.0,1.0,5.0,0.585625,0.09811320754716982,,,-2.35,37.58542056074766,0.0034484184478846647,0.03653819629178009,0,00-0036415
Bauer Sharp,TE,TB,23.0,0.0,1,6.0,0.0,,,,,,,30.428291694712023,0.005678604321875888,0.03627185008432953,1,SHA375359
Terrell Jennings,RB,NE,25.0,2.0,0,8.0,1.0,2.5333333333333337,0.08285714285714287,0.002074688796680498,128.0,39.0,,23.162499999999998,0.008873098440540688,0.03496791344051471,1,00-0039757
Tyler Lockett,WR,LV,34.0,11.0,0,3.0,1.0,3.9470588235294115,0.5,0.10377358490566038,,,-6.503,40.69808411214954,0.002559344583800977,0.03445908699781541,0,00-0032211
Zavier Scott,RB,MIN,27.0,3.0,0,8.0,1.0,3.563636363636364,0.10187500000000001,0.03418803418803419,59.0,17.0,,31.534999999999997,0.0044309971674526185,0.03395740407718774,0,00-0038440
Kevin Austin Jr.,WR,NO,26.0,4.0,0,8.0,0.0,6.6,0.4425,0.04070796460176991,51.0,21.0,3.375,44.13616822429908,0.0018556507959088125,0.033218071173205264,0,00-0037231
Xavier Smith,WR,LA,29.0,3.0,0,8.0,1.0,3.01875,0.214375,0.04130808950086059,15.0,0.0,-0.858,29.029065420560748,0.005209130181226627,0.03273384341992541,0,00-0038359
Brandin Cooks,WR,BUF,33.0,12.0,0,1.0,1.0,3.992307692307693,0.5453333333333333,0.06371681415929203,,,1.475,45.1361214953271,0.0018140203089890092,0.03249429384548415,0,00-0031236
Tanner Hudson,TE,CIN,32.0,8.0,0,8.0,1.0,4.779999999999999,0.14733333333333334,0.039473684210526314,41.0,0.0,3.15,26.067241379310342,0.007105830657383873,0.032494293845484135,0,00-0034613
Allen Lazard,WR,NYJ,31.0,0.0,0,8.0,1.0,2.5555555555555554,,0.038135593220338986,,,-9.497,43.09345794392523,0.0020714974466359954,0.032494293845484135,1,00-0034521
Ben Sinnott,TE,WAS,24.0,2.0,0,2.0,1.0,3.1555555555555554,0.360625,0.03009259259259259,215.0,126.0,-1.7,35.39586206896551,0.0034707743278686535,0.03225643885830918,1,00-0039912
Jaret Patterson,RB,LAC,27.0,5.0,0,8.0,1.0,4.283333333333333,0.28,0.007352941176470588,152.0,32.0,,34.45374999999999,0.0036320879265648283,0.03225643885830918,0,00-0036755
Demond Claiborne,RB,MIN,22.0,0.0,1,6.0,0.0,,,,,,,32.41349970243355,0.003810413449825681,0.03178576816816408,1,CLA041524
Ameer Abdullah,RB,IND,33.0,11.0,0,2.0,1.0,2.9153846153846152,0.1053846153846154,0.03207547169811321,,,9.288,40.80375000000001,0.002250164036765044,0.031785768168164065,0,00-0032104
Lil'Jordan Humphrey,WR,DEN,28.0,7.0,0,8.0,1.0,4.942857142857143,0.484,0.04970178926441352,0.0,0.0,0.878,46.96280373831777,0.0016772693098224838,0.031552930377988016,0,00-0035406
Treylon Burks,WR,WAS,26.0,4.0,0,1.0,1.0,3.625,0.6012500000000001,0.05092592592592592,215.0,126.0,,31.62878504672897,0.003812229031385947,0.03132174300037645,0,00-0037742
Gabe Davis,WR,BUF,27.0,6.0,0,4.0,1.0,5.1499999999999995,0.5716666666666667,0.037578288100208766,,,-4.363,50.1785046728972,0.0013072988735980025,0.031321743000376434,0,00-0036196
Charlie Kolar,TE,BAL,27.0,4.0,0,4.0,1.0,2.784615384615385,0.4035294117647059,0.036855036855036855,,,-2.614,26.16448275862069,0.0064295174991420715,0.031092195142660126,0,00-0038046
Joe Royer,TE,CLE,24.0,0.0,1,8.0,0.0,,,,,,,37.65316888524942,0.0025436330127072576,0.030978032646242066,1,NOID-joe-royer
LeQuint Allen Jr.,RB,JAX,22.0,1.0,0,7.0,1.0,1.55,0.22588235294117645,0.02010968921389397,80.0,260.0,,36.28125,0.002967483272012931,0.030637974716595122,1,00-0040238
Barion Brown,WR,NO,,0.0,1,6.0,0.0,,,,,,,43.59905765313224,0.001742644193325979,0.03041328066280041,1,BRO268113
Jawhar Jordan,RB,HOU,27.0,2.0,0,6.0,0.0,7.425000000000001,0.3,0.012658227848101266,66.0,133.0,,28.1925,0.004646418889766472,0.030190183157691952,1,00-0039405
Savion Williams,WR,GB,25.0,1.0,0,3.0,1.0,2.125,0.11499999999999999,0.021739130434782608,153.0,125.0,,29.55841121495327,0.0040714773763578715,0.029968671607542186,1,00-0040009
Olamide Zaccheaus,WR,CHI,29.0,7.0,0,8.0,1.0,6.057142857142858,0.53625,0.12218045112781954,,,3.45,43.91476635514019,0.0016979709776746678,0.02953036429356243,0,00-0035208
Malik Benson,WR,LV,,0.0,1,6.0,0.0,,,,,,,45.1147957365694,0.0015785562527461917,0.029313547638128035,1,BEN601117
Deion Burks,WR,IND,23.0,0.0,1,8.0,0.0,,,,,,,40.75082482373489,0.0018432521026907405,0.028884536542586433,1,NOID-deion-burks
Konata Mumpfield,WR,LA,24.0,1.0,0,7.0,1.0,2.5200000000000005,0.32176470588235295,0.039586919104991396,15.0,0.0,,36.83177570093458,0.002316523533574577,0.028044716885507925,1,00-0040590
CJ Daniels,WR,LA,,0.0,1,6.0,0.0,,,,,,,43.23848601718194,0.001530294256454004,0.027228630397109703,1,DAN490797
Devontez Walker,WR,BAL,25.0,2.0,0,4.0,1.0,4.7,0.24666666666666667,0.019656019656019656,98.0,59.0,4.55,20.080747663551403,0.007246192812968061,0.02663176005916482,1,00-0039792
Isaac Guerendo,RB,SF,26.0,2.0,0,4.0,0.0,0.0,0.0,0.0,150.0,92.0,3.3,36.36000000000001,0.002219545802462088,0.025855696105250237,1,00-0039363
Jalin Hyatt,WR,NYG,25.0,3.0,0,3.0,1.0,1.4166666666666667,0.29375,0.027833001988071572,181.0,0.0,2.2,25.545420560747665,0.004308469976828051,0.025475963347398888,0,00-0038938
Jahdae Walker,WR,CHI,24.0,1.0,0,8.0,1.0,4.45,0.1511111111111111,0.018796992481203006,161.0,1.0,,21.393084112149534,0.005314101749585748,0.02473272413432157,1,00-0040277
Elijah Higgins,TE,ARI,26.0,3.0,0,6.0,1.0,3.4176470588235297,0.4252941176470588,0.059967585089141004,,,-1.328,35.689655172413794,0.002106611089078649,0.024550241422197316,0,00-0039041
Mitchell Tinsley,WR,CIN,27.0,3.0,0,8.0,1.0,3.95,0.24647058823529414,0.039473684210526314,41.0,0.0,,38.73813084112149,0.0016213202733679352,0.024369071459615668,0,00-0038839
Cade Stover,TE,HOU,26.0,2.0,0,4.0,1.0,3.3166666666666664,0.44,0.028933092224231464,66.0,133.0,1.196,31.390172413793106,0.002630663956989278,0.024010634041360363,1,00-0039359
Mo Alie-Cox,TE,IND,33.0,9.0,0,8.0,1.0,2.790909090909091,0.3905882352941176,0.03773584905660377,111.0,23.0,-1.346,21.42413793103448,0.004643260376121614,0.023482601555398802,0,00-0033217
Jack Endries,TE,CIN,22.0,0.0,1,7.0,0.0,,,,,,,33.03912699222692,0.0023894362033619505,0.02339570485438651,1,END438361
Tyler Badie,RB,DEN,27.0,4.0,0,6.0,1.0,2.2125000000000004,0.17500000000000002,0.053082191780821915,0.0,0.0,,24.40875,0.0037162295853256583,0.022796156591872254,0,00-0037085
JuJu Smith-Schuster,WR,KC,30.0,9.0,0,2.0,1.0,4.323529411764706,0.5723529411764706,0.08196721311475409,,,-6.975,33.18341121495327,0.002248388939286087,0.022627630730076596,0,00-0033857
Tyler Higbee,TE,LA,33.0,10.0,0,4.0,1.0,7.109999999999999,0.5549999999999999,0.06196213425129088,15.0,0.0,8.867,26.322758620689655,0.0033069485212995743,0.02246032209936813,0,00-0033110
Lewis Bond,WR,HOU,,0.0,1,6.0,0.0,,,,,,,37.56869131504182,0.001530294256454004,0.021965616151850557,1,BON235618
Jam Miller,RB,NE,22.0,0.0,1,7.0,0.0,,,,,,,27.16413037514492,0.003014596734711164,0.0216417462597812,1,MIL303300
Anthony Smith,WR,DAL,,0.0,1,7.0,0.0,,,,,,,36.61882142195393,0.001530294256454004,0.021164679715716662,1,SMI038569
Demarcus Robinson,WR,SF,32.0,10.0,0,4.0,1.0,4.1571428571428575,0.46785714285714286,0.06363636363636363,150.0,92.0,-6.04,40.66775700934579,0.001074055997711064,0.0205445668703508,0,00-0032775
Arian Smith,WR,NYJ,25.0,1.0,0,4.0,1.0,1.0384615384615385,0.3825,0.03389830508474576,114.0,16.0,,37.42009345794392,0.001257965276165831,0.020091189665652227,1,00-0040582
British Brooks,RB,HOU,27.0,2.0,0,8.0,1.0,0.9750000000000001,0.06666666666666667,0.0,66.0,133.0,,18.029999999999998,0.005193332426719066,0.020091189665652227,1,00-0039603
Nate Adkins,TE,DEN,27.0,3.0,0,8.0,1.0,2.8000000000000003,0.3277777777777778,0.018835616438356163,0.0,0.0,2.679,34.405344827586205,0.0017100835781972885,0.019794397722533733,0,00-0038783
Nick Westbrook-Ikhine,WR,MIA,29.0,6.0,0,8.0,1.0,1.5307692307692307,0.442,0.04329004329004329,,,1.14,43.429439252336444,0.0006865125379577408,0.019501902807313808,0,00-0036182
Carsen Ryan,TE,CLE,23.0,0.0,1,7.0,0.0,,,,,,,27.458881230586464,0.002418518861015694,0.019429443481969892,1,RYA022232
Sione Vaki,RB,DET,25.0,2.0,0,4.0,1.0,0.05,0.0009090909090909091,0.0,51.0,161.0,0.18,18.26375,0.004392578642905022,0.019357248064206224,1,00-0039364
Jamari Thrash,WR,CLE,26.0,2.0,0,5.0,1.0,2.5875000000000004,0.35111111111111115,0.028735632183908046,53.0,34.0,0.867,31.04411214953271,0.0018153668230377407,0.019213645267305186,1,00-0039379
Malik Heath,WR,GB,26.0,3.0,0,8.0,1.0,2.085714285714286,0.3018181818181818,0.015217391304347827,,,5.067,26.312102803738316,0.0025105286775127726,0.01864960745935731,0,00-0038465
Tutu Atwell,WR,LA,27.0,5.0,0,2.0,1.0,3.9000000000000004,0.279,0.025817555938037865,,,-4.325,29.440747663551402,0.0018752068729593978,0.01864960745935731,0,00-0036849
Connor Heyward,TE,PIT,27.0,4.0,0,6.0,1.0,1.957142857142857,0.08647058823529412,0.007662835249042145,,,-1.633,19.72137931034483,0.0036759700106148803,0.018237269549700112,0,00-0037304
Jonathan Mingo,WR,DAL,25.0,3.0,0,2.0,0.0,0.7,0.20666666666666667,0.008237232289950576,34.0,20.0,-1.225,28.922757009345794,0.0018218965858833574,0.01743925969580591,0,00-0039062
Hunter Luepke,RB,DAL,26.0,3.0,0,8.0,1.0,2.642857142857143,0.21058823529411766,0.02471169686985173,34.0,20.0,-2.588,34.3525,0.0013714317185628392,0.01730963444457804,0,00-0038738
Kaytron Allen,RB,WAS,23.0,0.0,1,6.0,0.0,,,,,,,16.780781700190712,0.00395907309911526,0.016800533529333625,1,ALL532376
AJ Dillon,RB,PHI,28.0,6.0,0,2.0,1.0,1.5166666666666666,0.11857142857142858,0.00646551724137931,,,,14.4225,0.005134556597695705,0.01667557532712869,0,00-0036265
Julian Hill,TE,MIA,26.0,3.0,0,8.0,1.0,2.8181818181818183,0.55,0.04329004329004329,,,-0.604,27.314482758620688,0.0018413836783888703,0.016551530887056496,0,00-0038720
Tahj Brooks,RB,CIN,24.0,1.0,0,6.0,1.0,0.5333333333333333,0.045,0.003289473684210526,41.0,0.0,,19.06,0.003265525830740411,0.016428393759142186,1,00-0040208
Jacob Saylors,RB,DET,26.0,3.0,0,8.0,1.0,0.1,0.008125,0.0,51.0,161.0,,12.38875,0.005959576951274294,0.016428393759142186,0,00-0038896
Efton Chism III,WR,NE,25.0,1.0,0,8.0,1.0,2.0625,0.17875,0.006224066390041493,128.0,39.0,,11.990373831775699,0.006319211286296168,0.01630615753549878,1,00-0040563
Payne Durham,TE,TB,26.0,3.0,0,5.0,1.0,0.2625,0.31764705882352945,0.0073937153419593345,119.0,135.0,5.94,18.954310344827583,0.0031715928492541444,0.015826094986495516,0,00-0039050
Tai Felton,WR,MIN,23.0,1.0,0,3.0,1.0,0.4583333333333333,0.04411764705882353,0.00641025641025641,59.0,17.0,,23.646728971962617,0.0021116624930646753,0.01559130558862007,1,00-0040154
Grant Calcaterra,TE,PHI,28.0,4.0,0,6.0,1.0,2.511111111111111,0.4026666666666667,0.028017241379310345,168.0,12.0,-1.796,30.984827586206897,0.001212991491170311,0.014907317393092276,0,00-0037086
Luke Farrell,TE,SF,29.0,5.0,0,5.0,1.0,2.269230769230769,0.3470588235294118,0.025454545454545455,150.0,92.0,0.449,34.73,0.0009071238688889059,0.01479622855310943,0,00-0036887
LaJohntay Wester,WR,BAL,24.0,1.0,0,6.0,1.0,0.0,0.061764705882352944,0.0,98.0,59.0,,11.811028037383178,0.005046436574070687,0.014467831792932482,1,00-0040075
Noah Brown,WR,WAS,30.0,9.0,0,7.0,0.0,3.325,0.41,0.023148148148148147,,,-1.918,20.936074766355137,0.002305596640517456,0.014146619017847922,0,00-0033591
George Holani,RB,SEA,27.0,2.0,0,8.0,1.0,2.08,0.05545454545454545,0.004395604395604396,3.0,229.0,0.633,17.87625,0.0029590085578776386,0.013936392807510637,1,00-0039299
Keleki Latu,TE,BUF,24.0,1.0,0,8.0,0.0,2.5,0.23399999999999999,0.008350730688935281,80.0,0.0,,12.706896551724139,0.003920455817326556,0.013832437669336074,1,00-0040363
Shedrick Jackson,WR,LV,27.0,3.0,0,8.0,0.0,5.3,0.09,0.010121457489878543,58.0,34.0,,16.128084112149534,0.003181441246038859,0.013832437669336074,0,00-0038891
Ronnie Rivers,RB,LA,27.0,4.0,0,8.0,1.0,0.7666666666666667,0.024545454545454547,0.0,15.0,0.0,,16.826249999999998,0.0029871200578383927,0.013832437669336074,0,00-0037557
Gage Larvadain,WR,CLE,23.0,1.0,0,8.0,1.0,1.1076923076923078,0.23615384615384613,0.02681992337164751,53.0,34.0,,33.678084112149534,0.0008244955383966866,0.013729247162764219,1,00-0040259
Dallen Bentley,TE,DEN,25.0,0.0,1,7.0,0.0,,,,,,,18.287886869446655,0.0025436330127072576,0.013575883145428621,1,BEN687044
John Bates,TE,WAS,29.0,5.0,0,4.0,1.0,2.73,0.514,0.037037037037037035,215.0,126.0,0.362,30.309827586206897,0.0010399306907890506,0.013525138226433212,0,00-0036628
Cody White,WR,SEA,28.0,6.0,0,8.0,1.0,2.25,,0.008791208791208791,3.0,229.0,,13.362056074766354,0.003550551054058591,0.013125857975892852,0,00-0035891
Andrew Ogletree,TE,IND,28.0,4.0,0,6.0,1.0,1.1545454545454545,0.23666666666666666,0.011320754716981131,111.0,23.0,-1.217,22.551724137931032,0.0017418363543477396,0.013027868945914954,0,00-0037292
Mason Tipton,WR,NO,26.0,2.0,0,8.0,1.0,2.55,0.30214285714285716,0.03008849557522124,51.0,21.0,,29.522429906542055,0.0010071898722817261,0.012834051520315932,1,00-0039623
Josh Whyle,TE,GB,27.0,3.0,0,5.0,1.0,2.433333333333333,0.39875,0.013043478260869565,153.0,125.0,-0.204,28.149827586206897,0.0011412470871570337,0.012643080606737528,0,00-0038589
Zamir White,RB,LV,27.0,4.0,0,4.0,0.0,1.9200000000000004,0.15833333333333333,0.012145748987854251,,,,11.567499999999999,0.0038915880132155585,0.012548649847235834,0,00-0038040
Beaux Collins,WR,NYG,24.0,1.0,0,8.0,0.0,1.125,0.13777777777777778,0.011928429423459244,181.0,0.0,,21.19476635514019,0.0017824463803160079,0.012454915491077774,1,00-0040432
Chris Brooks,RB,GB,26.0,3.0,0,8.0,1.0,1.9235294117647062,0.20058823529411765,0.03695652173913044,153.0,125.0,1.236,26.725,0.0012035347959860453,0.012177840978695209,0,00-0038685
Greg Dortch,WR,ARI,28.0,7.0,0,8.0,1.0,6.258333333333333,0.3358333333333334,0.05348460291734198,,,0.379,37.30542056074766,0.0004270496632354632,0.01208684254101257,0,00-0035500
DJ Giddens,RB,IND,23.0,1.0,0,5.0,0.0,1.9200000000000004,0.12000000000000001,0.0037735849056603774,111.0,23.0,,23.560000000000002,0.0013738102576998817,0.011817858264551503,1,00-0040179
Ray-Ray McCloud,WR,NYG,30.0,0.0,0,6.0,1.0,2.316666666666667,,0.028901734104046242,,,0.708,30.30308411214953,0.0007646131166518425,0.011817858264551503,1,00-0034407
Will Dissly,TE,LAC,30.0,8.0,0,4.0,1.0,2.5875000000000004,0.3188888888888889,0.029411764705882353,,,1.746,24.476896551724142,0.0012227636482704844,0.01164183000015996,0,00-0034159
Julius Chestnut,RB,TEN,26.0,4.0,0,8.0,1.0,0.25,0.03882352941176471,0.0037735849056603774,143.0,0.0,-1.186,14.64375,0.0027779113836337976,0.011641830000159949,0,00-0037594
Charlie Jones,WR,CIN,28.0,3.0,0,4.0,1.0,0.42857142857142855,0.02142857142857143,0.001644736842105263,41.0,0.0,,12.12570093457944,0.00319316261664636,0.011382635061883408,0,00-0038576
Dameon Pierce,RB,KC,26.0,4.0,0,4.0,0.0,0.72,0.084,0.0018083182640144665,,,-0.125,22.15625,0.0014736501088463846,0.011382635061883408,0,00-0037258
Will Shipley,RB,PHI,24.0,2.0,0,4.0,1.0,1.3928571428571428,0.12466666666666668,0.02586206896551724,168.0,12.0,2.75,18.077499999999997,0.0018594812447102044,0.011297510810092715,1,00-0039746
Brevyn Spann-Ford,TE,DAL,27.0,2.0,0,8.0,1.0,1.5,0.24882352941176472,0.0214168039538715,34.0,20.0,1.5,27.996896551724134,0.0008628502603481667,0.011213015933806088,1,00-0039530
Raheem Mostert,RB,LV,34.0,11.0,0,8.0,1.0,2.45,0.19999999999999998,0.024291497975708502,,,-5.275,25.64625,0.0010469539646075468,0.011045896155996502,0,00-0031687
Carter Runyon,TE,LV,25.0,1.0,0,8.0,0.0,0.43333333333333335,0.062307692307692314,0.0020242914979757085,58.0,34.0,,10.974137931034482,0.0036104586882151463,0.01096326225647848,1,00-0040488
Corey Kiner,RB,ARI,24.0,1.0,0,8.0,0.0,2.325,0.1325,0.004862236628849271,,,,16.11,0.002230356469984466,0.010881239736094287,1,00-0040556
Kalif Raymond,WR,DET,32.0,10.0,0,8.0,1.0,4.453333333333333,0.366,0.05454545454545454,,,-3.65,19.31004672897196,0.0017011254349400596,0.010799824172871777,0,00-0032464
Emmanuel Henderson Jr.,WR,SEA,,0.0,1,6.0,0.0,,,,,,,20.455804675895134,0.001530294256454004,0.010559175462392779,1,HEN199637
Cameron Latu,TE,PHI,26.0,3.0,0,3.0,1.0,0.0,0.11066666666666668,0.0,168.0,12.0,,10.325862068965517,0.0035226305055294145,0.010401698067654268,0,00-0038564
Brycen Tremayne,WR,CAR,27.0,3.0,0,8.0,1.0,2.0,0.253125,0.0375,26.0,236.0,,24.683411214953274,0.0009107574121120127,0.01024654493703704,0,00-0038840
Tyler Conklin,TE,LAC,31.0,8.0,0,5.0,1.0,2.8833333333333333,0.19230769230769232,0.01838235294117647,,,1.205,21.451724137931034,0.0011483191055255083,0.010093682486239921,0,00-0034270
Marquez Valdes-Scantling,WR,PIT,32.0,8.0,0,5.0,1.0,3.5555555555555554,0.48,0.05272727272727273,,,10.183,21.039392523364484,0.0012157539074001975,0.009943077594893218,0,00-0034272
Myles Price,WR,MIN,25.0,1.0,0,8.0,1.0,0.0,0.018125000000000002,0.0,59.0,17.0,,12.981028037383176,0.002303590113758729,0.00972133185712652,1,00-0040506
Trayveon Williams,RB,CLE,29.0,7.0,0,6.0,1.0,2.85,0.20714285714285713,0.016544117647058824,,,0.0,8.48375,0.003475129130674145,0.009576228955395076,0,00-0035291
CJ Williams,WR,JAX,,0.0,1,6.0,0.0,,,,,,,18.13386230662746,0.001530294256454004,0.009504483911980452,1,WIL189259
Casey Washington,WR,ATL,25.0,2.0,0,6.0,0.0,3.08,0.37,0.02697495183044316,121.0,143.0,,21.03210280373832,0.0011000747361574047,0.009362587132440465,1,00-0039394
Dylan Laube,RB,LV,27.0,2.0,0,6.0,1.0,0.33529411764705885,0.02882352941176471,0.008097165991902834,58.0,34.0,2.0,3.5587499999999994,0.004339656178929942,0.009292427674839667,1,00-0039407
Ty Chandler,RB,MIN,28.0,4.0,0,5.0,0.0,2.9333333333333336,0.2233333333333333,0.008547008547008548,,,-3.829,19.661250000000003,0.0012052240860303497,0.009085059266347175,0,00-0037276
Zay Jones,WR,ARI,31.0,9.0,0,2.0,1.0,5.05,0.49625,0.029173419773095625,,,3.125,22.185420560747662,0.0008270944267081934,0.008949367692105524,0,00-0033891
Josh Cameron,WR,JAX,23.0,0.0,1,6.0,0.0,,,,,,,9.819892921729645,0.00280831374167345,0.00881568473425627,1,CAM108646
Derius Davis,WR,LAC,26.0,3.0,0,4.0,1.0,0.3181818181818182,0.1109090909090909,0.0055147058823529415,152.0,32.0,3.094,22.272056074766358,0.000789231233305465,0.008749587345949458,0,00-0038573
KeAndre Lambert-Smith,WR,LAC,25.0,1.0,0,5.0,1.0,1.61,0.188,0.022058823529411766,152.0,32.0,,24.203738317757004,0.0006602936607471178,0.008749587345949458,1,00-0040184
DeeJay Dallas,RB,JAX,28.0,6.0,0,4.0,0.0,0.42000000000000004,0.06166666666666667,0.0020833333333333333,80.0,260.0,2.092,21.325,0.0008285227663186749,0.008683981194375592,0,00-0036425
David Sills,WR,ATL,31.0,7.0,0,8.0,1.0,4.091666666666667,0.5241176470588236,0.06936416184971098,,,,27.193738317757006,0.0005099420296561511,0.008554228282620159,0,00-0035359
Chris Moore,WR,WAS,33.0,10.0,0,4.0,1.0,3.8600000000000003,0.4857142857142857,0.05324074074074074,,,,25.256074766355137,0.0005644730868724365,0.008363194356246465,0,00-0032398
Isaiah Hodgins,WR,NYG,28.0,6.0,0,6.0,1.0,4.583333333333333,0.7628571428571428,0.03777335984095427,181.0,0.0,,28.238130841121496,0.00039794075370652184,0.008176391436622856,0,00-0036165
Tyler Johnson,WR,NYJ,28.0,6.0,0,5.0,1.0,4.188888888888889,0.41,0.038135593220338986,,,-0.439,29.325420560747656,0.0003650113902388648,0.007933743445521512,0,00-0036427
Simi Fehoko,WR,ARI,29.0,5.0,0,5.0,1.0,0.0,0.0625,0.0,,,,4.136682242990654,0.0031412272147508446,0.0077564578453414735,0,00-0036646
Jalen Brooks,WR,ARI,26.0,3.0,0,7.0,0.0,1.6200000000000003,0.3,0.009884678747940691,,,1.209,20.62140186915888,0.00074115348438856,0.007698240544537729,0,00-0038640
Michael Bandy,WR,DEN,29.0,5.0,0,8.0,0.0,3.75,0.0625,0.00684931506849315,0.0,0.0,,10.597383177570094,0.002102517847019554,0.0076404568380760264,0,00-0036959
Robbie Ouzts,RB,SEA,24.0,1.0,0,5.0,0.0,0.0,0.27416666666666667,0.0,3.0,229.0,,14.7675,0.0013604959416517093,0.007583103546931913,1,00-0040649
Tim Patrick,WR,JAX,33.0,9.0,0,8.0,1.0,3.976923076923077,0.3175,0.043875685557586835,,,3.345,20.917383177570095,0.0006761808764088711,0.007526177514636028,0,00-0033375
Andrew Beck,RB,NYJ,30.0,7.0,0,8.0,1.0,2.090909090909091,0.10588235294117647,0.019067796610169493,114.0,16.0,,7.70625,0.0023941603917157616,0.007526177514636028,0,00-0034959
Skyy Moore,WR,SF,26.0,4.0,0,2.0,1.0,0.8705882352941177,0.1011764705882353,0.012727272727272728,,,,14.135373831775702,0.0013856602153693605,0.007469675607125386,0,00-0038090
Velus Jones Jr.,RB,SEA,29.0,4.0,0,3.0,0.0,0.64,0.01875,0.0,3.0,229.0,,11.6325,0.0017402480944733493,0.0073579317413531445,0,00-0037745
Jake Bobo,WR,SEA,28.0,3.0,0,8.0,0.0,0.8,0.17,0.004395604395604396,3.0,229.0,0.077,12.185373831775703,0.001577959840175913,0.007247847319638496,0,00-0038752
Dylan Drummond,WR,ATL,26.0,3.0,0,8.0,1.0,1.8666666666666665,0.2111111111111111,0.02119460500963391,121.0,143.0,,26.939439252336445,0.00035823098635511696,0.007032560029456274,0,00-0038953
Trey Sermon,RB,PIT,27.0,5.0,0,3.0,0.0,0.0,0.005,0.0,,,-3.538,28.987499999999997,0.0002736194846863742,0.007032560029456274,0,00-0036984
Laquon Treadwell,WR,IND,31.0,10.0,0,1.0,1.0,0.0,0.05900000000000001,0.0,111.0,23.0,,3.961682242990654,0.002726653662187617,0.00697973783665357,0,00-0032951
Scott Miller,WR,PIT,29.0,7.0,0,6.0,0.0,3.04,0.1930769230769231,0.02681992337164751,,,0.567,15.146728971962617,0.0010415835559216887,0.006875272506962745,0,00-0035298
Adam Prentice,RB,DEN,29.0,5.0,0,8.0,1.0,1.2076923076923078,0.18588235294117647,0.0136986301369863,0.0,0.0,0.0,15.9075,0.000908251502874512,0.006721479003975105,0,00-0036727
Kene Nwangwu,RB,NYJ,28.0,5.0,0,4.0,1.0,1.09,0.04416666666666667,0.00211864406779661,114.0,16.0,0.0,9.03375,0.001815061537002021,0.0066208532474300785,0,00-0036842
David Martin-Robinson,TE,TEN,27.0,2.0,0,8.0,1.0,1.1818181818181819,0.12705882352941178,0.011320754716981131,143.0,0.0,0.4,15.088965517241379,0.0009652674220277676,0.0066208532474300785,1,00-0039648
Tylan Wallace,WR,BAL,27.0,5.0,0,4.0,1.0,1.3181818181818181,0.2307142857142857,0.019656019656019656,,,3.437,18.357383177570092,0.0006215165711354816,0.006571102957232034,0,00-0036630
Gunner Olszewski,WR,NYG,30.0,7.0,0,8.0,1.0,2.36375,0.101875,0.02584493041749503,181.0,0.0,,17.308037383177567,0.0007120527480614223,0.006571102957232034,0,00-0035645
Kalel Mullings,RB,TEN,24.0,1.0,0,6.0,0.0,0.17500000000000002,0.021111111111111112,0.0,143.0,0.0,,9.397499999999999,0.0017890172503798295,0.006571102957232034,1,00-0040205
Josh Reynolds,WR,NYJ,31.0,9.0,0,4.0,0.0,4.62,0.842,0.04449152542372881,,,-6.56,22.885420560747665,0.00036441860581029183,0.006139738192368465,0,00-0033943
Nikko Remigio,WR,KC,27.0,3.0,0,8.0,1.0,0.3,0.032857142857142856,0.0018214936247723133,120.0,302.0,1.36,7.296355140186915,0.0018002393685787794,0.0060935809115620024,0,00-0038519
Xavier Weaver,WR,ARI,26.0,2.0,0,8.0,1.0,1.957142857142857,0.41,0.02106969205834684,,,,16.97607476635514,0.0005850624457723699,0.005957168241891943,1,00-0039521
Ian Thomas,TE,LV,30.0,8.0,0,4.0,1.0,2.711111111111111,0.3593333333333334,0.02631578947368421,58.0,34.0,,11.026206896551724,0.001293319672250443,0.005912375319178589,0,00-0034365
Ke'Shawn Williams,WR,CIN,25.0,1.0,0,8.0,1.0,0.22727272727272727,0.035454545454545454,0.0019157088122605363,41.0,0.0,,12.290700934579439,0.0009221547005070394,0.00577999558003324,1,00-0040534
Tanner Conner,TE,MIA,28.0,4.0,0,8.0,1.0,2.2625,0.3433333333333333,0.032467532467532464,,,,21.129827586206897,0.00037013156463505545,0.00577999558003324,0,00-0037348
Dante Pettis,WR,NO,31.0,8.0,0,2.0,1.0,2.4625000000000004,0.2225,0.019469026548672566,,,3.75,16.602056074766352,0.0005779937129786571,0.00569338377115783,0,00-0034860
Foster Moreau,TE,NO,29.0,7.0,0,4.0,1.0,1.842857142857143,0.3572727272727273,0.017699115044247787,,,1.237,21.04413793103448,0.0003536113910910627,0.005565879860707013,0,00-0034981
John FitzPatrick,TE,GB,26.0,4.0,0,6.0,1.0,2.290909090909091,0.3606666666666667,0.03260869565217391,,,,16.749310344827588,0.0005409016390611718,0.005482458830527,0,00-0037306
Kylen Granson,TE,PHI,28.0,5.0,0,4.0,1.0,0.9166666666666666,0.23411764705882354,0.01939655172413793,,,1.679,23.08655172413793,0.0002202910499252636,0.00531932899245978,0,00-0036876
Justin Watson,WR,HOU,30.0,8.0,0,5.0,0.0,2.0,0.3866666666666667,0.007233273056057866,66.0,133.0,-0.2,13.402710280373832,0.000655349258160324,0.00531932899245978,0,00-0034386
Dalen Cambre,WR,NYG,25.0,1.0,0,8.0,0.0,0.0,0.032857142857142856,0.0,181.0,0.0,,5.376028037383178,0.0015953935817045965,0.00531932899245978,1,00-0040431
Hassan Haskins,RB,LAC,27.0,4.0,0,4.0,1.0,0.9090909090909091,0.09999999999999999,0.007352941176470588,,,4.069,12.718750000000002,0.0007007648314598792,0.0052793066160399795,0,00-0037617
Ben Yurosek,TE,MIN,24.0,1.0,0,8.0,1.0,0.5666666666666668,0.16583333333333333,0.00641025641025641,59.0,17.0,,15.451724137931034,0.0005507120415248262,0.0052793066160399795,1,00-0040509
Tip Reiman,TE,ARI,25.0,2.0,0,3.0,0.0,1.5999999999999999,0.37,0.008103727714748784,,,1.125,18.917241379310344,0.0003764591271319996,0.005239583779847539,1,00-0039737
Colson Yankoff,TE,WAS,26.0,2.0,0,8.0,1.0,0.38,0.12642857142857142,0.006944444444444444,215.0,126.0,,17.90431034482759,0.00039174991376953095,0.005045385629803172,1,00-0039686
Ashton Dulin,WR,IND,29.0,7.0,0,8.0,1.0,1.6666666666666667,0.21333333333333335,0.018867924528301886,111.0,23.0,-2.172,15.760373831775702,0.0004924507075662547,0.005007414013956584,0,00-0035021
Blake Whiteheart,TE,CLE,26.0,3.0,0,8.0,1.0,0.26666666666666666,0.23705882352941177,0.011494252873563218,53.0,34.0,-9.167,14.521379310344827,0.0005206475217399127,0.004821779214852023,0,00-0038710
Robbie Chosen,WR,WAS,33.0,10.0,0,8.0,0.0,3.4333333333333336,0.37666666666666665,0.020833333333333332,,,,11.821401869158878,0.0006272727624018037,0.004678215338077036,0,00-0032688
Josiah Deguara,TE,ARI,29.0,6.0,0,3.0,1.0,1.5857142857142856,0.10416666666666667,0.008103727714748784,,,-0.65,15.076551724137932,0.00044570072975052687,0.004642994153847429,0,00-0036332
Ben Sims,TE,MIN,26.0,3.0,0,8.0,0.0,2.0,0.12545454545454546,0.01282051282051282,,,,10.93655172413793,0.000777964506589575,0.004608036913973642,0,00-0038809
Jason Brownlee,WR,KC,27.0,3.0,0,8.0,0.0,0.0,0.06833333333333334,0.0018214936247723133,120.0,302.0,,4.778691588785047,0.0011666021870694282,0.004403727564436543,0,00-0038492
Cedrick Wilson Jr.,WR,MIA,31.0,8.0,0,6.0,1.0,1.5666666666666667,0.355,0.01948051948051948,,,-0.048,20.046728971962615,0.00020901204791374243,0.004403727564436543,0,00-0034418
Rasheen Ali,RB,BAL,25.0,2.0,0,5.0,1.0,1.6133333333333335,0.13,0.02702702702702703,98.0,59.0,0.62,13.035,0.00047144181740629056,0.004370563859711067,1,00-0039796
Eric Saubert,TE,SEA,32.0,9.0,0,5.0,1.0,1.011111111111111,0.39545454545454545,0.015384615384615385,3.0,229.0,-0.675,12.691034482758619,0.0004944104712480059,0.004370563859711067,0,00-0033576
Chris Manhertz,TE,NYG,34.0,11.0,0,8.0,0.0,0.42500000000000004,0.17823529411764708,0.003976143141153081,181.0,0.0,0.16,6.863275862068966,0.0009974192274375283,0.004337648816945578,0,00-0031484
Quintin Morris,TE,JAX,27.0,5.0,0,8.0,1.0,1.5909090909090908,0.23285714285714287,0.016453382084095063,80.0,260.0,-0.567,18.14896551724138,0.0002443048883786709,0.004272557338215067,0,00-0036590
Braxton Berrios,WR,HOU,31.0,8.0,0,6.0,0.0,2.425,0.19249999999999998,0.014466546112115732,,,,0.0,0.0013895125168532894,0.004256437010847988,0,00-0034419
Devin Culp,TE,TB,26.0,2.0,0,7.0,0.0,1.9,0.06461538461538462,0.0018484288354898336,119.0,135.0,6.9,12.234310344827586,0.000489763368372224,0.004208438504427772,1,00-0039754
Curtis Samuel,WR,BUF,30.0,9.0,0,2.0,1.0,3.516666666666667,0.3983333333333334,0.018789144050104383,,,4.258,16.517383177570093,0.00031112204470833794,0.004114052496458584,0,00-0033282
Ben Skowronek,WR,PIT,29.0,5.0,0,7.0,1.0,1.05625,0.15411764705882353,0.011494252873563218,191.0,114.0,1.488,3.697009345794392,0.0010997522722460025,0.004021774809238433,0,00-0036862
Feleipe Franks,TE,ATL,29.0,5.0,0,8.0,1.0,0.04,0.012941176470588235,0.0,,,0.55,5.012931034482758,0.0008719107973960346,0.003931558728030877,0,00-0036825
Kameron Johnson,WR,TB,24.0,2.0,0,8.0,1.0,1.0411764705882351,0.09705882352941175,0.012939001848428836,119.0,135.0,,11.173364485981308,0.0005077294005337478,0.0039019369085539525,1,00-0039589
Evan Hull,RB,NO,26.0,3.0,0,5.0,1.0,1.0666666666666667,0.19166666666666665,0.0017699115044247787,,,,8.81375,0.0006303864941263851,0.0038725374031440764,0,00-0038397
Tyler Goodson,RB,IND,26.0,4.0,0,8.0,1.0,0.52,0.05,0.005660377358490566,,,-2.657,11.8125,0.00042961873584681723,0.0038725374031440764,0,00-0037120
Charlie Woerner,TE,ATL,29.0,6.0,0,6.0,1.0,1.8285714285714287,0.5082352941176471,0.017341040462427744,121.0,143.0,0.389,16.788965517241376,0.00022007192096089334,0.0038725374031440764,0,00-0036429
David Moore,WR,CAR,31.0,9.0,0,7.0,0.0,0.9,0.3275,0.0020833333333333333,26.0,236.0,4.932,10.53070093457944,0.0005426091503911688,0.0038433585563435414,0,00-0033589
Brenden Bates,TE,CLE,27.0,2.0,0,8.0,0.0,1.7600000000000002,0.27,0.009041591320072333,53.0,34.0,,9.988965517241379,0.0005597569918405064,0.0038433585563435414,1,00-0039458
Zaire Mitchell-Paden,TE,NO,27.0,4.0,0,8.0,0.0,1.2333333333333334,0.22875,0.007371007371007371,51.0,21.0,,11.551724137931034,0.00045894741081582295,0.0038143987248263804,0,00-0037340
Anthony Gould,WR,IND,25.0,2.0,0,5.0,1.0,0.23636363636363636,0.08727272727272727,0.0037735849056603774,111.0,23.0,0.66,11.300700934579439,0.000432164382563653,0.0037007171048854606,1,00-0039816
Dare Ogunbowale,RB,HOU,32.0,9.0,0,8.0,1.0,1.7214285714285715,0.11176470588235295,0.023508137432188065,,,-2.717,15.193750000000001,0.00022204980189574852,0.0036451485374767653,0,00-0033854
Jack Westover,TE,NE,27.0,2.0,0,8.0,0.0,0.25,0.21823529411764706,0.004149377593360996,128.0,39.0,,9.638793103448275,0.0005222377371919658,0.0036451485374767653,1,00-0039305
James Proche,WR,TEN,30.0,6.0,0,6.0,1.0,2.0833333333333335,0.29888888888888887,0.022641509433962263,,,0.435,11.470373831775701,0.00039356681169470145,0.0035904113596899843,0,00-0036133
Britain Covey,WR,PHI,29.0,4.0,0,8.0,1.0,0.6666666666666666,0.10333333333333333,0.008620689655172414,168.0,12.0,-3.467,3.811682242990654,0.000790822131050103,0.003536493222318637,0,00-0037132
Tucker Fisk,TE,LAC,27.0,4.0,0,8.0,0.0,0.9750000000000001,0.337,0.007352941176470588,,,1.557,13.18655172413793,0.0002897731647991088,0.003536493222318637,0,00-0037654
Khalil Herbert,RB,NYJ,28.0,5.0,0,6.0,0.0,1.32,0.13571428571428573,0.00847457627118644,,,0.571,7.33,0.0005563628168078679,0.0034571251473556634,0,00-0036906
Brayden Willis,TE,SF,27.0,3.0,0,7.0,1.0,0.0,0.028333333333333335,0.0018181818181818182,150.0,92.0,0.0,4.45551724137931,0.0006512704616618667,0.0033795322566546253,0,00-0038643
Ryan Miller,WR,TB,26.0,3.0,0,8.0,1.0,1.2666666666666666,0.1453846153846154,0.0073937153419593345,,,-2.317,10.860700934579441,0.0003908999361326574,0.0033540556038956196,0,00-0038824
Stone Smartt,TE,NYJ,28.0,4.0,0,8.0,1.0,2.033333333333333,0.09866666666666667,0.019067796610169493,,,4.615,14.663965517241376,0.00019214782785011175,0.003328770365773034,0,00-0037475
Alex Bachman,WR,LV,30.0,7.0,0,8.0,1.0,0.29090909090909095,0.06307692307692309,0.006072874493927126,,,,0.0,0.0007986003000359577,0.0032911982890080987,0,00-0035602
Dee Eskridge,WR,MIA,29.0,5.0,0,2.0,1.0,0.9272727272727272,0.11846153846153847,0.015151515151515152,,,-0.967,7.498691588785047,0.0004860244996958915,0.0032295151464087728,0,00-0036620
Austin Trammell,WR,JAX,28.0,5.0,0,8.0,1.0,1.2666666666666668,0.22666666666666668,0.018281535648994516,80.0,260.0,,11.562056074766355,0.0003115037575627353,0.003180999378856429,0,00-0036841
Nyheim Hines,RB,NO,30.0,8.0,0,4.0,0.0,-0.05,0.030000000000000002,0.0,,,,3.3562499999999997,0.0005970262943357732,0.003086136660158156,0,00-0034367
Nick Kallerup,TE,SEA,25.0,1.0,0,8.0,0.0,0.0,0.23555555555555557,0.002197802197802198,3.0,229.0,,8.996206896551723,0.0003850542775716287,0.00306286497702834,1,00-0040058
Harrison Bryant,TE,HOU,28.0,6.0,0,4.0,0.0,0.54,0.21250000000000002,0.0108499095840868,,,,11.063793103448276,0.00027331030878827075,0.0029491048132837157,0,00-0036232
Tom Kennedy,WR,DET,30.0,7.0,0,8.0,1.0,1.2666666666666666,0.125,0.007272727272727273,51.0,161.0,0.0,0.0,0.0005909834814583208,0.002893814520225012,0,00-0035544
Justin Shorter,TE,LV,26.0,3.0,0,5.0,0.0,0.0,0.012857142857142857,0.0,58.0,34.0,,5.693448275862069,0.00037380601101540063,0.002734068973278975,0,00-0038590
Chase Edmonds,RB,WAS,30.0,8.0,0,4.0,0.0,0.0,0.006666666666666667,0.0,,,,7.8812500000000005,0.00033031753183235734,0.0027134449068650338,0,00-0034681
Xavier Gipson,WR,PHI,25.0,3.0,0,8.0,1.0,0.43333333333333335,0.02142857142857143,0.00423728813559322,,,-0.854,10.101028037383177,0.00022220628389157046,0.0026726610770718916,0,00-0038496
D'Ernest Johnson,RB,NE,30.0,7.0,0,8.0,0.0,0.5,0.08499999999999999,0.0,,,-1.187,4.731249999999999,0.000371890920931075,0.0025929184234721463,0,00-0035628
Travis Homer,RB,CHI,28.0,7.0,0,6.0,1.0,-0.025,0.006999999999999999,0.0,,,0.427,0.0,0.0004277214777734407,0.0024497422586256747,0,00-0035594
Devin Duvernay,WR,CHI,29.0,6.0,0,3.0,1.0,0.27058823529411763,0.03529411764705882,0.009398496240601503,,,1.783,5.549345794392524,0.0002947327644153289,0.002422067725792728,0,00-0036331
Jack Stoll,TE,NO,28.0,5.0,0,8.0,1.0,1.8444444444444446,0.20866666666666667,0.019469026548672566,,,,9.32344827586207,0.00015942591413359652,0.002385652899527603,0,00-0036741
KhaDarel Hodge,WR,ATL,32.0,8.0,0,8.0,1.0,0.7625,0.10583333333333333,0.019267822736030827,,,-0.392,3.9293457943925234,0.00033728861214105967,0.0023497842661230847,0,00-0034854
Mason Kinsey,WR,TEN,28.0,6.0,0,8.0,1.0,1.1333333333333335,0.10900000000000001,0.007547169811320755,143.0,0.0,0.74,6.338691588785046,0.0002488376601697743,0.0023497842661230847,0,00-0036176
Anthony Firkser,TE,DET,31.0,9.0,0,8.0,0.0,2.66,0.3971428571428572,0.01818181818181818,,,,4.113103448275862,0.0003238397243406304,0.0023320522188999713,0,00-0033455
Johnny Mundt,TE,JAX,32.0,9.0,0,8.0,1.0,1.675,0.358125,0.03473491773308958,,,-1.012,7.335517241379309,0.00019218813614183035,0.0022969876238590073,0,00-0033246
Dareke Young,WR,SEA,27.0,4.0,0,7.0,1.0,0.8500000000000001,0.09444444444444446,0.006593406593406593,,,0.0,0.892336448598131,0.00033102475872768183,0.0022453745846106126,0,00-0037093
Durham Smythe,TE,CHI,31.0,8.0,0,4.0,1.0,0.9285714285714286,0.25411764705882356,0.011278195488721804,,,0.475,0.0,0.0003433171217512118,0.0021866201063438775,0,00-0034798
Ross Dwelley,TE,DET,31.0,8.0,0,8.0,0.0,0.675,0.17272727272727273,0.00909090909090909,,,0.5,6.425862068965516,0.00019170322718718903,0.002178352787096535,0,00-0034073
Pharaoh Brown,TE,ARI,32.0,9.0,0,8.0,0.0,0.42000000000000004,0.13,0.0032414910858995136,,,0.375,5.14551724137931,0.00021797617428519724,0.002178352787096535,0,00-0033439
Craig Reynolds,RB,DET,30.0,7.0,0,8.0,0.0,0.08,0.008571428571428572,0.0,,,2.883,0.0,0.00033763245932322505,0.0021701166575002575,0,00-0035567
Andre Baccellia,WR,ARI,29.0,6.0,0,8.0,0.0,0.7,0.27,0.006482982171799027,,,,7.28570093457944,9.016880768738897e-05,0.0021455942372536493,0,00-0035876
Deven Thompkins,WR,ATL,27.0,4.0,0,8.0,1.0,0.8857142857142858,0.047142857142857146,0.005780346820809248,,,1.925,0.7973364485981309,0.000268044689173116,0.002081544552594782,0,00-0037487
Steven Sims,WR,ARI,29.0,7.0,0,8.0,0.0,0.0,0.06999999999999999,0.0016207455429497568,,,0.0,0.0,0.00024999520263049917,0.001981508258496633,0,00-0034928
Trent Sherfield,WR,ARI,30.0,8.0,0,8.0,0.0,1.275,0.23666666666666666,0.008561643835616438,,,-1.767,0.0,0.00020759520870795297,0.0018508693963083923,0,00-0034487
Jamal Agnew,WR,ATL,31.0,0.0,0,5.0,1.0,0.0,,0.0,,,,0.0,0.00013410077101435426,0.001782044402504018,1,00-0033572
DeAndre Carter,WR,CLE,33.0,11.0,0,8.0,0.0,0.0,0.0,0.0,,,-1.537,0.0,9.159253428965153e-05,0.0017685890642362557,0,00-0031763
