player_id,player_display_name,position,team,prior_ppg,pred_ppg,proj_games,proj_total_pred,finish_pred,vbd_pred
00-0036900,Ja'Marr Chase,WR,CIN,19.6,19.07014620026074,13.4875,257.20859687601677,2.0,128.87646560310824
00-0038543,Jaxon Smith-Njigba,WR,SEA,21.170588235294115,18.41561644281454,14.037500000000001,258.5092158160091,1.0,124.94389290639258
00-0039075,Puka Nacua,WR,LA,23.4375,18.776449852574682,13.4875,253.24736738660104,3.0,124.91523611369254
00-0036963,Amon-Ra St. Brown,WR,DET,19.058823529411764,18.004058218811156,14.037500000000001,252.73196724656162,4.0,119.16664433694508
00-0038542,Bijan Robinson,RB,ATL,21.811764705882354,19.255311063306475,14.052649006622518,270.58812788598135,1.0,117.86862975865006
00-0033280,Christian McCaffrey,RB,SF,24.50588235294118,18.51195988873058,14.052649006622518,260.1420747410057,2.0,107.42257661367441
00-0039139,Jahmyr Gibbs,RB,DET,21.58235294117647,18.2083259279917,14.052649006622518,255.87521326425164,3.0,103.15571513692035
00-0036223,Jonathan Taylor,RB,IND,21.311764705882354,17.35529293674088,14.052649006622518,243.88784004713455,4.0,91.16834191980327
00-0037247,George Pickens,WR,DAL,17.170588235294115,15.503871373345657,14.037500000000001,217.63559440333967,5.0,84.07027149372314
00-0039040,De'Von Achane,RB,MIA,20.175,16.919059637713627,13.502649006622518,228.45212381016103,5.0,81.70984207316641
00-0037744,Trey McBride,TE,ARI,18.58235294117647,14.981230263846294,13.592391304347828,203.63074396673687,1.0,73.616968061928
00-0037248,James Cook,RB,BUF,17.7764705882353,15.919727435051593,14.052649006622518,223.714341925879,6.0,70.99484379854775
00-0032764,Derrick Henry,RB,BAL,16.441176470588236,15.831376837109607,14.052649006622518,222.47278198347507,7.0,69.7532838561438
00-0037239,Chris Olave,WR,NO,16.75,14.402723236752141,13.4875,194.25672965569453,9.0,65.92459838278602
00-0037238,Drake London,WR,ATL,16.825,15.349858252738775,11.287500000000001,173.26152502778893,17.0,65.86216030171259
00-0037240,Jameson Williams,WR,DET,12.935294117647059,14.134833522890515,14.037500000000001,198.41772557757562,6.0,64.85240266795908
00-0036322,Justin Jefferson,WR,MIN,11.852941176470589,13.939331479708263,14.037500000000001,195.67336564640476,7.0,62.10804273678822
00-0040124,Tetairoa McMillan,WR,CAR,12.552941176470588,13.850168183845058,14.037500000000001,194.42173588072504,8.0,60.85641297110848
00-0035676,A.J. Brown,WR,PHI,14.686666666666667,14.087622821456407,12.9375,182.25862025259227,12.0,59.1596806163918
00-0038117,Wan'Dale Robinson,WR,NYG,13.61875,13.881119184049265,13.4875,187.22159499486446,11.0,58.88946372195597
00-0036554,Nico Collins,WR,HOU,15.08,13.976608908295633,12.9375,180.82237775107475,13.0,57.7234381148743
00-0040129,Emeka Egbuka,WR,TB,11.511764705882353,13.612254726858666,14.037500000000001,191.08202572827855,10.0,57.516702818662
00-0035700,Josh Jacobs,RB,GB,15.806666666666668,15.172365366744529,12.952649006622517,196.52232319567742,10.0,55.75725784901945
00-0036410,Tee Higgins,WR,CIN,14.106666666666667,13.726923517638452,12.9375,177.5920730094475,14.0,54.49313337324702
00-0036358,CeeDee Lamb,WR,DAL,15.453846153846154,14.09721205218759,11.8375,166.8757476677706,19.0,54.243191304986226
00-0034844,Saquon Barkley,RB,PHI,14.51875,14.849723718586267,13.502649006622518,200.5106072173877,8.0,53.76832548039308
00-0039338,Brock Bowers,TE,LV,14.683333333333332,14.420531508808649,10.842391304347828,156.35304543518075,4.0,52.64353606689058
00-0037840,Kyren Williams,RB,LA,15.488235294117647,14.177693701310554,14.052649006622518,199.23415330792008,9.0,46.51465518058882
00-0036970,Kyle Pitts,TE,ATL,12.4,12.902802136120114,13.592391304347828,175.3799355567196,2.0,45.366159651910735
00-0039067,Rashee Rice,WR,KC,18.7625,14.473318197072073,9.0875,131.52627911589246,38.0,45.059680936648284
00-0036912,DeVonta Smith,WR,PHI,11.870588235294118,12.606705654541196,14.037500000000001,176.96663062562206,15.0,43.40130771600551
00-0031381,Davante Adams,WR,LA,15.921428571428573,13.002331034424891,12.387500000000001,161.06637568893836,21.0,43.20062768944593
00-0039064,Zay Flowers,WR,BAL,14.311764705882354,12.544702609508423,14.037500000000001,176.0962628809745,16.0,42.53093997135797
00-0038597,Chase Brown,RB,CIN,16.623529411764707,13.60618386372397,14.052649006622518,191.20292615648398,11.0,38.48342802915271
00-0034348,Courtland Sutton,WR,DEN,12.923529411764704,12.117205260153405,14.037500000000001,170.09526883940345,18.0,36.52994592978689
00-0034857,Josh Allen,QB,BUF,22.78875,20.348124647788815,12.48888888888889,254.1254678234959,1.0,36.46129313714084
00-0040122,Ashton Jeanty,RB,LV,14.41764705882353,13.337186184871104,14.052649006622518,187.4227961919685,12.0,34.703298064637224
00-0038120,Breece Hall,RB,NYJ,12.97875,13.26998995916775,13.502649006622518,179.1800167400472,15.0,32.437735003052595
00-0038544,Quentin Johnston,WR,LAC,13.169230769230769,12.234259282874502,11.8375,144.82304426102692,27.0,32.190487898242544
00-0040663,Harold Fannin Jr.,TE,CLE,11.65,11.992768803279741,13.042391304347827,156.4143835549496,3.0,31.661460957444465
00-0039337,Malik Nabers,WR,NYG,14.275,14.014150238339942,6.8875,96.52245976656636,60.0,30.988628134154325
00-0039915,Ladd McConkey,WR,LAC,11.30625,11.712725075342174,13.4875,157.9753794536776,22.0,29.64324818076908
00-0038559,Michael Wilson,WR,ARI,12.976470588235296,11.598376782613407,14.037500000000001,162.81221408593572,20.0,29.246891176319174
00-0040126,Colston Loveland,TE,CHI,10.318750000000001,11.806889327115785,13.042391304347827,153.9900706913721,6.0,29.237148093866953
00-0036613,Jaylen Waddle,WR,MIA,12.1325,11.68125388734185,13.4875,157.5509118055232,23.0,29.218780532614705
00-0040734,TreVeyon Henderson,RB,NE,12.129411764705882,12.86684990751811,14.052649006622518,180.81332557124543,13.0,28.093827443914144
00-0036973,Travis Etienne,RB,JAX,14.935294117647059,12.797952128888207,14.052649006622518,179.8451292708234,14.0,27.125631143492132
00-0033288,George Kittle,TE,SF,14.681818181818182,12.016478145700178,10.292391304347827,123.67829517569022,12.0,25.229639114703794
00-0036275,D'Andre Swift,RB,CHI,14.2875,12.727752914866079,13.502649006622518,171.85838025245332,17.0,25.116098515458695
00-0036997,Javonte Williams,RB,DAL,15.175,12.72564436908145,13.502649006622518,171.82990929880907,18.0,25.08762756181447
00-0040128,Tyler Warren,TE,IND,11.088235294117647,11.34668193047662,13.592391304347828,154.22854080501105,5.0,24.214764900202162
00-0035719,Deebo Samuel Sr.,WR,WAS,11.7625,11.220509032168032,13.4875,151.33661557136634,25.0,23.004484298457836
00-0031588,Stefon Diggs,WR,NE,12.370588235294118,11.082332014092115,14.037500000000001,155.56823564781808,24.0,22.002912738201537
00-0039893,Brian Thomas Jr.,WR,JAX,9.914285714285715,11.232719597270572,12.387500000000001,139.1453140111892,32.0,21.279566011696797
00-0030506,Travis Kelce,TE,KC,11.36470588235294,11.097567868581157,13.592391304347828,150.84248499631238,7.0,20.828709091503498
00-0038134,Kenneth Walker III,RB,SEA,11.288235294117648,12.31106924721283,14.052649006622518,173.0031350273064,16.0,20.28363689997513
00-0039919,Rome Odunze,WR,CHI,12.175000000000002,11.30886412839993,11.287500000000001,127.64880384931423,43.0,20.24943912323788
00-0037664,Alec Pierce,WR,IND,12.22,10.996613138432796,12.9375,142.2686824784743,29.0,19.16974284227384
00-0040666,Omarion Hampton,RB,LAC,15.077777777777776,12.804376197982617,9.652649006622518,123.59614918787791,29.0,18.69438218323987
00-0036259,Jauan Jennings,WR,SF,11.553333333333335,10.725151884973755,12.9375,138.75665251184796,33.0,15.657712875647501
00-0030279,Keenan Allen,WR,LAC,10.74705882352941,10.404534885483965,14.037500000000001,146.0536584549812,26.0,12.488335545364631
00-0036355,Justin Herbert,QB,LAC,17.93,18.424355659752862,12.48888888888889,230.09973068402468,6.0,12.435555997669608
00-0031408,Mike Evans,WR,TB,10.600000000000001,10.868273395474763,9.0875,98.76543448137691,59.0,12.298836302132722
00-0034960,Jakobi Meyers,WR,JAX,10.9875,10.421862917173568,13.4875,140.5648760953785,30.0,12.232744822470009
00-0035640,DK Metcalf,WR,PIT,12.479999999999999,10.429681540390092,12.9375,134.9340049287968,34.0,11.835065292596363
00-0039851,Drake Maye,QB,NE,20.703529411764706,18.335721747718335,13.038888888888891,239.077438566083,2.0,11.827519531885779
00-0038994,Jordan Addison,WR,MIN,9.650000000000002,10.402233519034338,12.387500000000001,128.85766771703788,42.0,10.991919717545448
00-0036442,Joe Burrow,QB,CIN,16.8075,18.756726037051866,8.08888888888889,151.7210728330418,26.0,10.742852929423915
00-0035659,Terry McLaurin,WR,WAS,11.42,10.544712374256678,10.1875,107.42425731273991,50.0,10.491275860079643
00-0036971,Trevor Lawrence,QB,JAX,19.892941176470586,18.206926298787998,13.038888888888891,237.39808901808578,3.0,10.148169983888556
00-0038124,Christian Watson,WR,GB,13.24,10.49886359485593,10.1875,106.95717287259478,51.0,10.024191419934525
00-0040735,Luther Burden III,WR,CHI,8.526666666666667,10.248837233903098,12.9375,132.59433171362133,37.0,9.495392077420874
00-0036252,Michael Pittman,WR,IND,11.905882352941177,10.166084263766246,14.037500000000001,142.7064078526187,28.0,9.141084943002147
00-0034351,Dallas Goedert,TE,PHI,12.34,10.296390483244343,12.492391304347827,128.62653893905136,10.0,9.134469648849961
00-0036389,Jalen Hurts,QB,PHI,18.81625,18.14641130694699,12.48888888888889,226.628514544538,8.0,8.964339858182948
00-0033090,Hunter Henry,TE,NE,10.51764705882353,10.194666529603918,13.592391304347828,138.56989668771413,8.0,8.556120782905262
00-0033921,Chris Godwin Jr.,WR,TB,9.222222222222221,10.336601521241816,9.6375,99.618997160968,56.0,7.919207345015778
00-0038996,Tucker Kraft,TE,GB,14.65,10.362153103108406,8.642391304347827,89.55378187262494,22.0,6.887685733549745
00-0033873,Patrick Mahomes,QB,KC,20.405714285714286,17.99470100479178,11.388888888888891,204.93965033235085,12.0,6.446964341680078
00-0037740,Garrett Wilson,WR,NYJ,14.214285714285714,10.25452942572072,8.537500000000001,87.54804497209066,70.0,6.314638429554509
00-0037261,Khalil Shakir,WR,BUF,10.4,9.981457385872929,13.4875,134.62490649196113,35.0,6.292775219052637
00-0038563,Tre Tucker,WR,LV,9.511764705882353,9.916317117208578,14.037500000000001,139.20030153281544,31.0,5.6349786231988865
00-0039065,Sam LaPorta,TE,DET,11.877777777777778,10.139670938894692,9.192391304347826,93.20782296764392,17.0,5.280873521264996
00-0039732,Bo Nix,QB,DEN,17.931764705882355,17.82623463548848,13.038888888888891,232.43429271939704,4.0,5.184373685199826
00-0039849,Marvin Harrison Jr.,WR,ARI,10.65,9.900440339512222,11.287500000000001,111.75122033224423,48.0,4.351855606167874
00-0039361,Bucky Irving,RB,TB,13.85,11.207185348927865,10.202649006622517,114.34297846727331,31.0,3.4639950722986206
00-0033106,Jared Goff,QB,DET,17.474117647058822,17.662698466192303,13.038888888888891,230.3019627786297,5.0,3.0520437444324657
00-0040784,Quinshon Judkins,RB,CLE,12.12857142857143,11.075536383083847,12.402649006622518,137.36599031946642,22.0,2.578141363145117
00-0034796,Lamar Jackson,QB,BAL,16.52769230769231,17.63621608377504,10.83888888888889,191.1569865524728,15.0,2.2500449096442026
00-0037228,Jaylen Warren,RB,PIT,13.56875,10.996731456273437,13.502649006622518,148.4850050741451,19.0,1.7427233371505049
00-0039894,Xavier Worthy,WR,KC,7.8500000000000005,9.61141044412522,12.387500000000001,119.06134687660116,45.0,1.1955988771087414
00-0037816,Romeo Doubs,WR,GB,10.3375,9.596929112845993,13.4875,129.43858140951033,40.0,1.1064501366018415
00-0040715,Cam Skattebo,RB,NYG,15.9625,10.986650979287031,9.102649006622517,100.0076276227154,38.0,1.0830770084140127
00-0034855,Baker Mayfield,QB,TB,15.99529411764706,17.492277861555145,13.038888888888891,228.07986745038852,7.0,0.8299484161912978
00-0038606,Parker Washington,WR,JAX,11.54375,9.562705744421393,13.4875,128.97699372788355,41.0,0.6448624549750485
00-0040691,Jaxson Dart,QB,NYG,17.255714285714284,17.428626086985723,11.388888888888891,198.49268599067076,14.0,0.0
00-0039868,Troy Franklin,WR,DEN,10.417647058823531,9.514893884923707,14.037500000000001,133.56532290961655,36.0,0.0
00-0040736,Mason Taylor,TE,NYJ,6.838461538461539,9.565187831461348,11.392391304347827,108.9703626755939,14.0,0.0
00-0033906,Alvin Kamara,RB,NO,9.154545454545454,10.86766616424846,10.752649006622518,116.85619978531135,30.0,0.0
00-0034383,Dalton Schultz,TE,HOU,10.452941176470588,9.489609376122372,13.592391304347828,128.98648396566335,9.0,-1.027291939145532
00-0036158,J.K. Dobbins,RB,DEN,11.59,10.69775999250467,10.202649006622517,109.14549036061388,33.0,-1.7334930343608135
00-0037834,Brock Purdy,QB,SF,19.70888888888889,17.15644210462804,8.63888888888889,148.2125970705367,27.0,-2.351367180923304
00-0036040,Juwan Johnson,TE,NO,10.58235294117647,9.38458136291968,13.592391304347828,127.55890211229416,11.0,-2.454873792514722
00-0034827,DJ Moore,WR,CHI,10.128235294117648,9.255413338655762,14.037500000000001,129.92286474138027,39.0,-3.6424581682362724
00-0036875,Rhamondre Stevenson,RB,NE,12.771428571428572,10.57098082868975,12.402649006622518,131.1081648739746,25.0,-3.6796840823467005
00-0040667,Matthew Golden,WR,GB,5.0,9.130765584694931,12.387500000000001,113.10735868040847,46.0,-4.758389319083959
00-0039910,Jayden Daniels,QB,WAS,16.325714285714287,16.753734738690028,7.53888888888889,126.30454466890205,30.0,-5.087930886873657
00-0026498,Matthew Stafford,QB,LA,20.610588235294117,16.95334744739128,13.038888888888891,221.052813661263,9.0,-6.197105372934206
00-0033077,Dak Prescott,QB,DAL,18.457647058823532,16.944566307255158,13.038888888888891,220.93831735071035,10.0,-6.311601683486866
00-0039918,Caleb Williams,QB,CHI,18.716470588235296,16.808273286781308,13.038888888888891,219.16120780042075,11.0,-8.08871123377646
00-0038041,Jake Ferguson,TE,DAL,11.064705882352941,8.933009074803481,13.592391304347828,121.42095487001907,13.0,-8.592821034789809
00-0036139,Rico Dowdle,RB,CAR,12.723529411764707,10.17359146292285,14.052649006622518,142.96590996522613,20.0,-9.75358816210515
00-0030061,Zach Ertz,TE,WAS,9.723076923076924,8.707077614718608,11.392391304347827,99.19443530420189,16.0,-9.775927371392012
00-0040730,RJ Harvey,RB,DEN,12.15294117647059,10.049077480940978,14.052649006622518,141.21615868001797,21.0,-11.50333944731332
00-0035710,Daniel Jones,QB,IND,17.41846153846154,16.339252753317915,10.83888888888889,177.09934512068475,21.0,-11.807596522143855
00-0040130,Jayden Higgins,WR,HOU,7.617647058823529,8.671508330612667,14.037500000000001,121.72629819097533,44.0,-11.839024718641216
00-0039901,Keon Coleman,WR,BUF,8.533333333333333,8.459584734742762,11.287500000000001,95.48756269340895,61.0,-11.911802032667412
00-0038933,Dalton Kincaid,TE,BUF,10.508333333333333,8.439184645512574,10.842391304347828,91.50094221629124,19.0,-12.208567151998933
00-0038935,Brenton Strange,TE,JAX,9.833333333333334,8.411905471177258,10.842391304347828,91.20517073368822,20.0,-12.504338634601952
00-0040718,Travis Hunter,WR,JAX,9.114285714285714,7.932636297021116,8.537500000000001,67.72488238581779,88.0,-13.508524156718371
00-0039384,Tyrone Tracy Jr.,RB,NYG,10.72,9.789281331579062,12.952649006622517,126.79712511502588,28.0,-13.967940231632069
00-0040189,Oronde Gadsden II,TE,LAC,8.76,8.39672894023219,12.492391304347827,104.89522359792235,15.0,-14.596845692279029
00-0033553,James Conner,RB,ARI,11.1,8.457904054379668,6.352649006622517,53.730095789163556,65.0,-15.308372873454562
00-0035228,Kyler Murray,QB,ARI,15.556000000000001,14.845071160854124,6.43888888888889,95.58576375238852,35.0,-16.635223107702913
00-0038608,Kayshon Boutte,WR,NE,8.864285714285714,8.130373783791894,12.387500000000001,100.7150052467221,55.0,-17.150742752770327
00-0039146,Jayden Reed,WR,GB,9.7,7.178438329412559,7.4375,53.38963507500591,106.0,-17.377388194114157
00-0039165,Zach Charbonnet,RB,SEA,11.3375,9.554436044750302,13.502649006622518,129.01019636848605,26.0,-17.73208536850857
00-0033119,Jacoby Brissett,QB,ARI,16.24571428571429,15.846269503839409,11.388888888888891,180.47140268261552,20.0,-18.02128330805525
00-0038997,Josh Downs,WR,IND,8.65,8.173804714447334,13.4875,110.24419108610842,49.0,-18.08794018680008
00-0035261,Tony Pollard,RB,TEN,10.929411764705883,9.564987301526031,14.052649006622518,134.41340930114677,23.0,-18.306088826184492
00-0036919,Kenneth Gainwell,RB,PIT,13.01764705882353,9.549030762156555,14.052649006622518,134.1891776540272,24.0,-18.530320473304094
00-0039916,Ricky Pearsall,WR,SF,9.844444444444443,7.4211930053507436,9.6375,71.52174758906779,84.0,-20.17804222688443
00-0036407,Jerry Jeudy,WR,CLE,7.1000000000000005,8.007700068275984,14.037500000000001,112.40808970842413,47.0,-21.157233201192412
00-0039855,Jalen McMillan,WR,TB,7.4750000000000005,6.400189975920937,6.8875,44.08130845915546,123.0,-21.452523173256576
00-0033040,Tyreek Hill,WR,MIA,13.375,6.2780555740737976,6.8875,43.24010776643328,124.0,-22.293723865978748
00-0036893,Najee Harris,RB,LAC,3.8666666666666667,7.165304864697709,6.352649006622517,45.51866683086939,75.0,-23.51980183174873
00-0036264,Jordan Love,QB,GB,15.676,15.452447793823744,11.93888888888889,184.48505727181794,18.0,-23.593373066694966
00-0034869,Sam Darnold,QB,SEA,13.848235294117648,15.58614209113045,13.038888888888891,203.2259749326843,13.0,-24.02394410151293
00-0038976,Marvin Mims Jr.,WR,DEN,6.333333333333333,7.657689859459321,12.9375,99.07136255675496,57.0,-24.02757707944549
00-0034837,Calvin Ridley,WR,TEN,6.757142857142857,6.684219960969033,8.537500000000001,57.066527916773126,100.0,-24.16687862576303
00-0035685,David Montgomery,RB,DET,9.818823529411766,9.1143971076807,14.052649006622518,128.08142346121235,27.0,-24.63807466611893
00-0031610,Darren Waller,TE,MIA,9.855555555555556,6.8499281326083485,9.192391304347826,62.96721980159652,41.0,-24.959729644782406
00-0040727,Tre Harris,WR,LAC,4.3375,7.6448554423110915,13.4875,103.10998777817085,53.0,-25.222143494737647
00-0040134,Pat Bryant,WR,DEN,5.753846153846155,7.297744405432111,11.8375,86.38704939930261,71.0,-26.245506963481766
00-0038621,DeMario Douglas,WR,NE,5.987500000000001,7.483917482016666,13.4875,100.93933703869978,54.0,-27.392794234208715
00-0033885,David Njoku,TE,CLE,7.845454545454545,6.870271787363939,10.292391304347827,70.7115256027708,33.0,-27.737130458215614
00-0039163,C.J. Stroud,QB,HOU,14.895714285714286,14.972360104146794,11.388888888888891,170.51854563056074,22.0,-27.974140360110027
00-0040669,Isaac TeSlaa,WR,DET,5.421428571428572,7.213252401773614,12.387500000000001,89.35416412697066,68.0,-28.511583872521772
00-0040737,Terrance Ferguson,TE,LA,4.736363636363636,6.66902177615751,10.292391304347827,68.64018173742986,34.0,-29.80847432355657
00-0038619,Andrei Iosivas,WR,CIN,5.993333333333334,7.141104426747082,12.9375,92.38803852104037,64.0,-30.710901115160087
00-0039847,Theo Johnson,TE,NYG,8.520000000000001,7.103993739247694,12.492391304347827,88.74586961431929,23.0,-30.74619967588209
00-0039342,Xavier Legette,WR,CAR,5.953333333333334,7.091167973657985,12.9375,91.74198565920018,66.0,-31.356953977000273
00-0039373,Audric Estimé,RB,NO,9.620000000000001,6.658948806332165,7.452649006622517,49.62680820666161,71.0,-31.36609323662982
00-0038129,Cade Otton,TE,TB,8.146666666666667,7.046884994119029,12.492391304347827,88.03244482327175,24.0,-31.459624466929636
00-0039066,Michael Mayer,TE,LV,5.676923076923078,6.786869061366594,11.392391304347827,77.31866807846008,30.0,-31.651694597133822
00-0039150,Bryce Young,QB,CAR,13.6275,14.839537684209672,12.48888888888889,185.32933730057417,17.0,-32.33483738578091
00-0038979,Cedric Tillman,WR,CLE,5.0,6.638286726381194,11.287500000000001,74.92966142402774,79.0,-32.469703302048615
00-0038679,Tyrell Shavers,WR,BUF,4.136363636363637,6.477153031478592,10.7375,69.54843067550138,87.0,-32.61774241386692
00-0039921,Trey Benson,RB,ARI,8.850000000000001,6.114994385469385,6.902649006622517,42.20965992036252,79.0,-32.806025132592254
00-0036945,Justin Fields,QB,NYJ,15.851111111111111,13.567832802474351,8.63888888888889,117.21100004359788,32.0,-33.35296420786213
00-0032268,Marcus Mariota,QB,WAS,12.55,13.776123286846795,9.18888888888889,126.58726620247002,29.0,-33.562442396832154
00-0038104,Tyquan Thornton,WR,KC,6.733333333333334,6.540366257790546,11.287500000000001,73.8243841348108,81.0,-33.57498059126556
00-0037545,Rashid Shaheed,WR,SEA,8.700000000000001,7.209384171070627,14.5875,105.16689159549277,52.0,-33.6316229508318
00-0037231,Kevin Austin Jr.,WR,NO,6.6,4.948036710496808,7.4375,36.80102303432001,129.0,-33.966000234800056
00-0036244,Colby Parkinson,TE,LA,9.271428571428572,6.668351691471751,11.942391304347828,79.63606525456537,28.0,-34.59515072833228
00-0040705,Chimere Dike,WR,TEN,7.535294117647059,7.041770302332911,14.037500000000001,98.84885061899826,58.0,-34.71647229061829
00-0035229,T.J. Hockenson,TE,MIN,7.5200000000000005,6.784712247830019,12.492391304347827,84.75728028729392,26.0,-34.73478900290746
00-0023459,Aaron Rodgers,QB,PIT,14.192499999999999,14.633659496750498,12.48888888888889,182.75814749275068,19.0,-34.906027193604366
00-0037112,Jake Tonges,TE,SF,9.33,5.976111186905559,9.742391304347827,58.221613661124486,44.0,-34.96618909255819
00-0039424,Devaughn Vele,WR,NO,7.366666666666666,5.8798289118186275,9.6375,56.66685113765202,101.0,-35.0329386783002
00-0038393,Dontayvion Wicks,WR,GB,5.830769230769231,6.514472518018466,11.8375,77.1150684320436,77.0,-35.517487930740785
00-0039890,Adonai Mitchell,WR,NYJ,5.49375,6.870889018628799,13.4875,92.67111563875594,63.0,-35.66101563415257
00-0038891,Shedrick Jackson,WR,LV,5.3,3.867756754190112,6.3375,24.51190842967984,155.0,-35.788731566024154
00-0040170,Elic Ayomanor,WR,TEN,7.28125,6.814191819643365,13.4875,91.90641216743988,65.0,-36.42571910546861
00-0026158,Joe Flacco,QB,CIN,11.281538461538462,14.067508887298322,10.83888888888889,152.4761657728835,25.0,-36.430775869945116
00-0040311,Theo Wease Jr.,WR,MIA,8.633333333333333,3.7521320241977003,6.3375,23.779136703352926,160.0,-36.52150329235106
00-0039737,Tip Reiman,TE,ARI,1.5999999999999999,3.2633522592774487,5.892391304347827,19.228948475590272,82.0,-37.13288112696622
00-0037809,Chig Okonkwo,TE,TEN,7.294117647058823,6.8192128149200935,13.592391304347828,92.68940896801715,18.0,-37.324366936791726
00-0039356,Ja'Tavion Sanders,TE,CAR,4.5,6.113549985289506,10.842391304347828,66.28550119919873,37.0,-37.424008169091444
00-0022942,Philip Rivers,QB,IND,10.553333333333335,10.320017727138799,5.3388888888888895,55.097427976557704,43.0,-37.952070187849415
00-0039491,Jalen Coker,WR,CAR,8.218181818181819,5.939388400870853,10.7375,63.77418295435079,94.0,-38.391990135017515
00-0031503,Jameis Winston,QB,NYG,14.426666666666668,10.16036456185904,5.3388888888888895,54.24505746636966,44.0,-38.80444069803746
00-0040743,Tyler Shough,QB,NO,14.360000000000001,13.408542645726923,9.73888888888889,130.58430698866277,28.0,-39.15114595848154
00-0036196,Gabe Davis,WR,BUF,5.1499999999999995,4.597054507846753,7.987500000000001,36.71897288142594,130.0,-39.28124202440217
00-0036550,Rashod Bateman,WR,BAL,4.261538461538462,6.179582115475298,11.8375,73.15080329193884,82.0,-39.48175307084554
00-0033110,Tyler Higbee,TE,LA,7.109999999999999,5.510025107682764,9.742391304347827,53.68082069582675,46.0,-39.50698205785592
00-0036894,Pat Freiermuth,TE,PIT,7.573333333333333,6.389634208840788,12.492391304347827,79.82181082848606,27.0,-39.670258461715314
00-0033881,Evan Engram,TE,DEN,6.425000000000001,6.519574798151726,13.042391304347827,85.0308456554593,25.0,-39.722076942045824
00-0039793,AJ Barner,TE,SEA,8.664705882352942,6.631752070462787,13.592391304347828,90.1413691751491,21.0,-39.87240672965979
00-0037291,Jalen Nailor,WR,MIN,5.923529411764706,6.660675483829228,14.037500000000001,93.4992321042528,62.0,-40.06609080536375
00-0037837,Calvin Austin III,WR,PIT,6.1571428571428575,6.264236569470336,12.387500000000001,77.59823050431379,75.0,-40.26751749517863
00-0038618,Xavier Hutchinson,WR,HOU,6.125,6.521701548535963,13.4875,87.96144963587881,69.0,-40.3706816370297
00-0039794,Braelon Allen,RB,NYJ,3.825,4.989803883691308,6.902649006622517,34.442864821002985,85.0,-40.57282023195179
00-0036988,Josh Palmer,WR,BUF,4.358333333333333,5.8964528753924235,11.287500000000001,66.55621183099198,89.0,-40.843152895084366
00-0039738,Blake Corum,RB,LA,7.188235294117647,7.958879825241758,14.052649006622518,111.84334467001159,32.0,-40.87615345731968
00-0034521,Allen Lazard,WR,NYJ,2.5555555555555554,5.27295282281625,9.6375,50.8180828298916,111.0,-40.881706986060614
00-0040676,Cam Ward,QB,TEN,10.98,14.284569833155397,13.038888888888891,186.25491888008733,16.0,-40.995000154109874
00-0030035,Adam Thielen,WR,PIT,2.8285714285714287,6.182012973072115,12.387500000000001,76.57968570393082,78.0,-41.2860622955616
00-0039355,Luke McCaffrey,WR,WAS,5.699999999999999,5.230561273222696,9.6375,50.40953427068373,112.0,-41.29025554526849
00-0038809,Ben Sims,TE,MIN,2.0,2.55145215006598,5.892391304347827,15.034154462508347,93.0,-41.32767514004814
00-0036555,Chuba Hubbard,RB,CAR,8.360000000000001,7.645338513793156,12.952649006622517,99.0273863059758,39.0,-41.73767904068216
00-0040583,Woody Marks,RB,HOU,9.068750000000001,7.768859010975253,13.502649006622518,104.90017640713539,35.0,-41.84210532985922
00-0040363,Keleki Latu,TE,BUF,2.5,2.453051090411778,5.892391304347827,14.454336914263315,95.0,-41.907492688293175
00-0036212,Tua Tagovailoa,QB,MIA,11.47857142857143,13.740396513280764,11.388888888888891,156.48784917903095,24.0,-42.00483681163982
00-0040586,Jaydon Blue,RB,DAL,4.08,5.1829389907356385,7.452649006622517,38.62662512069107,80.0,-42.366276322600356
00-0033591,Noah Brown,WR,WAS,3.325,3.3570247898027783,6.8875,23.121508239766637,162.0,-42.41232339264539
00-0037614,John Metchie III,WR,NYJ,5.5307692307692315,5.921710863516846,11.8375,70.09825234688066,86.0,-42.534304015903714
00-0040138,Jaylin Noel,WR,HOU,4.023529411764706,6.470882342596901,14.037500000000001,90.835010884204,67.0,-42.730312025412545
00-0033908,Cooper Kupp,WR,SEA,7.268750000000001,6.339196014276178,13.4875,85.49990624254995,72.0,-42.83222503035854
00-0031345,Jimmy Garoppolo,QB,LA,-0.3333333333333333,9.401342158853996,5.3388888888888895,50.192721192548284,45.0,-42.856776971858835
00-0033293,Aaron Jones,RB,MIN,9.891666666666667,7.0485685869320465,11.302649006622516,79.66749673719816,46.0,-43.16591943844982
00-0030565,Geno Smith,QB,LV,11.593333333333334,13.812207285459388,11.93888888888889,164.90240809140127,23.0,-43.17602224711163
00-0037340,Zaire Mitchell-Paden,TE,NO,1.2333333333333334,2.212200197489068,5.892391304347827,13.03514920716113,97.0,-43.326680395395364
00-0033891,Zay Jones,WR,ARI,5.05,4.075416561089849,7.987500000000001,32.55238978170517,137.0,-43.44782512412294
00-0038611,Chris Rodriguez Jr.,RB,WAS,7.666666666666667,7.012823280236063,11.302649006622516,79.2634800819794,47.0,-43.569936093668595
00-0037252,Greg Dulcich,TE,MIA,6.977777777777778,4.812505442823665,9.192391304347826,44.23843318473884,58.0,-43.68851626164009
00-0032950,Carson Wentz,QB,MIN,14.068000000000001,10.599112680899678,6.43888888888889,68.24650887312627,38.0,-43.974477986965155
00-0040739,Elijah Arroyo,TE,SEA,2.838461538461539,5.690537759718065,11.392391304347827,64.82883289087505,39.0,-44.141529784718855
00-0039405,Jawhar Jordan,RB,HOU,7.425000000000001,4.463201808374892,6.902649006622517,30.80791552893477,90.0,-44.20776952402
00-0035644,Noah Fant,TE,CIN,5.753846153846154,5.674683815092172,11.392391304347827,64.64821854997942,40.0,-44.322144125614486
00-0040236,Kyle Monangai,RB,CHI,8.629411764705882,7.693103496468593,14.052649006622518,108.10848320749359,34.0,-44.61101491983768
00-0040237,Tez Johnson,WR,TB,6.16,6.0571658045843835,12.9375,78.36458259681046,73.0,-44.73435703938999
00-0039923,J.J. McCarthy,QB,MIN,12.538,12.554491957124814,9.18888888888889,115.36183165046914,33.0,-44.78787694883303
00-0039874,Jaylen Wright,RB,MIA,5.355555555555556,6.208716996645673,9.652649006622518,59.93056595007219,62.0,-44.97120105456585
00-0034829,Mike Gesicki,TE,CIN,5.891666666666667,5.4099461413561265,10.842391304347828,58.65675300002975,43.0,-45.052756368260425
00-0035243,Miles Sanders,RB,DAL,6.675000000000001,4.31319586410739,6.902649006622517,29.772477146749228,91.0,-45.24320790620555
00-0039062,Jonathan Mingo,WR,DAL,0.7,3.4240305824391775,7.4375,25.46622745689138,153.0,-45.300795812228685
00-0039398,Joe Milton III,QB,DAL,2.58,9.729343639487727,5.888888888888889,57.29502365476106,41.0,-45.3402188574882
00-0036309,Darnell Mooney,WR,ATL,5.486666666666667,5.998900883491723,12.9375,77.61078018017417,74.0,-45.48815945602628
00-0035208,Olamide Zaccheaus,WR,CHI,6.057142857142858,5.82210346817077,12.387500000000001,72.12130671196542,83.0,-45.744441287527
00-0033589,David Moore,WR,CAR,0.9,2.286934507735049,6.3375,14.493447442770874,185.0,-45.80719255293312
00-0036165,Isaiah Hodgins,WR,NYG,4.583333333333333,3.715982831407865,7.987500000000001,29.681412865870325,143.0,-46.31880203995778
00-0040488,Carter Runyon,TE,LV,0.43333333333333335,1.6835394842473204,5.892391304347827,9.920073417505137,108.0,-46.44175618505136
00-0039754,Devin Culp,TE,TB,1.9,2.3391728792717266,6.442391304347827,15.06986701678644,92.0,-46.55281589307379
00-0039394,Casey Washington,WR,ATL,3.08,3.241422597659768,7.4375,24.108080570094526,157.0,-46.658942699025545
00-0033943,Josh Reynolds,WR,NYJ,4.62,3.229978038832089,7.4375,24.022961663813664,158.0,-46.744061605306406
00-0038590,Justin Shorter,TE,LV,0.0,1.582785790756642,5.892391304347827,9.326393230099736,111.0,-47.03543637245676
00-0037004,Hunter Long,TE,JAX,4.642857142857143,3.7502796610397753,8.092391304347828,30.3487305178708,67.0,-47.056512313900676
00-0034983,Hunter Renfrow,WR,CAR,5.983333333333333,3.615999746885289,7.987500000000001,28.88279797824625,145.0,-47.117416927581864
00-0038558,Darnell Washington,TE,PIT,5.6461538461538465,5.413969135083698,11.392391304347827,61.678054896535045,42.0,-47.29230777905886
00-0040179,DJ Giddens,RB,IND,1.9200000000000004,4.521365935519395,7.452649006622517,33.6961533479255,86.0,-47.29674809536592
00-0040432,Beaux Collins,WR,NYG,1.125,2.6002085762027796,6.8875,17.908936568596644,174.0,-47.62489506381538
00-0040162,Dylan Sampson,RB,CLE,5.84,7.181446863000085,12.952649006622517,93.01876057615044,40.0,-47.746304770507514
00-0032688,Robbie Chosen,WR,WAS,3.4333333333333336,1.9632930590035802,6.3375,12.44236976143519,190.0,-47.85827023426881
00-0037276,Ty Chandler,RB,MIN,2.9333333333333336,3.295222013680626,6.352649006622517,20.93338885180888,102.0,-48.105079810809244
00-0036849,Tutu Atwell,WR,LA,3.9000000000000004,4.218197506246751,9.0875,38.33286983801735,127.0,-48.133728341226835
00-0035406,Lil'Jordan Humphrey,WR,DEN,4.942857142857143,3.868775229251876,8.537500000000001,33.029668519737896,135.0,-48.20373802279826
00-0036290,Cole Kmet,TE,CHI,4.91875,5.846919764337646,13.042391304347827,76.25781549161677,32.0,-48.495107105888366
00-0039410,Ryan Flournoy,WR,DAL,7.6,5.764085017031675,12.9375,74.5728499078473,80.0,-48.526089728353156
00-0034386,Justin Watson,WR,HOU,2.0,1.8578712097159125,6.3375,11.774258791574596,191.0,-48.5263812041294
00-0036328,Antonio Gibson,RB,NE,4.640000000000001,4.35612232849267,7.452649006622517,32.46465074416706,87.0,-48.528250699124364
00-0033923,Kareem Hunt,RB,KC,8.552941176470588,7.414291694008733,14.052649006622518,104.19043880862141,36.0,-48.52905931870987
00-0040277,Jahdae Walker,WR,CHI,4.45,3.428776250013874,7.987500000000001,27.387350296985822,149.0,-48.612864608842294
00-0040648,Tory Horton,WR,SEA,8.1375,4.128656185988747,9.0875,37.519163090172746,128.0,-48.94743508907144
00-0036626,Dyami Brown,WR,JAX,4.5181818181818185,4.948258713320834,10.7375,53.13192793428245,107.0,-49.034245155085856
00-0039917,Michael Penix Jr.,QB,ATL,13.364444444444445,11.734124176835017,8.63888888888889,101.36979497210251,34.0,-49.19416927935749
00-0039359,Cade Stover,TE,HOU,3.3166666666666664,3.035121855287707,7.542391304347827,22.892076688958046,76.0,-49.25231283550967
00-0034270,Tyler Conklin,TE,LAC,2.8833333333333333,3.0198875424898577,7.542391304347827,22.77717354058383,77.0,-49.36721598388388
00-0038551,Kendre Miller,RB,NO,4.757142857142857,5.092206664544291,8.552649006622516,43.55185627103128,78.0,-49.39547795293344
00-0032385,Sterling Shepard,WR,TB,6.3076923076923075,5.316836490425194,11.8375,62.938051955408234,95.0,-49.694504407376144
00-0037654,Tucker Fisk,TE,LAC,0.9750000000000001,1.8496152123592173,6.442391304347827,11.91594496049248,103.0,-49.70673794936775
00-0039391,Kimani Vidal,RB,LAC,9.069230769230769,6.669958972922988,11.852649006622517,79.0566825946286,48.0,-49.75394997135606
00-0039032,Tyjae Spears,RB,TEN,8.592307692307692,6.658943513137389,11.852649006622517,78.92612021614333,49.0,-49.884512349841316
00-0040466,Raheim Sanders,RB,CLE,5.075,3.5655422527644833,6.902649006622517,24.611686689115373,93.0,-50.4039983638394
00-0036972,Mac Jones,QB,SF,11.821818181818184,12.236181007686158,9.73888888888889,119.16680725818799,31.0,-50.56864568895633
00-0037838,Isaiah Likely,TE,BAL,5.141666666666667,4.895881148656614,10.842391304347828,53.08305919331493,47.0,-50.62645017497524
00-0040058,Nick Kallerup,TE,SEA,0.0,1.6976440577919256,6.442391304347827,10.936887315796461,106.0,-50.68579559406377
00-0038783,Nate Adkins,TE,DEN,2.8000000000000003,2.8316171450070917,7.542391304347827,21.35716453174371,79.0,-50.787224992724006
00-0034753,Mark Andrews,TE,BAL,7.705882352941177,5.823324401850687,13.592391304347828,79.1529039621118,29.0,-50.86087194269708
00-0033357,Taysom Hill,TE,NO,3.213846153846154,5.09694707801306,11.392391304347827,58.06641557027705,45.0,-50.90394710531685
00-0038492,Jason Brownlee,WR,KC,0.0,1.4433898840603685,6.3375,9.147483390232585,200.0,-51.15315660547141
00-0035662,Marquise Brown,WR,KC,8.60625,5.719686291732024,13.4875,77.14426885973567,76.0,-51.18786241317282
00-0038589,Josh Whyle,TE,GB,2.433333333333333,2.760535548243729,7.542391304347827,20.821039314416563,80.0,-51.32335021005116
00-0036924,Michael Carter,RB,ARI,7.615384615384615,6.525274427591362,11.852649006622517,77.34178746213007,52.0,-51.468845103854584
00-0034407,Ray-Ray McCloud,WR,NYG,2.316666666666667,3.0511553194697427,7.987500000000001,24.37110311426457,156.0,-51.62911179156354
00-0037742,Treylon Burks,WR,WAS,3.625,3.811128571142738,9.0875,34.63363089025963,132.0,-51.83296728898455
00-0039305,Jack Westover,TE,NE,0.25,1.5184338912852604,6.442391304347827,9.782345297443195,109.0,-51.84033761241704
00-0037256,Rachaad White,RB,TB,8.411764705882353,7.175672699570982,14.052649006622518,100.83720983347449,37.0,-51.88228829385679
00-0033307,Kendrick Bourne,WR,SF,6.578571428571428,5.322214534448354,12.387500000000001,65.92893254547899,90.0,-51.936815454013434
00-0040431,Dalen Cambre,WR,NYG,0.0,1.2810615173644861,6.3375,8.118727366297431,203.0,-52.18191262940656
00-0040581,Dont'e Thornton Jr.,WR,LV,2.1363636363636362,4.650951647279081,10.7375,49.939593312659134,113.0,-52.22657977670917
00-0040556,Corey Kiner,RB,ARI,2.325,3.292006444221644,6.902649006622517,22.723565012001455,96.0,-52.292120040953314
00-0034775,Christian Kirk,WR,HOU,5.263636363636365,4.635264005088115,10.7375,49.77114725463364,115.0,-52.39502583473467
00-0040024,Darius Cooper,WR,PHI,3.0333333333333337,2.9342797309230617,7.987500000000001,23.437559350747957,161.0,-52.562655555080156
00-0035298,Scott Miller,WR,PIT,3.04,2.4414555472152615,7.4375,18.158325632413508,172.0,-52.608697636706566
00-0037005,Tommy Tremble,TE,CAR,4.260000000000001,5.348095700875218,12.492391304347827,66.81050422843357,36.0,-52.68156506176781
00-0038640,Jalen Brooks,WR,ARI,1.6200000000000003,2.415214296961442,7.4375,17.963156333650723,173.0,-52.803866935469344
00-0032775,Demarcus Robinson,WR,SF,4.1571428571428575,5.227096846167013,12.387500000000001,64.75066218189389,92.0,-53.11508581759854
00-0036414,Cam Akers,RB,SEA,1.7950000000000002,3.1569483781448495,6.902649006622517,21.79130658636011,98.0,-53.22437846659466
00-0039739,Roman Wilson,WR,PIT,4.288888888888889,3.9921852553565604,9.6375,38.47468539849885,126.0,-53.22510441745337
00-0033858,Jonnu Smith,TE,PIT,5.011764705882353,5.643257695036341,13.592391304347828,76.70536682220592,31.0,-53.30840908260296
00-0039912,Ben Sinnott,TE,WAS,3.1555555555555554,3.758714949230234,9.192391304347826,34.551578614826184,62.0,-53.37537083155275
00-0036984,Trey Sermon,RB,PIT,0.0,2.456019841701012,6.352649006622517,15.602232007627126,114.0,-53.43623665499099
00-0033555,Mack Hollins,WR,NE,8.1,5.177436387263214,12.387500000000001,64.13549324722307,93.0,-53.73025475226936
00-0033949,Joshua Dobbs,QB,NE,0.525,8.248958770654758,5.888888888888889,48.57720164941136,46.0,-54.05804086283791
00-0036754,Brock Wright,TE,DET,4.6,3.298454015425801,8.642391304347827,28.506530300707116,70.0,-54.15956583836809
00-0035876,Andre Baccellia,WR,ARI,0.7,1.6414042389608237,6.8875,11.305171695842674,193.0,-54.22865993656936
00-0033455,Anthony Firkser,TE,DET,2.66,1.807999834929329,6.9923913043478265,12.642242324022146,100.0,-54.24129389314182
00-0036232,Harrison Bryant,TE,HOU,0.54,1.7530015175460476,6.9923913043478265,12.257672567797528,101.0,-54.625863649366444
00-0038839,Mitchell Tinsley,WR,CIN,3.95,3.4986391048306675,9.0875,31.793882865148692,138.0,-54.67271531409549
00-0038128,Malik Willis,QB,GB,12.795,8.137655292217042,5.888888888888889,47.921747831944806,48.0,-54.71349468030446
00-0036755,Jaret Patterson,RB,LAC,4.283333333333333,4.019250555768683,8.002649006622518,32.16465146748925,88.0,-54.80546636613883
00-0034073,Ross Dwelley,TE,DET,0.675,1.0470520932778586,6.442391304347827,6.745519300932466,113.0,-54.87716360892776
00-0034928,Steven Sims,WR,ARI,0.0,0.8526151364976248,6.3375,5.403448427553697,209.0,-54.897191568150305
00-0038465,Malik Heath,WR,GB,2.085714285714286,3.083229430222525,8.537500000000001,26.32307126052481,152.0,-54.910335282011346
00-0039792,Devontez Walker,WR,BAL,4.7,3.4440556331132677,9.0875,31.297855565916823,139.0,-55.16874261332737
00-0036980,Elijah Moore,WR,BUF,3.177777777777778,3.7777919819961148,9.6375,36.40847022648755,131.0,-55.291319589464656
00-0037525,Jordan Mason,RB,MIN,8.05625,6.771752508697555,13.502649006622518,91.43659728465859,42.0,-55.305684452336024
00-0034487,Trent Sherfield,WR,ARI,1.275,1.483496222258705,6.8875,10.21758023080683,197.0,-55.3162514016052
00-0031484,Chris Manhertz,TE,NYG,0.42500000000000004,0.9710567631111449,6.442391304347827,6.255927646695387,114.0,-55.36675526316485
00-0035249,Josh Oliver,TE,MIN,4.583333333333333,4.414784923041483,10.842391304347828,47.86682566015087,54.0,-55.8426837081393
00-0039458,Brenden Bates,TE,CLE,1.7600000000000002,1.5574979511746023,6.9923913043478265,10.890635130332845,107.0,-55.99290108683113
00-0040584,Gunnar Helm,TE,TEN,5.73125,5.244637520164888,13.042391304347827,68.4026147874549,35.0,-56.350307810050246
00-0034681,Chase Edmonds,RB,WAS,0.0,1.9665202946650926,6.352649006622517,12.49261319640722,121.0,-56.545855466210895
00-0040729,Jack Bech,WR,LV,3.028571428571429,4.948778312740614,12.387500000000001,61.30299134907436,97.0,-56.562756650418066
00-0034418,Cedrick Wilson Jr.,WR,MIA,1.5666666666666667,2.424262102549379,7.987500000000001,19.363793544113165,167.0,-56.636421361714945
00-0038938,Jalin Hyatt,WR,NYG,1.4166666666666667,2.3978668354034998,7.987500000000001,19.152961347785457,168.0,-56.84725355804266
00-0038953,Dylan Drummond,WR,ATL,1.8666666666666665,2.3974867395003034,7.987500000000001,19.149925331758677,169.0,-56.850289574069436
00-0040202,Devin Neal,RB,NO,6.666666666666667,4.975325010623677,9.652649006622518,48.025066021420805,72.0,-56.87670098321725
00-0035535,Darius Slayton,WR,NYG,7.057142857142858,4.923312695082489,12.387500000000001,60.98753601033433,98.0,-56.878211989158096
00-0035704,Drew Lock,QB,SEA,0.033333333333333326,6.735346976926377,5.3388888888888895,35.959269137923606,56.0,-57.09022902648352
00-0039144,Luke Musgrave,TE,GB,3.784615384615385,4.551145571756484,11.392391304347827,51.848431236499685,48.0,-57.12193143909422
00-0034975,Justice Hill,RB,BAL,6.5200000000000005,5.243234318886204,10.202649006622517,53.49487941507341,67.0,-57.38410397990127
00-0036959,Michael Bandy,WR,DEN,3.75,1.1827477763282743,6.8875,8.14617530946099,202.0,-57.387656322951045
00-0034981,Foster Moreau,TE,NO,1.842857142857143,2.4679109116842763,8.092391304347828,19.97130080161896,81.0,-57.43394203015251
00-0036841,Austin Trammell,WR,JAX,1.2666666666666668,2.3071219088470203,7.987500000000001,18.428136246915575,170.0,-57.57207865891254
00-0037348,Tanner Conner,TE,MIA,2.2625,2.89420548056112,8.642391304347827,25.012856278197248,74.0,-57.65323986087795
00-0034419,Braxton Berrios,WR,HOU,2.425,1.1303227152226691,6.8875,7.7850977010961335,204.0,-57.74873393131589
00-0036133,James Proche,WR,TEN,2.0833333333333335,2.2366777851906328,7.987500000000001,17.86546380921018,175.0,-58.13475109661793
00-0036182,Nick Westbrook-Ikhine,WR,MIA,1.5307692307692307,4.5996704595495395,11.8375,54.44859906491767,103.0,-58.183957297866705
00-0036427,Tyler Johnson,WR,NYJ,4.188888888888889,3.475874578207497,9.6375,33.498741247474754,134.0,-58.20104856847747
00-0031236,Brandin Cooks,WR,BUF,3.992307692307693,4.552978351445239,11.8375,53.89588123523301,105.0,-58.736675127551365
00-0032951,Laquon Treadwell,WR,IND,0.0,2.1484303460094045,7.987500000000001,17.16058738875012,178.0,-58.83962751707799
00-0040509,Ben Yurosek,TE,MIN,0.5666666666666668,1.7581120572490643,7.542391304347827,13.260369092664412,96.0,-58.88402043180331
00-0039379,Jamari Thrash,WR,CLE,2.5875000000000004,3.0261460165731253,9.0875,27.500101925608277,148.0,-58.9664962536359
00-0035500,Greg Dortch,WR,ARI,6.258333333333333,4.284430344716641,11.287500000000001,48.3605075159891,116.0,-59.03885721008726
00-0037563,Malik Davis,RB,DAL,4.0600000000000005,5.067661657026571,10.202649006622517,51.703573170961164,68.0,-59.175410224013525
00-0037258,Dameon Pierce,RB,KC,0.72,2.896734159401009,7.452649006622517,21.588342955509443,100.0,-59.40455848778198
00-0038400,Tanner McKee,QB,PHI,3.4400000000000004,7.3355567900774155,5.888888888888889,43.19827887490034,50.0,-59.436963637348924
00-0037746,Brian Robinson,RB,SF,3.676470588235294,6.603618405772494,14.052649006622518,92.79833162999302,41.0,-59.92116649733826
00-0035689,Dawson Knox,TE,BUF,6.48125,4.970719949839061,13.042391304347827,64.83007465012923,38.0,-59.9228479473759
00-0037475,Stone Smartt,TE,NYJ,2.033333333333333,1.6140181778045277,7.542391304347827,12.173556669332195,102.0,-59.97083285513552
00-0033282,Curtis Samuel,WR,BUF,3.516666666666667,1.983206374357087,7.987500000000001,15.840860915177233,180.0,-60.159353990650885
00-0033869,Mitchell Trubisky,QB,BUF,7.78,7.17265136579199,5.888888888888889,42.23894693188616,51.0,-60.39629558036311
00-0036898,Davis Mills,QB,HOU,11.433333333333332,8.741115587575397,6.98888888888889,61.09068560649917,40.0,-60.716045601434395
00-0040782,Isaiah Bond,WR,CLE,3.646666666666667,4.818359415686741,12.9375,62.33752494044721,96.0,-60.76141469575324
00-0038752,Jake Bobo,WR,SEA,0.8,1.3422352244499125,7.4375,9.982874481846224,198.0,-60.784148787273836
00-0038115,Daniel Bellinger,TE,NYG,4.584615384615384,4.224449302797701,11.392391304347827,48.12657950285077,52.0,-60.84378317274314
00-0037267,Jerome Ford,RB,CLE,3.353846153846154,5.72882398913463,11.852649006622517,67.90173996393182,57.0,-60.90889260205283
00-0032392,Austin Hooper,TE,NE,4.561538461538461,4.215807402708993,11.392391304347827,48.02812759542713,53.0,-60.942235080166775
00-0036429,Charlie Woerner,TE,ATL,1.8285714285714287,1.9894209267603893,8.092391304347828,16.09917260840337,90.0,-61.306070223368096
00-0031763,DeAndre Carter,WR,CLE,0.0,0.5716136252414807,6.8875,3.9369888438506986,211.0,-61.59684278856133
00-0039920,Malachi Corley,WR,CLE,2.6333333333333333,4.053123777386316,11.287500000000001,45.74963463724804,118.0,-61.649730088828306
00-0035359,David Sills,WR,ATL,4.091666666666667,4.049462826005235,11.287500000000001,45.70831164853409,119.0,-61.69105307754226
00-0040009,Savion Williams,WR,GB,2.125,4.035681207278246,11.287500000000001,45.552751627153214,120.0,-61.846613098923136
00-0040719,Bhayshul Tuten,RB,JAX,5.906666666666666,6.082629078770597,12.952649006622517,78.7861594947912,50.0,-61.97890585186675
00-0034613,Tanner Hudson,TE,CIN,4.779999999999999,3.1988537462711877,9.742391304347827,31.164484921552887,65.0,-62.02331783212979
00-0037666,Jalen Tolbert,WR,DAL,3.858333333333333,3.9963467052446977,11.287500000000001,45.10876343544953,121.0,-62.290601290626824
00-0039880,Malik Washington,WR,MIA,6.864705882352942,5.068563528516467,14.037500000000001,71.14996053154992,85.0,-62.41536237806663
00-0037086,Grant Calcaterra,TE,PHI,2.511111111111111,2.7363622200178437,9.192391304347826,25.15371227683794,72.0,-62.77323716954099
00-0033439,Pharaoh Brown,TE,ARI,0.42000000000000004,0.5862383676767903,6.9923913043478265,4.099208064418252,115.0,-62.78432815274572
00-0039521,Xavier Weaver,WR,ARI,1.957142857142857,2.140259639309244,8.537500000000001,18.272466670602675,171.0,-62.96093987193348
00-0040194,Jackson Hawes,TE,BUF,4.053846153846154,3.9685781183671995,11.392391304347827,45.21159484631154,56.0,-63.75876782928236
00-0040205,Kalel Mullings,RB,TEN,0.17500000000000002,1.626410658795342,6.902649006622517,11.226541918293941,124.0,-63.78914313466083
00-0036637,Noah Gray,TE,KC,2.7714285714285714,4.220335539090166,11.942391304347828,50.4008984434605,50.0,-63.830317539437154
00-0040590,Konata Mumpfield,WR,LA,2.5200000000000005,3.203139787919336,10.1875,32.63198658942824,136.0,-64.30099486323202
00-0037801,KaVontae Turpin,WR,DAL,5.633333333333334,4.532502841655523,12.9375,58.63925551391833,99.0,-64.45968412228213
00-0038720,Julian Hill,TE,MIA,2.8181818181818183,3.2489957532872356,10.292391304347827,33.43993563899656,63.0,-65.00872042198986
00-0034159,Will Dissly,TE,LAC,2.5875000000000004,2.042332214061595,8.642391304347827,17.650634167395374,84.0,-65.01546197167983
00-0039623,Mason Tipton,WR,NO,2.55,2.353288078392639,9.0875,21.38550541239311,165.0,-65.08109276685107
00-0040649,Robbie Ouzts,RB,SEA,0.0,1.4360649328787425,6.902649006622517,9.912652182380883,126.0,-65.10303287057388
00-0034791,Nick Chubb,RB,HOU,5.886666666666668,5.83937654005678,12.952649006622517,75.63539474086129,53.0,-65.12967060579666
00-0038040,Zamir White,RB,LV,1.9200000000000004,2.12685823000362,7.452649006622517,15.850727875063404,113.0,-65.14217356822802
00-0039050,Payne Durham,TE,TB,0.2625,2.022711249356427,8.642391304347827,17.481062112644516,85.0,-65.18503402643069
00-0027973,Andy Dalton,QB,CAR,2.3800000000000003,6.355178215220586,5.888888888888889,37.42493837852123,54.0,-65.21030413372803
00-0040187,Mitchell Evans,TE,CAR,3.442857142857143,4.074622491152195,11.942391304347828,48.660736206836056,51.0,-65.57047977606159
00-0038397,Evan Hull,RB,NO,1.0666666666666667,2.666004255458334,8.002649006622518,21.33509630659504,101.0,-65.63502152703303
00-0036415,Van Jefferson,WR,TEN,5.0,4.203481740235314,12.387500000000001,52.070630057164955,110.0,-65.79511794232747
00-0040218,Jimmy Horn Jr.,WR,CAR,2.87,3.0332909420723397,10.1875,30.901651472361962,140.0,-66.03132998029831
00-0040234,Quinn Ewers,QB,MIA,8.294999999999998,6.150903941960975,5.888888888888889,36.22198988043685,55.0,-66.41325263181241
00-0034798,Durham Smythe,TE,CHI,0.9285714285714286,1.3544230984956203,8.092391304347828,10.960521704673798,105.0,-66.44472112709768
00-0036265,AJ Dillon,RB,PHI,1.5166666666666666,2.5467826307577788,8.002649006622518,20.38100749011722,103.0,-66.58911034351087
00-0034367,Nyheim Hines,RB,NO,-0.05,1.2041017932458042,6.902649006622517,8.311492047020542,129.0,-66.70419300593423
00-0038496,Xavier Gipson,WR,PHI,0.43333333333333335,1.147211676249007,7.987500000000001,9.163353264038944,199.0,-66.83686164178917
00-0039757,Terrell Jennings,RB,NE,2.5333333333333337,2.498315234210266,8.002649006622518,19.993139927282687,104.0,-66.9769779063454
00-0039021,Roschon Johnson,RB,CHI,0.2833333333333334,2.493261193476615,8.002649006622518,19.952694213226106,105.0,-67.01742362040198
00-0035628,D'Ernest Johnson,RB,NE,0.5,1.8742431577475192,7.452649006622517,13.968076407756097,118.0,-67.02482503553532
00-0034272,Marquez Valdes-Scantling,WR,PIT,3.5555555555555554,2.55319583062475,9.6375,24.606424817646026,154.0,-67.09336499830619
00-0038555,Tank Bigsby,RB,PHI,3.586666666666667,5.672652743177513,12.952649006622517,73.4758799188327,54.0,-67.28918542782525
00-0040164,Jaylin Lane,WR,WAS,3.4133333333333336,4.309778532937541,12.9375,55.757759769879435,102.0,-67.34117986632101
00-0035993,Tyler Huntley,QB,BAL,8.028,6.9659474054781185,6.43888888888889,44.85296134971745,49.0,-67.36802551037398
00-0036176,Mason Kinsey,WR,TEN,1.1333333333333335,1.078060619042208,7.987500000000001,8.611009194599637,201.0,-67.38920571122847
00-0036906,Khalil Herbert,RB,NYJ,1.32,1.8161508571207379,7.452649006622517,13.5351348811975,119.0,-67.45776656209392
00-0037557,Ronnie Rivers,RB,LA,0.7666666666666667,2.4296718213327146,8.002649006622518,19.44381078740697,106.0,-67.5263070462211
00-0036332,Josiah Deguara,TE,ARI,1.5857142857142856,1.1928422932148606,8.092391304347828,9.65294660107026,110.0,-67.7522962307012
00-0030564,DeAndre Hopkins,WR,BAL,3.9411764705882355,4.68827004250507,14.037500000000001,65.81159072166493,91.0,-67.75373218795163
00-0040131,Kyle Williams,WR,NE,3.5142857142857147,4.028576701756085,12.387500000000001,49.90399389300351,114.0,-67.96175410648891
00-0040242,Jacory Croskey-Merritt,RB,WAS,8.25294117647059,6.021059408150857,14.052649006622518,84.61183451076631,43.0,-68.10766361656496
00-0032398,Chris Moore,WR,WAS,3.8600000000000003,2.818926998143692,10.1875,28.71781879358886,146.0,-68.21516265907141
00-0039074,Davis Allen,TE,LA,4.1866666666666665,4.101311956386484,12.492391304347827,51.23519382038028,49.0,-68.2568754698211
00-0036422,Adam Trautman,TE,DEN,3.5,3.5667189065403737,11.392391304347827,40.63345745592354,59.0,-68.33690521967037
00-0038951,Sean Tucker,RB,TB,5.376470588235295,5.983499633871711,14.052649006622518,84.0840201860535,44.0,-68.63547794127777
00-0034860,Dante Pettis,WR,NO,2.4625000000000004,1.9306335892050428,9.0875,17.544632741900827,177.0,-68.92196543734336
00-0037805,Jeremy Ruckert,TE,NYJ,3.3500000000000005,3.7769882611961534,11.942391304347828,45.10627176713276,57.0,-69.12494421576488
00-0038710,Blake Whiteheart,TE,CLE,0.26666666666666666,1.9653655333258349,9.192391304347826,18.066409038409333,83.0,-69.8605404079696
00-0038643,Brayden Willis,TE,SF,0.0,0.2968755711114248,7.542391304347827,2.2391517260241054,116.0,-69.90523779844361
00-0039451,Isaiah Williams,WR,NYJ,4.046666666666667,4.101846388237917,12.9375,53.06763764782804,108.0,-70.0313019883724
00-0037741,Jahan Dotson,WR,PHI,3.3466666666666667,4.07631281106694,12.9375,52.73729699317854,109.0,-70.36164264302191
00-0038794,Jaleel McLaughlin,RB,DEN,3.9250000000000003,3.1183342173178263,9.102649006622517,28.385101865585117,92.0,-70.53944874871627
00-0036741,Jack Stoll,TE,NO,1.8444444444444446,1.8825517457285372,9.192391304347826,17.305152297419824,86.0,-70.6217971489591
00-0037263,Tyler Allgeier,RB,ATL,7.235294117647059,5.829801269319294,14.052649006622518,81.92415101610646,45.0,-70.7953471112248
00-0037197,Isiah Pacheco,RB,KC,6.715384615384616,4.887505047413401,11.852649006622517,57.92988184508699,63.0,-70.88075072089767
00-0034365,Ian Thomas,TE,LV,2.711111111111111,1.8492117874865648,9.192391304347826,16.998678355188996,87.0,-70.92827109118993
00-0036628,John Bates,TE,WAS,2.73,2.263829419520451,9.742391304347827,22.05511205126283,78.0,-71.13269070241984
00-0035291,Trayveon Williams,RB,CLE,2.85,1.9257981628160183,8.002649006622518,15.411486754615078,115.0,-71.558631079013
00-0026300,Josh Johnson,QB,WAS,8.126666666666667,3.9919053292832114,5.3388888888888895,21.312339008006482,64.0,-71.73715915640064
00-0037132,Britain Covey,WR,PHI,0.6666666666666666,0.5285754852222575,7.987500000000001,4.221996688212782,210.0,-71.77821821761533
00-0035631,Drew Sample,TE,CIN,2.658333333333333,2.9251699537926843,10.842391304347828,31.71583727074134,64.0,-71.99367209754884
00-0037157,Bam Knight,RB,ARI,7.741666666666667,4.468934505715525,11.302649006622516,50.51079815168667,69.0,-72.32261802396133
00-0037012,Trey Lance,QB,LAC,3.3850000000000002,5.088055277149409,5.888888888888889,29.962992187657633,58.0,-72.67225032459164
00-0038046,Charlie Kolar,TE,BAL,2.784615384615385,3.166350841490655,11.392391304347827,36.072307793112564,61.0,-72.89805488248135
00-0038705,Emari Demercado,RB,ARI,4.858333333333333,4.417793217769381,11.302649006622516,49.93276612428478,70.0,-72.9006500513632
00-0040563,Efton Chism III,WR,NE,2.0625,1.4872483308092246,9.0875,13.51536920622883,186.0,-72.95122897301536
00-0028118,Tyrod Taylor,QB,NYJ,9.909999999999998,6.9387933436695635,6.98888888888889,48.4944557018684,47.0,-73.31227550606518
00-0035891,Cody White,WR,SEA,2.25,1.447124235089973,9.0875,13.150741486380129,188.0,-73.31585669286406
00-0033217,Mo Alie-Cox,TE,IND,2.790909090909091,2.4310308125265383,10.292391304347827,25.021120395449774,73.0,-73.42753566553665
00-0036425,DeeJay Dallas,RB,JAX,0.42000000000000004,0.9953657432731808,7.452649006622517,7.418111517830955,130.0,-73.57478992546046
00-0038547,Luke Schoonmaker,TE,DAL,1.942857142857143,3.3766515273383506,11.942391304347828,40.32529383789833,60.0,-73.90592214499932
00-0037306,John FitzPatrick,TE,GB,2.290909090909091,2.3645068434314815,10.292391304347827,24.33642967440511,75.0,-74.11222638658131
00-0035289,Gardner Minshew,QB,KC,-0.08,4.813520563291266,5.888888888888889,28.34628776160412,60.0,-74.28895475064513
00-0038797,Emanuel Wilson,RB,GB,5.5588235294117645,5.555830855293762,14.052649006622518,78.07414094960663,51.0,-74.64535717772465
00-0035100,Jake Browning,QB,CIN,9.748000000000001,5.821570102830977,6.43888888888889,37.48444305100613,53.0,-74.73654380908529
00-0036646,Simi Fehoko,WR,ARI,0.0,0.7441271695900682,8.537500000000001,6.352985710375208,207.0,-74.88042083216095
00-0037745,Velus Jones Jr.,RB,SEA,0.64,0.8191129538704026,7.452649006622517,6.104561341973891,131.0,-74.88834010131754
00-0040142,Kaleb Johnson,RB,PIT,0.8800000000000001,3.5228445334201925,10.202649006622517,35.94234627938509,83.0,-74.93663711558959
00-0033576,Eric Saubert,TE,SEA,1.011111111111111,1.4107056221537224,9.192391304347826,12.967758094080468,98.0,-74.95919135229846
00-0035544,Tom Kennedy,WR,DET,1.2666666666666666,0.10294595636171273,7.987500000000001,0.8222808264391805,214.0,-75.17793407938893
00-0038454,Keaton Mitchell,RB,BAL,4.261538461538462,4.521485765684147,11.852649006622517,53.59158376909406,66.0,-75.21904879689059
00-0037487,Deven Thompkins,WR,ATL,0.8857142857142858,0.688002363150149,8.537500000000001,5.873820175394398,208.0,-75.35958636714176
00-0034771,Mason Rudolph,QB,PIT,3.0,5.577692483413028,6.43888888888889,35.91414215708723,57.0,-76.3068447030042
00-0038824,Ryan Miller,WR,TB,1.2666666666666666,1.5822741129461766,9.6375,15.249166763518776,182.0,-76.45062305243344
00-0033662,Cooper Rush,QB,BAL,0.43000000000000027,4.403051980529639,5.888888888888889,25.92908388534121,62.0,-76.70615862690805
00-0033246,Johnny Mundt,TE,JAX,1.675,2.423640259365124,10.842391304347828,26.278056073007733,71.0,-77.43145329528244
00-0040673,Jalen Milroe,QB,SEA,-0.5333333333333333,2.8698404358596705,5.3388888888888895,15.321759215895243,67.0,-77.72773894851188
00-0039751,Jordan Whittington,WR,LA,2.42,3.48587352757162,12.9375,45.098488762957835,122.0,-78.00045087324263
00-0040668,Shedeur Sanders,QB,CLE,10.6125,7.744755891652848,8.08888888888889,62.646469879147496,39.0,-78.33175002447038
00-0031237,Teddy Bridgewater,QB,TB,0.96,2.719641269701954,5.3388888888888895,14.519862556575433,68.0,-78.52963560783168
00-0033375,Tim Patrick,WR,JAX,3.976923076923077,2.8631623136533118,11.8375,33.89268388787108,133.0,-78.7398724749133
00-0037093,Dareke Young,WR,SEA,0.8500000000000001,0.8301464098003883,9.0875,7.543955499061029,205.0,-78.92264268018316
00-0033526,Samaje Perine,RB,CIN,5.193333333333333,4.773056144252005,12.952649006622517,61.823720925399236,60.0,-78.94134442125872
00-0036887,Luke Farrell,TE,SF,2.269230769230769,2.5865092345375045,11.392391304347827,29.46652531216042,69.0,-79.50383736343349
00-0033857,JuJu Smith-Schuster,WR,KC,4.323529411764706,3.841830150311793,14.037500000000001,53.9296907350018,104.0,-79.63563217461474
00-0029263,Russell Wilson,QB,NYG,8.306666666666667,6.021997484089668,6.98888888888889,42.08707130547113,52.0,-79.71965990246245
00-0035567,Craig Reynolds,RB,DET,0.08,0.14796258972645276,7.452649006622517,1.1027132473421433,132.0,-79.89018819594928
00-0040154,Tai Felton,WR,MIN,0.4583333333333333,2.424488619486465,11.287500000000001,27.36641529245348,150.0,-80.03294943362287
00-0036630,Tylan Wallace,WR,BAL,1.3181818181818181,2.0481042853615534,10.7375,21.991519764069682,164.0,-80.17465332529862
00-0036825,Feleipe Franks,TE,ATL,0.04,1.3169904770804672,9.742391304347827,12.830636571817639,99.0,-80.35716618186504
00-0040198,Ollie Gordon II,RB,MIA,3.182352941176471,5.145015995333328,14.052649006622518,72.30110391587786,55.0,-80.41839421145342
00-0040184,KeAndre Lambert-Smith,WR,LAC,1.61,1.56129853888338,10.1875,15.905728864874433,179.0,-81.02725258778584
00-0039686,Colson Yankoff,TE,WAS,0.38,1.2184896136507497,9.742391304347827,11.871002616469207,104.0,-81.31680013721348
00-0035250,Devin Singletary,RB,NYG,6.4,5.0713284270904,14.052649006622518,71.26559838320844,56.0,-81.45389974412284
00-0036590,Quintin Morris,TE,JAX,1.5909090909090908,1.6400103998604978,10.292391304347827,16.87962877856419,88.0,-81.56902728242224
00-0039603,British Brooks,RB,HOU,0.9750000000000001,1.8794789468147701,9.102649006622517,17.1082371681914,108.0,-81.81631344610999
00-0040582,Arian Smith,WR,NYJ,1.0384615384615385,2.600826104413774,11.8375,30.787279010998052,141.0,-81.84527735178632
00-0037292,Andrew Ogletree,TE,IND,1.1545454545454545,1.608657147931961,10.292391304347827,16.556928841051892,89.0,-81.89172721993454
00-0039376,Spencer Rattler,QB,NO,11.015555555555556,7.9278815438398285,8.63888888888889,68.48808778150519,37.0,-82.07587646995482
00-0040206,Riley Leonard,QB,IND,6.2,4.645145685674682,6.43888888888889,29.90957694276087,59.0,-82.31140991733056
00-0039364,Sione Vaki,RB,DET,0.05,1.7931857407406142,9.102649006622517,16.322740401642214,112.0,-82.60181021265916
00-0037013,Zach Wilson,QB,MIA,0.34500000000000003,3.3794391431785473,5.888888888888889,19.901141620940336,65.0,-82.73410089130893
00-0037324,Chris Oladokun,QB,KC,3.733333333333334,1.8522245426887038,5.3388888888888895,9.888821030688025,70.0,-83.16067713371909
00-0034854,KhaDarel Hodge,WR,ATL,0.7625,0.35934799586604166,9.0875,3.265574912432654,212.0,-83.20102326681153
00-0037304,Connor Heyward,TE,PIT,1.957142857142857,2.597621683224432,11.942391304347828,31.021814601724824,66.0,-83.20940138117282
00-0039798,Isaiah Davis,RB,NYJ,4.45,4.695355981144715,13.502649006622518,63.399743774542785,58.0,-83.34253796245183
00-0039363,Isaac Guerendo,RB,SF,0.0,1.0637553812514708,8.552649006622516,9.097926404749748,127.0,-83.84940781921499
00-0032464,Kalif Raymond,WR,DET,4.453333333333333,3.0283829569584433,12.9375,39.17970450564986,125.0,-83.91923513055059
00-0039648,David Martin-Robinson,TE,TEN,1.1818181818181819,1.407863449907728,10.292391304347827,14.490281529539432,94.0,-83.95837453144699
00-0038564,Cameron Latu,TE,PHI,0.0,0.9195239881783486,9.742391304347827,8.958362506567976,112.0,-84.22944024711471
00-0029604,Kirk Cousins,QB,ATL,10.354000000000001,8.25054806463575,9.18888888888889,75.81336943837518,36.0,-84.336339160927
00-0039041,Elijah Higgins,TE,ARI,3.4176470588235297,3.358704254871413,13.592391304347828,45.65282250779025,55.0,-84.36095339701863
00-0040398,Brady Cook,QB,NYJ,5.692,4.263615401361759,6.43888888888889,27.452945834323774,61.0,-84.76804102576766
00-0032211,Tyler Lockett,WR,LV,3.9470588235294115,3.4449421265876037,14.037500000000001,48.35837510197349,117.0,-85.20694780764305
00-0033319,Nick Mullens,QB,JAX,-0.010000000000000009,2.9405817967138472,5.888888888888889,17.3167594695371,66.0,-85.31848304271216
00-0040259,Gage Larvadain,WR,CLE,1.1076923076923078,2.298093147452838,11.8375,27.203677632972973,151.0,-85.4288787298114
00-0038440,Zavier Scott,RB,MIN,3.563636363636364,2.91276007482571,10.752649006622518,31.3198867251044,89.0,-85.53631306020694
00-0040534,Ke'Shawn Williams,WR,CIN,0.22727272727272727,1.4515043484925585,10.7375,15.585527941938848,181.0,-86.58064514742945
00-0036876,Kylen Granson,TE,PHI,0.9166666666666666,1.4102738364199263,10.842391304347828,15.29074078074866,91.0,-88.41876858754152
00-0039816,Anthony Gould,WR,IND,0.23636363636363636,1.182786333957328,10.7375,12.700168260866809,189.0,-89.4660048285015
00-0035594,Travis Homer,RB,CHI,-0.025,0.9644929042073431,9.102649006622517,8.779440376377439,128.0,-90.14511023792394
00-0035537,Ty Johnson,RB,BUF,5.9,4.4161012987145325,14.052649006622518,62.057921528525185,59.0,-90.66157659880609
00-0036620,Dee Eskridge,WR,MIA,0.9272727272727272,1.0532603502834044,10.7375,11.309383011168055,192.0,-90.85679007820026
00-0038573,Derius Davis,WR,LAC,0.3181818181818182,1.0121867401167917,10.7375,10.86835512200405,194.0,-91.29781796736427
00-0032104,Ameer Abdullah,RB,IND,2.9153846153846152,3.1291867925741474,11.852649006622517,37.08915272854027,82.0,-91.72147983744438
00-0040078,Brashard Smith,RB,KC,3.723529411764706,4.32360734987124,14.052649006622518,60.75813653019391,61.0,-91.96136159713737
00-0035021,Ashton Dulin,WR,IND,1.6666666666666667,1.3426984297068292,11.287500000000001,15.155708525315836,183.0,-92.24365620076053
00-0038840,Brycen Tremayne,WR,CAR,2.0,2.34374997426784,12.9375,30.32226529209018,142.0,-92.77667434411026
00-0037120,Tyler Goodson,RB,IND,0.52,1.6702442834531375,10.202649006622517,17.04091617939009,109.0,-93.8380672155846
00-0039530,Brevyn Spann-Ford,TE,DAL,1.5,2.287604168479734,13.042391304347827,29.835828714769928,68.0,-94.9170938827352
00-0035602,Alex Bachman,WR,LV,0.29090909090909095,0.6137619816772112,10.7375,6.590269278259056,206.0,-95.57590381110926
00-0039299,George Holani,RB,SEA,2.08,1.4650679651413148,10.202649006622517,14.947574219183506,116.0,-95.93140917579119
00-0038102,Kenny Pickett,QB,LV,1.2866666666666664,3.6463256792735406,6.98888888888889,25.483765025145082,63.0,-96.32296618278848
00-0039875,Ray Davis,RB,BUF,3.770588235294117,3.954589133940581,14.052649006622518,55.57245306467031,64.0,-97.14704506266095
00-0040075,LaJohntay Wester,WR,BAL,0.0,1.6322365235142795,12.387500000000001,20.21932993503314,166.0,-97.64641806445928
00-0031687,Raheem Mostert,RB,LV,2.45,2.1346526469372606,11.302649006622516,24.127229619389553,94.0,-98.70618655625844
00-0038359,Xavier Smith,WR,LA,3.01875,2.1819050694212727,13.4875,29.428444623819416,144.0,-98.90368664908908
00-0033572,Jamal Agnew,WR,ATL,0.0,0.3018716303068923,10.7375,3.241346630420256,213.0,-98.92482645894805
00-0038738,Hunter Luepke,RB,DAL,2.642857142857143,2.853283173833417,12.402649006622518,35.38826972155777,84.0,-99.39957923476355
00-0040208,Tahj Brooks,RB,CIN,0.5333333333333333,2.059237307647519,11.302649006622516,23.274836509682256,95.0,-99.55857966596572
00-0033955,Jeremy McNichols,RB,WAS,4.54375,3.4705048619350314,13.502649006622518,46.86100902648567,73.0,-99.88127271050894
00-0035645,Gunner Olszewski,WR,NYG,2.23875,2.109244719201585,13.4875,28.44843815023138,147.0,-99.88369312267712
00-0037617,Hassan Haskins,RB,LAC,0.9090909090909091,1.565705548397284,10.752649006622518,16.83548220963742,111.0,-100.02071757567393
00-0038576,Charlie Jones,WR,CIN,0.42857142857142855,1.431865111655951,12.387500000000001,17.737229070638097,176.0,-100.12851892885433
00-0036842,Kene Nwangwu,RB,NYJ,1.09,1.0473348960415687,10.202649006622517,10.685590336699608,125.0,-100.19339305827508
00-0040238,LeQuint Allen Jr.,RB,JAX,1.55,3.4456589329103653,13.502649006622518,46.52552316762215,74.0,-100.21675856937246
00-0037085,Tyler Badie,RB,DEN,2.2125000000000004,3.368811925675912,13.502649006622518,45.48788500172594,76.0,-101.25439673526867
00-0034959,Andrew Beck,RB,NYJ,2.090909090909091,1.3449078965546737,10.752649006622518,14.461322557887392,117.0,-102.39487722742396
00-0038519,Nikko Remigio,WR,KC,0.3,1.2102999565618417,12.387500000000001,14.992590711909816,184.0,-102.8731572875826
00-0040704,Dillon Gabriel,QB,CLE,7.008,6.072324805409348,9.18888888888889,55.79791793415035,42.0,-104.35179066515181
00-0038896,Jacob Saylors,RB,DET,0.1,1.119246206038357,10.752649006622518,12.03486160552436,122.0,-104.82133817978699
00-0040644,Trevor Etienne,RB,CAR,0.8058823529411765,3.1815504026035533,14.052649006622518,44.709211104666295,77.0,-108.01028702266497
00-0039589,Kameron Johnson,WR,TB,1.0411764705882351,1.7013713868239866,14.037500000000001,23.883000842541716,159.0,-109.68232206707484
00-0038090,Skyy Moore,WR,SF,0.8705882352941177,1.5937788077876265,14.037500000000001,22.37267001431881,163.0,-111.19265289529774
00-0039746,Will Shipley,RB,PHI,1.3928571428571428,1.8190746864754863,12.402649006622518,22.561344853187357,97.0,-112.22650410313395
00-0033854,Dare Ogunbowale,RB,HOU,1.7214285714285715,1.7501445767726935,12.402649006622518,21.706428896555636,99.0,-113.08142005976566
00-0040506,Myles Price,WR,MIN,0.0,1.0011316657232545,13.4875,13.502763341442396,187.0,-114.8293679314661
00-0038685,Chris Brooks,RB,GB,1.9235294117647062,2.645280722744984,14.052649006622518,37.17320152071999,81.0,-115.54629660661128
00-0036727,Adam Prentice,RB,DEN,1.2076923076923078,1.0791982689544113,11.852649006622517,12.791358290471242,120.0,-116.01927427551341
00-0040494,Max Brosmer,QB,MIN,0.602857142857143,1.834063643911116,7.53888888888889,13.826802026596582,69.0,-117.56567352917914
00-0036862,Ben Skowronek,WR,PIT,1.05625,0.7949231178865561,13.4875,10.721525552494926,195.0,-117.61060572041357
00-0039796,Rasheen Ali,RB,BAL,1.6133333333333335,1.425804141109713,12.952649006622517,18.467940591982995,107.0,-122.29712475467495
00-0036331,Devin Duvernay,WR,CHI,0.27058823529411763,0.7500134095860707,14.037500000000001,10.528313237064468,196.0,-123.03700967255207
00-0037594,Julius Chestnut,RB,TEN,0.25,1.2501181096295837,13.502649006622518,16.87990605115072,110.0,-129.8623756858439
00-0039407,Dylan Laube,RB,LV,0.33529411764705885,0.8078375001144372,14.052649006622518,11.352256843495566,123.0,-141.3672412838357
